x:,y,ridge_diff,ridge_diff_velocity_corrected
668515.8405897501,-1454615.6460571038,6.592527706059271,3.7200028368529203
664362.0953721411,-1460204.2785211378,2.0740536603332504,3.3833441635441375
672841.8976561774,-1461733.7909730908,1.2592468652023356,3.202888451037955
668435.2797610699,-1452472.8406286032,4.444400700714117,5.0527400263052575
663497.0141668589,-1438176.2637838249,1.6296135902618416,1.4920435007696473
659118.5048623013,-1446124.9898380004,4.370327355702217,3.3204223495940557
669868.3818932222,-1443849.5419539588,3.0370071454879795,2.985690880099865
659487.9028372755,-1447836.5095384996,15.999842522570816,19.584553962517784
668105.1202175692,-1463881.3844917782,29.18489793468936,31.547670570370787
669607.9194134566,-1454297.7699318202,1.3333202102142323,3.349174695446467
668803.5780283178,-1461662.5732752164,1.9259069703094518,2.0496010972484378
668843.2731353224,-1439083.0389153427,0.29629338004760775,0.49238168496134915
669319.2772933906,-1446112.9138066773,1.9259069703094518,3.1220633992643396
673225.8349257858,-1462792.6880111555,4.740694080761726,6.635128501528088
663837.025611158,-1462356.8755994234,1.2592468652023316,1.1464082964981706
660909.8991511205,-1455976.0728301227,0.888880140142823,0.5405535509507136
663961.8168641111,-1458226.411943141,9.185094781475843,9.450079462568207
657556.0492042326,-1442306.8366332864,0.7407334501190178,0.6872874907078719
663558.660168665,-1444240.8676180388,0.0740733450119041,0.1077732092901521
669295.721560742,-1462479.760828711,10.222121611642466,9.01750774927515
660616.3909221899,-1444775.2908249316,24.740497233975248,22.94244345025058
660457.9294300025,-1449843.8587591252,1.1111001751785317,1.7704110640403563
664170.6265040594,-1446045.9903724832,3.999960630642703,5.213474073684272
658894.5514036792,-1440981.3520454615,0.5925867600952159,1.1979347230894009
670071.1107788745,-1444193.340017967,3.259227180523683,3.9583706785139157
660151.3823352727,-1446736.716617419,4.592547390737916,3.8713837381347203
667025.357537616,-1440673.9890700718,1.8518336252975496,2.011418027939858
659109.4788064399,-1451926.9846716248,1.3333202102142359,1.674518517692091
662606.6611160124,-1443286.128345396,4.814767425773626,4.542834518500107
660976.0598851776,-1446494.1382838762,2.8147871104522757,2.14800104148317
663364.7833569733,-1453235.0962475864,6.740674396083073,5.822699560737772
665358.701886381,-1451927.9290160793,7.851774571261601,7.867556283544593
664902.562104644,-1439889.9282276994,7.4073345011901885,8.481716492326044
671717.98630894,-1448776.116683127,3.111080490499881,3.1355823559295075
662370.4480884699,-1465734.2334143738,0.29629338004760974,2.728346625349211
661959.8855257881,-1440484.5247788983,5.703647565916449,5.7743496115774136
661269.5272086265,-1452594.6137664502,1.3333202102142336,1.134751835991407
666968.2789071355,-1444710.7108925548,1.037026830166624,1.3073924172167546
666407.4665911009,-1437465.586372767,5.407354185868841,5.291128665431079
661849.8368366727,-1450364.0295316605,1.9259069703094496,2.206493459093918
665744.3251920952,-1448814.0507566968,1.999980315321352,0.3135501840585331
671041.9499234721,-1451146.0638913198,5.111060805821234,4.046778023992166
671591.4324496803,-1461054.190296691,6.444381016035464,6.952554923437907
668371.1170304958,-1454516.368121218,1.4814669002380398,1.999853239714291
670379.7746798445,-1464571.3660795512,4.074033975654603,5.210464264991204
672655.4627346068,-1460629.56787036,0.9629534851547259,2.060492112673497
671278.1238203517,-1451977.402195514,1.18517352019043,0.9820890774887037
661235.4419952477,-1442749.9405430234,5.185134150833136,4.95655281986634
665017.2976768233,-1450966.9789418068,9.185094781475836,9.497487368523808
665664.9624533816,-1453900.9675385177,1.4073935552261334,1.3062412658396256
661012.8265878768,-1451898.3495356925,30.8145115249512,30.399629095397177
662080.1827892462,-1451501.1589091648,0.3703667250595055,0.05707877556617458
666617.211466423,-1459822.089594975,6.296234326011664,6.964572684568621
668548.6331790641,-1448256.538361712,3.0370071454879817,3.1256732028237497
661595.2145164628,-1454597.8363461092,1.9999803153213476,0.7680819942155033
672702.7675278387,-1454558.3168765376,4.074033975654608,3.5238958505972784
668525.4941852009,-1437259.039453388,0.3703667250595082,1.7893082813693475
664972.4000194818,-1462365.3591852586,1.8518336252975516,0.8692085428937659
671471.0889760655,-1464241.6546444166,8.740654711404426,10.391422877670665
665009.0600603676,-1452112.075449497,11.777661856892406,11.604913787750851
659323.5440257008,-1447110.7361470577,10.296194956654368,9.642552606265625
662551.3185354423,-1460508.3625430039,1.3333202102142323,4.191564904490297
667823.5755177732,-1460758.8303126046,5.925867600952152,5.742146677985431
668206.7170757637,-1440095.5934603978,0.5185134150833117,0.259988156128939
665734.9040800657,-1444966.8139953152,1.9259069703094496,1.9856556377896237
657627.992849723,-1445072.9766129265,4.888840770785529,4.217684008658439
669340.488614338,-1452553.3808623939,10.296194956654368,9.5997592697445
658290.0023045759,-1442098.388999613,1.5555402452499396,1.3386816661057366
672296.8058480286,-1459043.1382459314,1.18517352019043,0.9110366014643398
666978.4436351026,-1455837.9204949315,12.222101926963818,11.37918236642685
657377.6696422704,-1443125.907106921,29.33304462471316,26.341969325911247
672603.1715495945,-1459868.5986405686,3.703667250595096,2.5166174233573866
667307.5488627292,-1453830.6577248166,2.5184937304046615,2.27781104049233
665439.2143067623,-1442111.378537951,0.07407334501190199,0.13597298354530962
670716.3525280552,-1443110.111602164,24.59235054395144,25.740401850337875
662479.739202176,-1438231.2219497429,0.07407334501190022,0.8153602536317317
668322.5625474728,-1451611.4846509923,1.1851735201904274,1.7827855787212483
665176.7425136841,-1440984.3113895939,0.22222003503570598,0.3495991063448338
672612.6997149959,-1461016.4003812026,1.1851735201904283,2.3996915591937977
660511.76986076,-1442925.594801812,14.073935552261364,13.93815880904057
663504.0890210194,-1449214.179622441,7.111041121142585,6.371209880973346
658932.1422198873,-1445781.9805000727,6.296234326011667,5.1878800079348775
663064.2026643539,-1440143.819999184,5.259207495845035,5.36873718315619
669842.242880302,-1443108.8171983361,30.51821814490359,26.846370676428243
663840.0815371801,-1437984.5816516222,0.8148067951309237,0.15409176773228417
659037.442434633,-1441084.1827818954,0.22222003503570598,0.5676814398297143
660101.7484897712,-1440671.6703087788,8.51843467636872,6.836178204581253
666426.4803942394,-1465200.4709845174,0.44444007007141373,0.335648613166712
658940.9794690285,-1439077.6123793153,1.851833625297548,4.032780416042678
669619.6394319492,-1449106.5669670394,1.7777602802856443,2.065745555573847
672661.3146992109,-1453565.3979469016,10.962855061761486,11.159413423513598
665419.2096058703,-1465212.2584255286,11.999881891928112,11.675938284133116
664997.6482127092,-1456314.8744492335,8.592508021380624,9.807679603570193
660004.0171373901,-1451937.4449456353,4.074033975654605,3.2257712755999854
669627.4871595494,-1453402.6795967766,4.074033975654606,4.864423962606811
659797.9237279958,-1438836.4336465895,1.5555402452499418,2.5040123548812465
671246.8297136261,-1463023.8775239172,8.592508021380622,10.5241340110318
661143.471751239,-1463877.9008050645,3.703667250595097,4.439484594394206
664330.5443175558,-1447924.1085433718,1.9259069703094538,2.5988433291897843
668906.1190720808,-1450603.1609949917,2.740713765440371,1.8914030002412483
669829.9862139262,-1450217.3385744956,0.9629534851547223,0.651315320518143
661371.5479482125,-1448458.8617408515,0.9629534851547215,3.297071255129101
670897.0846027061,-1449769.9376010594,8.51843467636872,8.382734268774387
669158.5093362185,-1452203.9170320123,6.222160980999759,5.616237143341482
669215.641424469,-1446260.9128840147,3.185153835511784,4.216458764377026
665485.5298715374,-1441721.7780992133,23.629397058796716,22.489845971468426
673806.4569816863,-1460707.8698920324,0.7407334501190181,1.1221769507825794
670779.2847451414,-1455121.3768609818,4.148107320666507,6.828854728245869
671776.0231146751,-1449634.3040219103,0.8888801401428221,0.583311849392814
670538.61168623,-1442763.1185153187,0.8148067951309218,0.9841183549181953
662033.2729465447,-1446642.0560159404,10.88878171674958,10.724461432277646
669275.7098100927,-1459269.6753826626,4.148107320666507,4.273895932854472
671637.0391452753,-1454848.815952124,1.5555402452499396,0.7685075779551318
660805.5682891302,-1449653.7033384382,2.5925670754165635,3.1244365520317174
671546.5016317868,-1447920.757081204,5.111060805821233,5.3658863627326365
668818.195828086,-1455582.11582529,3.555520560571291,3.7375034301886947
672143.0031251261,-1450984.1423203256,11.999881891928117,11.32141422409926
662014.1883245234,-1445490.4315768976,0.44444007007141195,0.41689402031583267
673510.0386186887,-1458733.25377339,3.8518139406189036,1.6706086737755435
662225.9543868643,-1451605.5422730707,3.2592271805236868,3.91846487947162
664961.524624004,-1463252.433518501,3.111080490499887,3.04308596777072
666380.5662611253,-1453666.821887068,2.5184937304046615,2.768404934290059
663353.406377591,-1452233.4979979037,11.851735201904308,13.357592301592218
670621.2179578871,-1449066.7489083824,8.296214641333012,7.62107500824334
661011.2166478507,-1445468.5643301443,5.111060805821233,4.450440938456918
661494.1293102255,-1454740.8877431557,0.5185134150833095,1.9961941463754478
666215.1057362054,-1463958.8128841731,1.2592468652023303,0.31214295518125823
663578.9120967354,-1454374.3346379749,6.814747741094976,5.949486137451257
670365.2543109851,-1458960.4685511338,2.2962736953689573,2.311670775962432
665846.5181848982,-1462241.1187985865,2.592567075416568,3.131681102428841
665706.2685148055,-1437856.9134325879,3.703667250595098,4.231688554147006
664072.6532707334,-1452033.0989967114,1.6296135902618434,1.842249848498148
663791.2617620018,-1451198.0931337688,6.666601051071172,6.472063078578495
658020.1930015162,-1441111.354399788,27.925651069487024,32.582197509165766
665826.7645887792,-1455133.4507247226,6.962894431118781,7.797576401302258
658489.3703559306,-1448098.7619318794,1.5555402452499418,1.7737708788735818
660709.1818222483,-1448918.7470401274,0.8888801401428195,0.4213011348458071
658122.8708851528,-1447048.3453942027,3.333300525535588,2.9343920996696506
660157.4991321089,-1457821.5632474246,5.407354185868842,7.593649163889083
666646.0086770209,-1454747.116615851,3.3333005255355874,2.4246911485902447
658188.7965831743,-1442242.757179615,0.8148067951309197,0.6085939596127332
668943.5936934456,-1438934.0966749378,23.1108836437134,22.19986934760219
661765.5247056124,-1455848.6455290173,7.777701226249699,10.957105479937029
673091.4504361341,-1462689.1260607187,0.2222200350357042,1.2037246421851897
672418.5272970544,-1463846.0960197765,5.62957422090455,8.843233726437735
662555.1639464683,-1453556.1266714227,0.7407334501190198,0.8249628167430902
666244.5888118807,-1452037.5050037117,2.2962736953689618,2.9016779472539183
666793.359405753,-1437513.5857473263,1.407393555226136,1.5849092849050876
659315.0153114639,-1448879.5847557052,4.222180665678409,3.394949106969784
662629.9991503186,-1455601.4123625946,1.2592468652023339,3.5905272977929066
662054.153852764,-1456671.182466107,3.259227180523686,1.0717012196651243
661046.0216709846,-1440349.3986875496,7.185114466154484,6.622475936647673
669187.3867728035,-1462618.834880638,2.444420385392766,2.133822360190729
667648.102331868,-1454645.888428927,6.814747741094978,5.297779612240558
669943.6564988852,-1438921.0110406438,2.1481270053451555,2.2610467845929847
670005.7338522912,-1463224.7066355208,2.74071376544037,3.8661496902098236
668470.1687777501,-1454369.8690571035,6.074014290975962,3.3040026126539317
661362.0663831746,-1441693.911543733,3.703667250595095,3.7180724659820372
665791.6624611749,-1443914.5773184616,0.5925867600952177,1.2229662361189817
666899.0049817308,-1443725.9221160822,2.2222003503570598,1.4888010428621645
672885.6012241773,-1461979.5895980909,3.407373870547488,0.9463125466722708
669653.3063522603,-1461528.9984995285,15.110962382427994,14.747654811773408
663886.6780582556,-1461458.1916674343,2.814787110452274,0.2303357653445648
666760.9750937126,-1459928.6001235538,3.925887285630799,4.842790327588766
667432.8493125557,-1460700.3212177346,2.8147871104522757,3.0317750314895218
662319.3377249523,-1447474.4175281362,2.0740536603332522,1.662460080354382
665708.8182224939,-1442813.2234738055,27.55528434442752,30.477924861161064
669922.8758262222,-1444093.5200789587,1.1851735201904319,1.0324247274673484
659539.4227722755,-1448081.0871634996,16.81464931770174,20.39067284513061
663525.1834593152,-1464549.710146246,5.40735418586884,9.976834113443697
671202.5749407061,-1446055.4871104707,5.407354185868841,5.496726025127312
659245.5524202494,-1452029.6239054832,0.44444007007141373,3.182911755496905
659607.6945142099,-1454878.0315833094,10.518414991690076,11.573005410492197
668755.8829023177,-1461417.1772752167,0.44444007007141195,0.673189294880201
661191.0071585106,-1464998.732704313,6.51845436104737,6.203332154764743
667879.8992504904,-1461519.1034874804,2.8888604554641715,3.091582996453944
661759.2361305656,-1438501.3951764798,1.1851735201904292,1.242974219828187
668889.4535693224,-1439328.7001653428,0.7407334501190199,0.6689963123523529
663465.5535098184,-1442992.4738349896,1.5555402452499418,1.3768142296771932
669358.8183023906,-1446359.7313066772,0.14814669002380842,1.0127523549909583
665049.9027535096,-1439992.5508770356,3.629593905583197,3.2779212179668287
663885.131234158,-1462602.1895994234,4.518474045726017,5.66574943032203
659428.3898907448,-1443939.177778068,25.85159740915377,26.541112306042542
660503.0280219894,-1443541.7159837694,0.9629534851547201,1.7938369134629415
657068.7411275794,-1441495.3222327083,5.333280840856942,4.468890542348442
660321.7955296081,-1442575.5477817052,7.036967776130684,5.203621697837825
669548.9307302993,-1447218.8692975435,2.5184937304046637,1.7725770763067432
664663.4400390844,-1443929.6266277959,1.1851735201904297,1.1627647243482528
670890.4448857172,-1451045.0379561065,5.703647565916448,4.494793490179095
669450.2381755156,-1443055.9639443278,25.184937304046652,30.058033022732765
671379.7321820816,-1451832.0438073757,2.4444203853927604,0.4114633559129963
670000.277942145,-1461329.0371492463,1.851833625297548,1.852655588624886
663201.284393385,-1442275.9194180814,3.4814472155593936,3.2033539704522305
666054.3755453133,-1462981.691476653,4.666620735749822,4.641774694043519
665566.970159614,-1437757.1728111021,6.666601051071172,7.3734202034198955
664508.638050908,-1455011.8393042805,4.592547390737922,2.998912459231457
666522.2728089209,-1465058.2743146257,4.814767425773627,4.392235459560293
671417.4018750454,-1452725.4384722048,2.6666404204284664,2.8881002718212017
668783.5947065585,-1449482.6261975532,3.1851538355117794,3.0614617152171535
665074.7480292888,-1445894.7742575244,0.14814669002380398,0.014658784107251854
660195.6297682726,-1446982.7597424188,3.777740595606999,2.9584965358386484
666979.7494716161,-1440428.188945072,4.296254010690315,4.255470752294055
658596.8173894382,-1449217.4585304577,1.7036869352737432,1.5293760354801913
670531.9784390966,-1460338.6646494125,12.814688687059034,12.631555364138453
661818.808366664,-1444514.1447142595,1.6296135902618403,1.5656029290097377
659824.3341506884,-1444003.9689703074,25.703450719129968,29.526984140741735
664546.8343711831,-1442066.1013997234,11.777661856892404,11.923599120200045
661015.0408831777,-1446741.0785338762,1.9999803153213538,1.077417679391913
660401.5412028532,-1458927.2417156887,7.185114466154487,7.583610809067268
673609.5673242854,-1459842.2144882781,1.9999803153213502,3.12744263602327
669887.6002605525,-1457271.3324297215,4.518474045726019,4.163827073121721
661922.3966587881,-1440237.540278898,5.333280840856941,5.19327532994461
661851.0251711486,-1462524.8090362386,7.481407846202094,10.937836984467348
656762.6232333884,-1439532.881777015,5.1851341508331315,4.475932776664628
661305.3137736266,-1452842.03364145,1.3333202102142336,1.1314907035364017
660872.8134580099,-1450551.8686227752,1.7777602802856478,1.9439387582757799
658416.806068476,-1443959.9426036004,24.96271726901095,31.32160204047526
666921.5442231356,-1444465.1395175548,0.14814669002380376,0.10505655564682437
661897.7772726729,-1450609.3817816605,1.4814669002380376,1.6566223687373358
665783.6370080952,-1449060.939256697,0.8888801401428221,2.1924547897035307
672707.1507346069,-1460874.14299536,3.185153835511782,2.0734191237325614
663399.7235277398,-1449359.8699599032,4.66662073574982,3.7670573995852106
661183.9938762477,-1442505.3040430234,2.370347040380862,2.245210032013114
672000.6993540123,-1457073.689408159,1.9999803153213556,1.72865364222445
662295.3761281373,-1463729.1688788407,4.740694080761722,8.09732042731468
665076.8180508234,-1451209.7345668068,4.962914115797425,4.872721602651222
666155.9013590111,-1446782.7307352037,3.333300525535585,3.6691194442310002
665384.4469493916,-1460185.0172288409,0.37036672505950996,0.6657925968094798
671993.6881273289,-1462024.9874575925,6.518454361047368,9.25099963440423
662125.2654142461,-1451747.054159165,2.2222003503570553,1.8502785694660426
666655.269095423,-1460069.1550949751,0.22222003503570775,0.7637491736351154
662167.9949469536,-1464629.6626062165,0.44444007007141195,2.608405359754249
661638.8227094628,-1454843.9973461092,0.5185134150833122,1.2368331464634963
669525.3858523648,-1453546.6272394557,2.5925670754165644,1.6776476106442662
671432.0175350655,-1463994.7680194166,3.2592271805236823,5.115040234590261
664927.5318864819,-1462119.4545602587,0.7407334501190164,1.6019863599841973
661043.4606559111,-1464901.3660016698,3.555520560571292,3.269120495049478
662592.4333534422,-1460754.942668004,1.5555402452499418,0.6471403079753131
661037.9279340769,-1464019.7731327056,7.259187811166391,7.481517598956595
668252.3004537639,-1440341.4013353977,1.1851735201904319,0.927997151027667
665696.8867680656,-1444719.7569953152,1.4814669002380376,1.7609856692168657
659513.2220008151,-1456049.4658186901,0.37036672505950996,1.0455289675209833
661224.0085645568,-1440700.1102108953,7.481407846202092,6.985443400277477
669301.4457473379,-1452306.4593623942,7.259187811166393,6.424080195458468
662976.4289821876,-1455410.3949593327,0.07407334501190022,2.5485012876169613
658814.7799050165,-1444026.6814346516,0.22222003503570598,0.21122677190964684
662113.0410129391,-1458439.5670375102,4.2221806656784135,2.6585494906056812
665385.8899287623,-1441867.143037951,0.8148067951309197,0.6887698286561319
670679.4885290554,-1442862.877977164,27.407137654403716,28.375000918778042
659028.1245840222,-1445016.1696906267,28.592311174594148,25.515394662104807
668662.6528292722,-1442314.4295667852,2.7407137654403715,3.2056890330551893
668282.9499944728,-1451364.6556509922,1.4814669002380354,2.10525653923541
659846.9654351654,-1451088.9658555142,0.6666601051071179,0.5905000988877074
662382.2738375715,-1446461.258137438,1.1111001751785277,1.3894013970880201
658977.2234688874,-1446027.8670000727,6.370307671023569,5.323604888049479
661920.564577465,-1445637.745131244,0.6666601051071179,0.6736078502155376
663107.8116043541,-1440389.9767491838,9.25916812648774,9.421318947155607
664153.249286297,-1439827.033693444,2.9629338004760775,2.8389622237530494
663891.4055951801,-1438229.2500266223,1.2592468652023316,1.7230429431468468
660141.3351737711,-1440918.4998087788,10.073974921618662,8.730632917377264
670420.6127175465,-1448088.4704330624,4.370327355702214,4.589016625322751
666376.9575222394,-1464955.6111095175,3.629593905583196,2.751587314883932
669658.6840589494,-1449353.4988420396,1.8518336252975436,1.9607512203419537
670721.7314577624,-1448922.9405301,5.777720910928348,5.2110362929072895
666876.38438661,-1450714.170204462,27.85157772447512,30.885132224366828
665359.3710088411,-1443003.058302424,0.07407334501190205,0.0437029144793577
666465.9307004975,-1442805.9596376754,2.592567075416563,2.5889309065888546
663478.0784651139,-1454514.8356514573,0.44444007007141373,0.33108305270994265
665385.5111008703,-1464964.7878005286,10.148048266630564,10.267566127596018
664950.4049017092,-1456069.4135742337,4.814767425773624,6.50243538624599
662696.5373884169,-1444408.0080620064,2.3703470403808655,2.2316770179812604
669583.3629655493,-1453156.6232217767,3.3333005255355843,4.50931032624317
658849.814139011,-1451215.3187437914,0.5925867600952159,0.6731041004262917
668969.788208581,-1446306.207768034,10.888781716749582,11.818012790398626
664388.1088575559,-1448167.3350433717,7.259187811166393,8.398716074992539
664260.5865280479,-1464334.8394364072,1.7777602802856478,3.6736807077597433
661540.4130301455,-1460594.4566250239,1.9999803153213538,2.955571610887036
668855.0938810807,-1450358.4522449917,2.592567075416567,2.034580313857976
660717.3446958722,-1444629.5125346805,0.5185134150833118,0.9189764796228953
663361.4272411244,-1443135.7352266922,0.6666601051071179,0.48455519760471244
669151.6122062348,-1447156.7910667567,4.666620735749819,4.002321037368235
659621.3682204016,-1442911.3965484453,7.40733450119019,7.262081749139557
673762.5785466863,-1460461.7782670325,7.185114466154486,8.05641199824561
671232.4801908738,-1450862.6792351045,4.66662073574982,3.6834380018389314
661987.2540815447,-1446396.3842659402,13.333202102142346,13.1716762140781
664027.9499994973,-1445943.2201125766,2.666640420428472,3.8841900725046683
670085.5059491476,-1439029.5384253084,3.851813940618899,3.9912132080375926
671677.2595882753,-1455095.555077124,21.55534339846346,26.02495676194251
660476.2016440905,-1454644.7266812804,10.81470837173768,12.235265926008255
673702.8845332958,-1461750.0882929047,4.296254010690314,0.06280461620328559
660850.3452921303,-1449899.632838438,2.592567075416567,2.5408445116208536
671500.7317597868,-1447674.9894562038,2.888860455464176,3.1253663995690872
668773.679751086,-1455336.1332002901,3.3333005255355874,3.6036690820090387
672107.681562126,-1450736.6669453257,12.518395307011426,11.63179853893281
661965.3314485234,-1445245.3063268976,23.1108836437134,22.736737518578007
673482.0879406887,-1458484.90589839,1.4814669002380345,4.268817204301071
664919.5924420041,-1463005.984768501,5.555500875892648,5.466834760686945
666418.9593231254,-1453913.840262068,1.703686935273744,1.8534054543299527
661051.7767708506,-1445715.2387051443,5.333280840856942,4.728218716234698
663534.1070367354,-1454128.386137975,6.8888210861068755,5.92779658614906
665811.2733118982,-1461993.6669235863,4.296254010690312,4.865476747724051
665209.7882068978,-1451825.1060628104,0.7407334501190199,0.1698429624088167
671561.8578744252,-1452822.915864797,7.7036278812378,8.20725231539402
670442.3421729859,-1454046.7373619727,4.296254010690308,8.663257463339443
661396.3411250093,-1465988.7543982572,4.962914115797428,5.76224322229953
662109.5751069328,-1440580.3009319617,23.55532371378481,24.55806427672244
672503.7784593953,-1458748.8681458368,3.481447215559391,4.508284387191834
661396.4777253568,-1443585.8150972053,2.1481270053451578,1.975658204517309
666693.7706780208,-1454992.4951158508,3.5555205605712956,2.7192986547905686
659959.0740002431,-1457111.821017047,3.333300525535588,1.0733107953503165
661662.1754796156,-1438644.3294361308,1.9999803153213511,1.869592853274452
666192.9945571014,-1445752.1555141439,2.8147871104522735,3.0073787711851683
673114.5646291341,-1462938.0459357186,5.925867600952152,8.654139727846555
673002.8338146502,-1455907.1333746663,0.9629534851547215,1.144002080701205
672462.9677340544,-1464092.0245197765,7.1110411211425895,10.484137715111967
662257.3887071522,-1458539.7551999418,12.518395307011424,15.176300453106233
669550.5731398801,-1442911.9750459548,28.14787110452273,33.06857966977325
668091.5311010161,-1445673.7202297729,0.5185134150833113,0.8230277185501054
663644.3727669147,-1448314.5935381048,1.2592468652023339,1.2228482615579481
661312.9887001746,-1441448.782918733,31.70339166509402,31.80994314495627
665747.8117121749,-1443668.4654434617,1.9259069703094496,1.447129226856028
666854.7437987308,-1443479.909866082,1.4814669002380398,0.8525803600323671
669611.1262832603,-1461282.6142495286,12.81468868705903,12.36323332817999
659460.8599019318,-1454136.0133371248,3.11108049049988,3.8691353103820525
665223.5619932737,-1457172.5660838597,9.407314816511546,7.638009605053121
662285.7123479522,-1447226.699653136,0.07407334501190199,0.4547034713344109
659904.2725274211,-1456105.5149362944,1.4073935552261352,2.7445630896232744
671162.2665677061,-1445808.8503604706,1.3333202102142336,1.3962871233850929
661140.6855955106,-1464753.8674543127,1.629613590261842,0.910565407709651
667927.7781894904,-1461764.4731124802,2.2962736953689618,2.1672705238105294
664399.9531285577,-1441960.9667092536,3.2592271805236854,3.298963076427765
661715.1885715658,-1438255.43717648,2.370347040380862,2.1892393993903916
663502.6085748184,-1443239.6908349895,0.37036672505950996,0.1545418511606398
664310.5934904605,-1465329.5230749212,3.333300525535585,2.1269032447922234
657018.6327575792,-1441250.4006077084,5.036987460809334,4.052769617679551
660367.6860216082,-1442821.2770317052,9.036948091452032,7.53771308724543
660560.3766740338,-1453742.7298209467,2.814787110452274,3.609550565299374
669562.7054622774,-1459476.5311365565,5.1110608058212295,5.020536416754483
664704.8187920843,-1444176.1755027957,1.6296135902618416,1.6273964231681748
670620.5398024943,-1443876.6865936017,25.777524064141875,27.026427519456682
661248.8254130866,-1458578.2958983812,0.5185134150833117,0.32387667445907975
660207.9560466707,-1440527.9919205774,6.666601051071171,4.666395838417187
669499.1066765157,-1443301.1266943277,29.555264659748865,33.41582940239823
672175.6952257268,-1452744.7072169646,0.9629534851547294,1.666386741913099
671421.8381100816,-1452078.4644323757,0.9629534851547277,2.6009702789284646
670327.0350791044,-1441020.42370305,1.2592468652023316,1.6628810224069004
661294.4425309587,-1447470.84657561,2.370347040380858,3.9251897116086107
666293.6775519815,-1446887.2870463186,4.7406940807617275,5.370220284442597
664359.3955445824,-1452242.4944911255,8.814728056416328,8.016856201356166
658299.1705097392,-1448390.5530247476,1.7777602802856451,1.6196924546130198
666484.0469359211,-1464811.4041896258,6.148087635987861,5.122871591488602
671462.1173230454,-1452971.4018472047,8.51843467636872,8.451704545454545
668737.5751435584,-1449236.9659475535,2.8147871104522695,2.66397835561426
658551.8770114382,-1448971.5545304576,1.7777602802856451,1.1881224499173175
661875.3504958497,-1461628.3373800195,1.2592468652023356,2.226821196034729
670489.9030730966,-1460092.2401494123,5.925867600952155,6.090484093936034
662556.2969002994,-1464681.8543058427,3.4073738705474916,5.992364442042767
661784.7969916641,-1444266.4735892594,0.3703667250595082,0.28584148220971795
661306.0471776661,-1457796.7822999742,2.222200350357057,0.229927783355528
670629.3635621332,-1455019.6770592341,15.185035727439896,18.64452786016565
664739.865987805,-1448866.4458705615,2.29627369536896,3.868416045500645
662268.1067472015,-1453352.8434906094,4.296254010690313,4.0210586195708204
671920.4000486335,-1449726.517331276,1.4073935552261334,0.6696755878073706
671755.3480744623,-1459890.6149383297,12.22210192696382,10.288042947032748
669989.3780512995,-1451078.4659493566,0.5925867600952159,1.8476338527297695
671149.3867030445,-1456078.229306273,1.9999803153213558,2.56699728899638
671444.2423523238,-1448064.8722776012,3.3333005255355856,3.7348918399003095
661909.6761261486,-1462767.8165362386,3.999960630642704,6.602744505283555
665937.7460090755,-1449798.3158437898,1.9999803153213556,1.9120404969584435
656719.8864823885,-1439286.762902015,3.259227180523684,2.4801373017907036
672025.3881425646,-1454900.4582568067,23.036810298701496,27.939338085251855
657767.097627481,-1438885.1916511978,7.629554536225898,7.160470662596604
667943.805319489,-1445570.0554657811,0.0,0.10092222341229773
667501.7850781786,-1437168.4718804476,0.2222200350357042,1.0148828255755298
665680.5952222592,-1455033.0237130425,2.962933800476078,0.6170148230093524
663859.2271274591,-1450313.946911303,0.5185134150833104,0.28782686967700144
666162.80451421,-1450904.8685659142,7.259187811166386,7.378295631484706
665336.1378263916,-1459939.7324788407,1.5555402452499418,1.7043090096309914
672040.4964493288,-1462270.5313325925,2.2222003503570527,4.92903072107336
667939.9901400383,-1444407.1279239417,0.9629534851547217,1.200075142475595
665611.1504226602,-1461156.0496792807,2.962933800476076,3.9340848927067498
671260.5762247827,-1458961.2877882584,2.592567075416569,3.0520993553000837
666605.9807616889,-1442908.3513898244,2.1481270053451538,1.9755075303904506
662208.9746349537,-1464876.2764812163,0.9629534851547241,0.8540080305109647
662277.0685000092,-1457524.1030013761,0.5925867600952177,1.1612611586301584
661001.8332420769,-1463772.3948827055,4.888840770785529,5.100600842743747
665841.7691066358,-1456916.5165066388,11.259148441809092,13.24025651240164
664117.5912949417,-1464229.302476781,2.0740536603332522,0.1681667026504048
671264.9052504995,-1446947.3721606373,9.777681541571052,8.730866179197534
669075.2053129452,-1463652.5792256664,2.888860455464175,2.8782253836453044
661185.960191557,-1440453.0879608952,5.4073541858688365,4.843076730517225
666954.5891694096,-1451722.159442159,1.1851735201904336,0.03096915836361358
667543.725748891,-1454790.525110664,6.96289443111878,5.3455221613830375
672859.8571868689,-1455805.014470705,2.2962736953689635,2.100469579337271
671132.1148383039,-1444939.0662909537,0.44444007007141395,0.5071431743179973
667915.6588540389,-1462639.5394263885,0.6666601051071157,0.9426474268095546
662893.4615601343,-1445372.3931323513,13.851715517225658,12.978423250619628
664958.6562210096,-1444804.4472516323,1.0370268301666257,0.790662770261465
666505.699913563,-1443664.6023125167,0.44444007007141195,0.8174421739685473
662459.1611614253,-1447570.42170919,2.4444203853927617,2.123800178182331
664198.046594297,-1440072.9806934441,3.111080490499879,3.150172780382718
664445.3895787669,-1454263.2659278826,0.29629338004760797,0.3250334630342189
664878.5342803338,-1457356.1076836921,9.62953485154725,7.799593517136385
670766.4311987625,-1449168.9062800999,3.333300525535583,2.7852280415485167
660909.2604103908,-1445614.392043083,4.37032735570221,2.8387478801202004
666423.9749424974,-1442559.5557626756,0.66666010510712,0.7429672059854453
667238.5816820972,-1441499.262282312,2.5184937304046633,2.5025989007602836
667272.373781303,-1440635.5946806413,5.85179425594025,4.343941792741508
662960.3176050674,-1462347.967086045,5.259207495845036,6.673854423392477
658862.643100471,-1451966.5605881303,3.703667250595098,0.2232130054198045
662664.428705417,-1444160.0914370066,2.5184937304046677,2.43213577860893
668504.3365830332,-1464583.503480868,5.629574220904547,4.933413383604658
660185.4570657532,-1459222.635829451,6.296234326011666,7.141007646666673
670853.7745117247,-1461168.988605355,0.7407334501190217,0.4488019227533968
664295.522839048,-1464582.3773114074,3.5555205605712885,5.680554717709356
661572.0708461455,-1460842.442625024,2.148127005345156,3.032289411163239
670106.7685992811,-1446093.7366523184,4.740694080761723,4.698057376931572
664765.5295459004,-1443783.4730593543,3.777740595607001,3.301049378734998
669883.9538808262,-1451221.9281188804,4.814767425773624,6.788468490076328
661535.6408220823,-1443684.433521085,5.111060805821231,5.46425912000426
660760.7476458722,-1444875.7105346806,0.2222200350357061,0.5913230467584959
670268.5497151475,-1446972.4911097488,0.37036672505951174,0.6180554627739552
671288.7505128738,-1451106.2232351047,8.148067951309214,7.256177399771815
664069.6115624972,-1446189.6658625766,2.814787110452278,4.054040875559268
671032.040123926,-1452021.2339052272,0.9629534851547223,3.251992768731645
670049.1077631477,-1438782.2125503086,0.22222003503570376,0.18709541954661146
660524.4979600905,-1454889.9963062804,3.777740595606999,4.7050157757451
670235.0906900894,-1453197.418524172,4.962914115797432,7.292559455414649
661832.7905332508,-1451537.1274899463,21.407196708439653,21.18234970179836
660049.2069760473,-1446878.381877129,1.7777602802856478,1.0327853440264274
662204.7418553849,-1442488.0552846421,2.8147871104522704,3.2383908900109386
662256.0816789253,-1441559.706573919,5.259207495845035,6.767897657522513
661215.4675204079,-1441597.2806471414,6.666601051071175,6.0963430276806925
663209.2705231467,-1451507.3079735253,8.666581366392524,9.21376862689105
665255.6098258978,-1452070.7180628106,0.9629534851547223,1.322601140023167
664875.5374904107,-1461367.9515528856,5.333280840856936,6.737054418552518
671607.4383844251,-1453068.7234897972,11.333221786820994,11.445277730838791
659803.2314546999,-1456251.5087324325,0.0,1.2237152793870525
670485.0243049858,-1454292.878361973,9.99990157660676,15.002688070226183
661343.4227490092,-1465744.4412732571,5.48142753088074,5.991266836434514
666981.3866665054,-1456970.7225009885,5.259207495845037,5.470353135077324
662060.7454779327,-1440335.3654319618,4.666620735749821,4.262339454423072
671303.5530836635,-1445910.7170406666,15.851695832547012,15.110876876268692
658536.7624404533,-1442058.3715483868,7.036967776130682,6.388135401190149
672542.2790143953,-1458995.8816458369,0.07407334501190199,0.30690720382022185
659917.0351832431,-1456865.3841420468,6.444381016035469,4.4397673632466415
672357.0382771697,-1459912.136136771,3.2592271805236823,1.4856703837217005
661612.3324166156,-1438399.436936131,0.2222200350357042,0.19236274013127286
669431.6045391499,-1464738.0223412532,8.59250802138062,9.126685675794956
666293.043266278,-1457841.0279797753,3.777740595607,3.2597532718304727
667553.0279179481,-1453783.5607919688,4.592547390737921,4.619147695462118
672964.2404366502,-1455660.1758746663,0.7407334501190199,0.47858231129686457
662300.7822041522,-1458785.9596999418,16.51835593765413,20.38791477152745
670233.9642483863,-1464468.3419834226,2.222200350357056,3.7320244194739622
658733.6978134639,-1444807.4158646145,28.81453120962985,36.32559252552759
663750.7421468629,-1449173.6630706629,2.444420385392765,1.6942750184767048
668562.5458331238,-1443075.5848954245,4.962914115797429,5.554902491190511
663346.5424498382,-1447454.5748634676,24.07383712886812,25.716894611015128
669597.06995188,-1443157.6066709547,1.4814669002380396,1.2691288901559648
665726.7755704327,-1459983.268654184,4.296254010690314,3.4571114384377806
668422.6446295176,-1437402.0626394965,0.07407334501190022,1.5578395592312404
668257.5125160964,-1446532.182832785,0.9629534851547259,0.6639586764908643
663010.7250876997,-1451162.778740451,5.481427530880746,4.942284016999288
659412.6287759319,-1453890.7174621248,2.3703470403808637,3.04149820820707
659248.9109171412,-1441833.1823114518,5.036987460809329,3.486663757792657
659859.8563984212,-1455859.4933112944,1.6296135902618412,2.9981048551657645
668213.8072419738,-1441233.6517868517,0.29629338004760797,0.0062046432154185815
664445.7512595578,-1442206.7282092536,4.6666207357498255,4.703769822339337
660149.8279474946,-1452669.3259737366,2.9629338004760797,1.3841930468722232
664348.6114344606,-1465576.6109499212,4.148107320666507,2.8381322940611016
670407.1089204745,-1447071.9216169077,1.8518336252975516,0.8878659314976329
669776.764563742,-1462522.907203711,3.4814472155593883,4.552268564557279
668180.9523982367,-1451512.8032607539,3.703667250595095,4.359060701082105
668310.5224113439,-1442503.0040118396,2.2222003503570575,2.815536127818806
662280.6712470769,-1446606.3178498538,1.1851735201904336,1.3772307429411166
669448.7880911918,-1448247.8620874586,5.3332808408569345,6.056237565984841
669371.905117928,-1442059.0393766877,0.66666010510712,0.8231510225789047
669522.3830982774,-1459229.8156365566,4.222180665678407,4.0543376865671625
656620.2503336878,-1439424.983569838,4.7406940807617275,3.8119215733609177
661295.7769100865,-1458823.846523381,8.962874746440132,11.255947747256362
662998.8227035645,-1446397.0358603992,3.925887285630799,3.7846327474238373
672476.1746467141,-1453976.8104928979,0.29629338004760597,0.09410838128530852
660244.1253576708,-1440775.3432955774,7.333261156178291,5.406749950638094
663806.9131769352,-1440019.6850848997,6.074014290975957,5.502636378786756
663141.5665889899,-1447109.89275849,6.666601051071174,6.479966588368159
670277.6657631045,-1440775.3492030501,2.2222003503570558,2.828345125079989
661340.9747169588,-1447716.4604506101,2.3703470403808597,3.6480344002471474
658989.3399236278,-1451314.9615401337,0.9629534851547277,1.8818111829969322
668703.6721727615,-1460666.4486929714,1.407393555226132,1.0195317839050353
669987.1458531804,-1444848.424357988,1.7036869352737436,2.0342273126167507
658747.9821540072,-1450216.508960025,4.592547390737918,5.204189567842208
663544.3129807828,-1442086.0087546709,2.8147871104522704,3.529104976262973
661402.3433957685,-1460491.5402423756,2.296273695368959,3.1060598921844376
669004.5205777411,-1450457.388314974,3.4073738705474854,2.78761126106248
665758.7750703922,-1461258.8364870823,5.333280840856936,6.702835874029837
658244.0738867393,-1448146.7171497475,0.37036672505950996,0.3951267496947741
660461.4194452479,-1448951.9654350085,1.6296135902618394,0.0010788187351362666
660719.9366221764,-1460961.3079220578,17.555382767820756,17.85412838567929
661517.7856287448,-1448560.7003952442,1.6296135902618438,0.3867857233480372
659477.6205078198,-1442802.2163412077,6.444381016035464,6.307851163193373
661932.7390858496,-1461871.6060050195,4.074033975654604,9.143252464286153
659912.1522658246,-1457868.8825977352,5.036987460809332,7.392251583689267
671666.5864328172,-1459023.906480004,6.592527706059267,6.781975103942574
671413.8896408945,-1447050.2331893821,2.2962736953689573,1.9469089577220986
670680.8317481333,-1455264.302934234,6.148087635987861,8.415123917636706
664780.973046805,-1449113.0374955614,5.7777209109283465,6.7337461300309585
660048.6095300138,-1459123.7806847629,6.222160980999766,7.134407022969616
662308.9696212015,-1453599.4774906095,3.777740595606999,3.4572058899414633
670024.2456162996,-1451326.0151993567,5.333280840856938,7.527400965732175
671400.4028593238,-1447818.7719026012,3.3333005255355874,3.5910172530436153
668671.6812330363,-1455479.0232223398,4.074033975654607,2.531894370526432
667893.8402184958,-1454600.0644962178,6.6666010510711775,4.093015661837787
669696.4184133741,-1438957.8125752015,25.999744099177576,25.863317921027104
664724.7635185681,-1438039.4886418083,5.48142753088074,5.801847623323725
664817.4074885151,-1463149.0885902992,2.9629338004760815,2.988332058948826
670576.5973754869,-1453007.0757650419,4.444400700714111,6.171043641457171
657830.499874481,-1439126.9485261978,7.7036278812378,7.240157031912887
667897.8340714889,-1445324.3588407813,0.2222200350357082,0.5668827855950402
664532.6597444413,-1460428.0254499726,2.2222003503570598,3.420769332515551
667541.5418841785,-1437415.2575054476,1.4814669002380345,2.108632825575528
668205.2171541532,-1457709.950892883,4.666620735749822,5.503873714595523
663892.9509911186,-1451053.6853738404,6.444381016035467,6.1671476472484015
666652.4740590481,-1443767.3839936438,0.07407334501189977,0.5283495160873559
673131.6113005095,-1461936.1974837189,4.4444007007141195,0.39214305607605304
672156.6716957418,-1463119.951132172,7.407334501190194,7.5802205009976085
668340.0827315131,-1447659.892903242,1.7036869352737458,2.020284791995876
665232.768607781,-1458313.2517653378,12.148028581951916,10.739117047922068
662356.9832283623,-1441415.9492149842,14.66652231235658,13.1800193072339
665563.6028016602,-1460910.6255542808,2.962933800476078,3.3171052565443837
662574.2779635328,-1454325.1784064854,7.333261156178293,6.949920985236374
671329.0392297828,-1459201.6169132586,6.370307671023565,6.774145614985025
659293.931768924,-1448128.2606876334,19.1849963580826,22.545090508394317
666569.2718826889,-1442661.1245148245,0.4444400700714142,0.35506882832528275
665462.96311147,-1442858.53020313,27.184917619368008,28.79656883616607
669955.9295815912,-1456513.8894923981,0.14814669002380398,0.2432085698216282
661437.8721975826,-1464959.527468544,4.888840770785526,4.139817783670576
666240.0108067254,-1452927.496226022,5.407354185868839,5.764728514419499
668357.8257199613,-1464483.0522777282,2.5925670754165693,2.1363943545611668
664154.2846739418,-1464476.5688517806,2.370347040380862,5.017206360805922
671212.9895634993,-1446702.8306606375,9.629534851547248,8.458353736116717
669034.1750549452,-1463406.0968506667,4.296254010690311,4.28057344561688
669047.8009289908,-1462511.4935071245,1.5555402452499396,1.2483634979779437
667507.469693891,-1454543.203860664,7.999921261285405,6.525380017258998
672820.0316198689,-1455558.2423457052,3.3333005255355896,3.15839960679474
666405.7720343057,-1441799.1376303248,28.740457864617944,29.456117573534044
670923.2606265846,-1444074.5301788375,23.184956988725304,24.694922372286086
659678.4730010182,-1449715.7316271174,1.1851735201904292,3.666785630289886
671088.296829304,-1444693.0195409537,24.814570578987148,26.38630176612996
668750.7282119887,-1444046.8224674186,22.370150193594384,24.329760338313996
672473.1989726468,-1452949.5711669817,5.036987460809328,4.898761393479303
667952.276030039,-1462886.8190513887,27.33306430939181,29.8623752163741
660376.7998520832,-1454788.5120698707,9.11102143646394,10.032506766937463
662839.0841241344,-1445128.4128823513,13.999862207249462,13.102945617580783
663256.2561403043,-1448253.1363700991,28.073797759510825,27.781316078098097
665002.1895350094,-1445050.6107516326,0.37036672505950996,0.16339869281045782
668805.9463226439,-1460522.491641461,0.3703667250595122,0.0833460177345704
662424.1949114252,-1447322.89683419,2.074053660333252,1.6619932071733063
664830.2161633337,-1457110.8409336922,9.185094781475838,7.678541410277129
660947.7972933906,-1445861.395918083,5.703647565916446,4.509359663591752
667226.7657153029,-1440389.7945556412,3.4073738705474854,2.099889068387311
663000.4652940674,-1462594.7158360449,2.888860455464174,4.031357152529107
660643.7375653301,-1455894.8406019039,1.999980315321352,0.05758842220775673
661572.8196700506,-1444558.6932562613,0.44444007007141195,0.14470745258408435
660648.6275752189,-1443642.7731818864,3.185153835511781,2.845122984079155
660156.0542527533,-1458974.402079451,6.4443810160354715,6.997094336147987
663788.3338548467,-1444073.479083448,31.55524497507022,31.241070894401428
660923.4216163219,-1456738.7526535925,1.4073935552261378,0.8034436515145913
668364.357739252,-1459721.0744326394,6.0740142909759545,6.594871794871791
664806.7442349005,-1444030.0488093542,4.222180665678413,3.7302066242812524
667124.8836793277,-1439496.8564210196,26.666404204284692,26.561540742927622
670300.6290261474,-1447220.4188597486,0.7407334501190195,0.15721898815209112
661657.7007123902,-1450678.6594070843,1.3333202102142336,1.5389796405504326
670228.2061922711,-1441166.9870277066,1.03702683016663,0.7453342080685257
666479.2534749643,-1447866.4367712042,1.1111001751785299,2.4574203493523044
667588.8164924923,-1447668.562162379,0.07407334501190199,0.8241364361457748
660040.5129004306,-1445600.2508529923,7.925847916273509,7.017085684451943
661766.8853193666,-1449392.9068081158,1.333320210214234,2.923046510154423
661428.2954434934,-1442452.3669975966,2.740713765440372,2.475319160716726
665425.9780929969,-1437658.0781340234,6.51845436104737,7.159709931571012
665868.8425887467,-1450706.6950421124,3.111080490499882,3.162866128578995
669964.1408599569,-1440077.196685688,3.851813940618897,2.858379299747752
668083.47550526,-1456727.9463388906,1.9999803153213538,1.8392968625421529
669190.4938789111,-1456531.7148446338,6.148087635987859,6.19078925496829
662207.0995199252,-1441314.663198919,5.259207495845037,4.7833272295747635
663158.6736451467,-1451262.5012235253,5.703647565916449,6.174406762396237
661166.3260914079,-1441352.1606471415,25.62937737411806,27.094099735084615
664681.4719109037,-1462163.5802067267,4.962914115797426,4.5256778209606505
665936.2448096161,-1444647.7689239774,28.07379775951083,30.383391891455165
659759.2928916998,-1456005.4017324327,1.7036869352737432,3.0212534331217524
673711.3290689413,-1459698.7343063226,2.8888604554641777,1.0512901062443092
671270.8911446636,-1445662.9470406666,18.888702978034992,18.160763799845824
662004.1000425953,-1462624.0680296523,3.48144721555939,6.115162885163841
661018.531867594,-1450644.1867957239,0.7407334501190197,0.8395914011893257
669384.3534691499,-1464492.5352162533,10.81470837173768,9.994648970224198
658567.2909080056,-1444061.9406230156,0.6666601051071179,0.6538931267601964
666334.556073278,-1458087.3629797753,3.7036672505950943,3.7981618956530614
667505.6859229482,-1453538.1257919688,6.66660105107117,6.403760355574107
665592.0459930319,-1449999.6029628348,2.29627369536896,2.200925825522601
667949.8444088422,-1455597.986169363,4.740694080761723,4.647540089222389
671818.4924164049,-1460890.7005913435,0.29629338004760797,0.436585387108277
663023.7764615642,-1456411.6005457218,0.3703667250595082,3.3517979724462865
670195.1894963863,-1464221.3886084226,3.03700714548798,4.775296816009247
669434.5462179144,-1441027.28184947,1.9999803153213516,2.9821033339010983
658780.8868174639,-1445052.9183646145,0.8888801401428218,1.2057931987137884
671119.4660778546,-1457096.7235132877,1.3333202102142336,1.6319153765567158
669472.1894065018,-1441911.649258702,1.3333202102142336,1.5469464622006988
664007.3919945802,-1450415.8514305511,0.5925867600952142,0.21732525068190256
667839.1909131329,-1444548.638559133,0.9629534851547259,1.1597027450506487
663288.5614438383,-1447211.4969884674,20.740536603332536,22.69569080989954
664082.291889142,-1463197.562897069,6.370307671023566,4.1990682186513055
663107.9445244975,-1464353.8187959227,3.111080490499882,6.278731451299226
659057.7846470178,-1447037.85815753,6.296234326011662,5.125022433564139
669381.2205046389,-1453445.4927216284,0.3703667250595082,0.23056653491436307
662520.8761596715,-1448455.6505474942,2.2222003503570558,2.0368230044541664
668222.7740770964,-1446284.616832785,0.5925867600952142,0.5127615857321146
667747.344208189,-1450560.5963337542,3.3333005255355808,3.6948801547687533
664932.9487100504,-1456967.875562607,8.96287474644013,7.900170672625675
665091.1067919782,-1458214.7182702427,12.814688687059032,11.110411627022076
664170.9207374932,-1440960.6657330983,2.814787110452274,2.5220051856785286
664124.5713684278,-1457315.6124820055,8.073994606297306,7.802088029436243
664506.9371112485,-1464292.6168269403,4.222180665678406,2.0926463032570926
659295.8372311413,-1442078.7311864519,6.740674396083075,5.230971063556808
673012.7102626632,-1463741.5403594275,8.073994606297306,14.739663509231885
668260.3782439738,-1441479.2630368518,3.3333005255355874,3.975259965925765
663654.7784778457,-1460368.9988771551,5.48142753088074,10.703831896429566
670693.4532691857,-1450068.6485029017,0.29629338004760974,0.350353173837167
660131.3892722385,-1441839.7104519098,7.259187811166388,5.9342270275714615
660197.4908264946,-1452914.7370987367,3.7036672505950996,2.203220952763198
671024.1216409733,-1445079.452926966,0.8148067951309175,0.8259795522996498
669083.4378193303,-1441218.6724920643,1.7763568394002505e-15,1.396922732545419
662561.6841755911,-1449591.2614177521,0.37036672505950774,0.5685210449059226
662234.652382077,-1446360.6460998538,1.2592468652023316,1.0699840388593393
669417.2015559281,-1442304.8920016878,27.629357689439416,31.407935967679883
659263.1441658144,-1440912.7593206544,4.888840770785528,4.135395535170632
673950.865028295,-1461718.6675284363,1.777760280285646,1.8078238429488316
672437.930844714,-1453729.8583678976,7.925847916273509,8.156681731378214
670420.1919946834,-1452909.762250184,12.148028581951912,14.852799583410786
668182.1952071801,-1463615.2162270811,29.407117969725064,31.77882457169356
667532.6220191369,-1464869.246662656,1.2592468652023316,0.9049211034291011
665394.5463002663,-1446850.41681959,1.9259069703094496,1.7794375557201385
658952.8386706278,-1451067.7012901336,2.8147871104522757,2.7096069941887766
664494.9336654393,-1453216.081071251,3.5555205605712894,4.032457228451143
670032.7907331805,-1445094.2139829881,4.148107320666505,4.8189283071095215
658700.9400870071,-1449971.063085025,0.7407334501190199,1.5253482945822778
663592.0712867829,-1442331.3135046707,1.4073935552261396,0.8995216912856439
670211.420724189,-1445947.7203075609,1.2592468652023339,1.0108518993009288
661433.0706477684,-1460739.6417423757,3.703667250595097,4.784030747793149
663463.3939981076,-1465563.428819377,5.703647565916449,6.781674556205158
668949.734703741,-1450213.480689974,2.5184937304046615,2.2467719934658
667431.0624566235,-1442498.6856567468,0.2222200350357042,0.47613290958010346
660682.9567188896,-1461915.607280029,7.036967776130682,8.084987212384098
670057.3538333767,-1450057.3606527722,3.1851538355117834,3.5921279781532647
660667.0401781765,-1460716.9755470576,17.03686935273744,17.056483839120848
670688.8837757919,-1454005.4389260223,15.11096238242799,17.494976648953898
661562.2971867449,-1448806.704270244,1.8518336252975498,0.09845040196952937
659838.1354133345,-1444631.4627739731,0.8888801401428204,7.898241227092406
665337.328285872,-1452805.633840762,1.6296135902618438,1.8679213742474765
659516.0872538198,-1443049.2355912076,7.259187811166386,7.057433091673503
666338.697929296,-1452780.4302201695,0.5185134150833122,0.12636785957648478
671361.9147658944,-1446805.711189382,2.9629338004760752,2.610240833880111
666774.9536360137,-1439689.6967540453,0.2962933800476044,0.3065922654505915
670761.65495818,-1456019.7530132402,4.444400700714115,4.056213798953042
665269.2107916989,-1464354.617720825,4.444400700714112,4.640815273711587
664687.737768568,-1437792.2613918083,8.296214641333014,8.837832243196178
663127.0135074127,-1452393.5377755417,3.703667250595097,4.21527137379933
670623.0142674869,-1453252.377015042,0.6666601051071144,2.4619675456389416
662559.1723268793,-1442287.583115353,2.2962736953689546,3.496894171134832
663398.1475202823,-1448357.65789884,1.1111001751785299,1.0651864404253653
658243.850390733,-1440948.4312081896,3.9968028886505635e-15,0.3809109989860058
668150.3058401532,-1457466.102642883,4.222180665678408,5.094351978257226
666608.2128760482,-1443521.371743644,0.8148067951309197,1.1645701989171533
669687.6164342732,-1455417.5963938439,9.407314816511548,10.181545655694665
663721.2703794371,-1461227.5595835755,0.6666601051071197,3.2919244521882067
661246.8571902321,-1465888.9889972976,5.77772091092835,6.262783261669538
665192.8132327811,-1458066.489265338,13.703568827201856,12.074341127892326
671643.6403883542,-1449045.6907449127,3.2592271805236868,3.265304183863938
664481.7613845845,-1461313.8682843088,7.111041121142584,8.254293546081396
662452.9474171622,-1465460.0382493602,0.5185134150833139,2.3593159797271674
663141.365643132,-1457402.694220897,2.962933800476076,0.634126379599671
663104.2485284111,-1462451.0107769363,2.66664042042847,3.6211958128497344
670916.6303840566,-1445855.1263551991,0.22222003503570598,0.3275088075484691
666653.8228495144,-1461830.5740862652,3.0370071454879763,3.9883204065320648
661387.5506345825,-1464714.6622185437,1.7763568394002505e-15,1.1529489633845156
658491.5596101384,-1442950.2598378041,5.185134150833138,4.813884566683602
667682.9763073684,-1461814.9690035037,5.555500875892643,5.008029111483804
665941.9385415372,-1458030.1481230292,7.33326115617829,7.824443668609025
666910.9777399981,-1462687.970342514,0.8148067951309201,0.6292482139686495
669002.9531799909,-1462265.6335071246,3.407373870547487,3.1265936740748783
660313.4627378347,-1453781.8134929738,3.03700714548798,4.055734941358596
666362.0476513057,-1441552.9970053248,0.2962933800476079,0.31519736617060656
670866.3384445846,-1443831.1068038377,21.555343398463464,22.931633018757353
659722.5945610182,-1449961.8000021176,0.07407334501190377,2.077252643003904
663167.9004087975,-1441008.817299222,1.4814669002380345,0.33514418462148754
668798.1936529886,-1444292.2714674186,24.370130508915736,26.446687334192234
667325.848010916,-1463757.1247157152,12.444321961999524,12.541463370522024
672422.3645326468,-1452704.8207919816,3.185153835511782,3.179299477589341
673988.0243110189,-1462820.936231854,3.999960630642704,3.316172727189045
663629.8245142133,-1456389.3836185925,7.851774571261606,8.640298317928282
669649.9900541094,-1444016.1903906022,3.2592271805236854,3.484906783226112
669138.3971269918,-1445136.2537044084,2.7407137654403715,3.300901919792857
664230.633665056,-1463298.698731341,9.851754886582958,7.969192922540383
670860.275875932,-1462180.963177193,10.29619495665437,10.859876567854277
663254.1824630019,-1464460.371322399,5.25920749584504,8.586994630463533
664660.3481183227,-1455237.7912029524,0.07407334501190377,1.4816840873319048
667054.846106616,-1461909.7770899744,7.259187811166392,7.727138848455359
657536.2396849215,-1443361.1639416344,25.036790614022852,23.787870474373555
661036.3533024976,-1463006.4979023621,10.814708371737678,9.92877633896806
663643.4148679968,-1443344.6260104985,9.40731481651154,9.399633641575397
668605.9027848796,-1459656.7919803844,2.5184937304046677,1.5907782623891826
667466.2566459628,-1448589.8306375449,1.3333202102142359,2.722668857812822
660691.8434472189,-1443888.9919318864,1.1851735201904274,0.3788241767698324
660476.0076755326,-1441646.0494533947,4.666620735749822,3.75651024589937
663820.1861648466,-1444321.4255834478,31.11080490499881,30.72381286342334
672123.0613325548,-1451862.3702772106,3.7036672505950943,5.068519030647849
660966.1378063218,-1456985.0617785924,0.8148067951309237,1.6396007562192754
673321.7079952706,-1459646.57928095,5.111060805821232,3.794724210068985
664688.4835321967,-1449899.5507727542,3.407373870547488,2.795317449542596
664107.1742309665,-1445188.524838547,4.222180665678409,2.2810500837233265
656966.0248905681,-1439244.2065178158,2.666640420428469,3.1352410886310382
660674.8320563249,-1450844.6297843,1.3333202102142359,1.5010682002109608
671223.8722860751,-1456957.6155080632,2.1481270053451555,2.0795168332504352
670179.5906912712,-1440921.7695277068,1.4073935552261356,1.8828416384106919
670666.1919966678,-1448041.696374063,1.4073935552261352,0.39250353013114214
666428.9306589644,-1447621.6558962043,0.44444007007141195,0.8341659694753396
667549.2234244924,-1447421.719912379,1.0370268301666261,1.7092355146037317
660081.6593544306,-1445846.8412279924,4.962914115797426,3.7251821135086027
666571.0844919635,-1449752.1773657787,25.629377374118064,27.282020718332504
658655.9275447766,-1450362.1630150264,1.9999803153213502,2.813273510076625
665828.6706018321,-1463149.2382595334,0.8888801401428239,0.7402530704628258
661812.7671293666,-1449638.6351831157,0.07407334501190199,1.0320158521803053
665917.2924027469,-1450951.9426671122,6.148087635987859,6.26618818688085
669918.3506089568,-1439831.4299356882,1.7777602802856434,0.656157183744349
663612.6512512577,-1450355.0965617453,2.5925670754165644,1.929769154631357
668046.6820662601,-1456480.6794638906,10.888781716749586,9.948085816417914
668362.9453789045,-1446385.1654238761,3.333300525535586,3.034436361492588
671507.9624187842,-1458925.5462604808,2.592567075416567,2.948570638071434
658033.7398034111,-1445265.4670023038,2.4444203853927595,2.663651039704
671892.0325411698,-1459989.721011771,2.666640420428468,0.6871546389965495
658388.1652172956,-1443105.1416729337,3.851813940618903,3.2347166456407637
673671.0365719413,-1459452.0551813226,2.3703470403808566,4.778890506885473
660939.029121764,-1440492.0477112744,0.8888801401428241,1.085750035537696
662058.7592845953,-1462867.9739046525,1.9259069703094465,4.1189588551720995
667789.763249828,-1454746.4141771533,7.036967776130682,4.552848512022985
661064.799749594,-1450889.8571707238,2.7407137654403715,2.951726577840631
673400.883875625,-1463793.9502176768,11.555441821856698,17.671813878340572
671922.7249499529,-1455048.2949545577,15.77762248753511,20.717752917505713
671861.1104194049,-1461136.9615913434,2.2222003503570527,2.425026164920194
663064.1019705643,-1456658.3236707218,3.3333005255355843,7.488211146888027
669516.7743455019,-1442157.631633702,1.7036869352737416,1.9372294372294343
668160.7429166903,-1462591.2716792575,0.14814669002380598,0.061565159539951564
663958.2067455802,-1450170.7400555508,0.8148067951309219,0.5257138299166968
659673.9291768721,-1450860.9930760483,2.2962736953689573,2.4089400751724837
667792.618910133,-1444303.028559133,28.14787110452273,28.77876999512654
668037.1273385691,-1463512.6123667783,1.2592468652023359,1.5471334374027503
667391.637463852,-1464764.4402756616,18.740556288011184,16.32180505546574
664130.0186971421,-1463442.923022069,4.370327355702214,1.9233296596105305
663153.5314544975,-1464599.6207959226,11.259148441809092,15.295969045569622
671203.1624713461,-1464156.5388882533,10.888781716749584,12.084107108025451
666572.3638345262,-1460839.750881439,1.55554024524994,0.34649301966970647
662466.5381016715,-1448211.6714224943,3.999960630642701,3.9855001766854934
669337.0963106388,-1453199.4363466282,1.1111001751785299,0.12454710144927716
668742.2330838441,-1439228.62204152,0.6666601051071159,0.49785037403517274
669887.8029530481,-1444995.7972263217,2.0740536603332558,1.6220060486918801
667987.9765685902,-1440282.267727926,1.259246865202328,0.4017205138448974
661138.47686063,-1462858.9498696816,1.2592468652023339,0.49681602000243075
663319.2348084999,-1465454.5899839974,3.703667250595098,4.824463022648845
667567.6518684903,-1442602.744193713,0.37036672505951174,0.2832873184794611
660574.9510168163,-1460878.2327086413,12.888762032070936,13.22157032024131
664211.7329334931,-1441207.3076080983,7.036967776130685,6.366484442166277
670607.203787307,-1461210.0421668738,2.444420385392764,2.6911667389632807
673052.9043296631,-1463988.2824844276,7.7777012262496985,14.31920265734561
670988.1778299732,-1444832.1500519658,27.0367709293442,28.548517431087532
662527.1968685911,-1449343.658542752,30.22192476485598,30.34775453929404
666047.3389324341,-1440841.080524444,4.444400700714117,4.164410995175398
667811.3830713731,-1462791.8155891602,28.14787110452273,30.79908401446684
660073.01227489,-1450931.2085949322,0.37036672505950996,0.6266106446864224
662742.6162421484,-1445274.0202269065,2.2222003503570553,2.0630091641588955
664856.857961816,-1444950.8068164252,0.37036672505951174,0.1247913727137
659977.6555820738,-1445987.5439210318,5.925867600952153,4.515351169137182
664020.8990396148,-1456452.586769381,13.11098206710664,13.422046653747886
660771.2499818397,-1454849.9029521896,0.6666601051071179,2.104079186344486
673903.4657112949,-1461473.2110284362,0.9629534851547277,3.9506138677385145
666153.1535701959,-1465124.1430337075,3.407373870547487,2.975110939610264
664583.0586012346,-1437933.689532184,10.073974921618658,10.755476390763913
669886.4340251761,-1449192.8623723611,0.5185134150833139,0.46126038789292867
664306.3918993133,-1454164.58789396,0.6666601051071179,0.7393790849673212
670480.9148646833,-1453152.016750184,4.296254010690314,6.489411500142397
663310.8093664795,-1441113.5440494043,0.6666601051071144,0.622589707681243
660805.6420304024,-1445758.922352278,7.629554536225898,6.676442117202354
668228.4163911801,-1463860.8996020812,30.37007145487979,32.68771710604049
660296.058303427,-1446839.0358164066,3.3333005255355896,2.7740081713834304
662450.0542082248,-1442440.1619455502,2.740713765440372,3.3700954828528378
665443.4538602663,-1447095.52956959,0.29629338004760575,0.16450136725100095
659151.9215494399,-1452299.5354216248,1.0370268301666279,1.9212234807710011
668301.804542131,-1457564.3688304124,3.333300525535586,3.1000715026073715
670246.355541189,-1446195.2311825608,3.6295939055831954,4.675371871219982
666740.9199073187,-1448714.922986412,1.55554024524994,0.7931546463386816
670731.5659077918,-1454251.5799260223,20.81460994834444,23.834407255840638
659891.2666623343,-1444875.7431489732,4.51847404572602,2.120930308805079
670257.3039713457,-1457208.6445413716,6.074014290975957,5.836278993495253
665377.580095872,-1453052.331965762,3.7036672505950996,3.734059792397627
668703.648818637,-1459502.003441053,2.148127005345156,1.4906900814961048
666385.722241296,-1453025.9602201693,2.740713765440371,3.1695909218677674
670960.5763534721,-1450780.0847663197,2.518493730404664,1.3373499660566122
670106.3551260685,-1452058.0816825302,6.148087635987862,10.1164669745002
670797.7131361801,-1456267.13226324,2.148127005345156,1.3172477552975734
667199.4938386868,-1447607.7553276364,0.9629534851547259,0.28664368424008835
660946.9597088768,-1451529.3625356925,32.44412511521305,32.282642065372315
666222.3938634524,-1463205.7106037932,1.4073935552261378,2.1010888506390337
668608.045804064,-1448626.6876117121,1.6296135902618438,1.7387721638689833
665226.2077916989,-1464108.4624708248,4.962914115797425,5.314660826659058
663084.9291264128,-1452147.1074005417,10.81470837173768,11.93772017439574
668799.2322712142,-1456467.36318745,0.4444400700714102,0.6586934931901673
668290.0979692079,-1445390.1185527737,3.407373870547487,3.6098099035474496
666075.6781744885,-1462070.7332349485,1.4073935552261325,1.1499983968992709
663358.4908942822,-1448110.8791488402,2.8888604554641732,2.898791650443855
658291.8890177328,-1441193.7488331897,26.888624239320396,31.819325336268466
669642.1323692731,-1455171.7751438438,16.96279600772554,17.5391258082828
671595.3957653543,-1448800.4529949126,2.370347040380861,2.317894202446918
671509.7553243486,-1459937.1960778707,10.222121611642468,8.66036323660931
657428.6529592705,-1443497.3672319208,29.481191314736964,26.541315760788674
662492.4075971623,-1465706.8974993601,1.1111001751785299,3.2204577375137298
663184.890825132,-1457648.872595897,2.444420385392764,5.861385840820816
668461.4499525289,-1441199.4501103067,1.9259069703094513,1.393455880631092
663141.8508454112,-1462698.1534019364,2.37034704038086,3.6831098485145066
657591.6091447573,-1444329.3255572026,2.074053660333252,2.0106792024170326
667091.2830021353,-1444688.4749910813,0.14814669002380398,0.04626948884629056
662881.0192321888,-1456306.9993238878,3.407373870547488,7.091592242911439
667048.1792400136,-1457719.2431177134,3.555520560571291,3.7628748909364593
658881.104022813,-1444911.3644573565,0.44444007007140773,0.29831954241857533
669419.6531794514,-1463453.9161169522,5.111060805821233,4.592361631576346
670021.8274481455,-1462475.055787088,2.962933800476078,4.399051054521756
666952.3425429981,-1462934.507467514,0.07407334501190022,1.9397561636627056
668630.7217463783,-1453586.9224311735,5.999940945964054,6.38943681061207
668709.2956322886,-1443179.7498438302,0.07407334501189977,0.4484128236522138
658973.239812633,-1440714.7955318955,0.8888801401428221,0.2502135732132409
663243.8734841712,-1446347.6167147171,2.666640420428465,2.6263869877831922
662880.7876677613,-1463643.5202576867,4.222180665678412,8.190326020069529
672722.6310062109,-1453935.1996969015,0.22222003503570587,0.31938400958157254
663205.2582057975,-1441255.994549222,2.5184937304046624,1.2212560630294647
666713.9164118649,-1449856.4614883082,1.4814669002380398,1.537661546115308
664582.2311191721,-1456140.1509173582,6.740674396083074,8.3159704256882
662675.8135441039,-1460497.865613795,0.8148067951309201,3.149937220208443
664274.688976056,-1463544.7744813408,6.6666010510711775,4.515230056017959
659148.8612827937,-1441971.9348056694,3.9258872856308007,3.0422471591591984
660765.9136432314,-1438628.984195684,2.5184937304046695,3.2637998033234537
663300.4605270019,-1464706.044822399,3.851813940618902,6.572170659953916
668758.7061733014,-1450502.9039371167,2.814787110452273,2.1429242305114204
667520.3444221191,-1443607.8535698666,1.3333202102142336,1.8960681332976503
668113.5078817068,-1441373.1696839293,3.6295939055831936,4.052242262099468
657501.8628649215,-1443113.5715666343,3.481447215559389,3.077625007193377
660997.0468754976,-1462759.629277362,6.444381016035466,6.068892661460035
664734.8413110685,-1443042.1741156317,0.37036672505950996,0.38910360490482254
668558.8962868797,-1459411.2578553844,2.666640420428468,3.5069971386327428
657289.3182526361,-1441327.9488850231,2.8147871104522735,2.4956499724452534
672084.0427095548,-1451615.5182772106,3.8518139406188983,5.210112031196097
669379.8056801101,-1459123.8127714207,0.7407334501190199,0.8972917822157109
662155.7971582407,-1462723.958870892,2.962933800476078,5.526552924911224
665376.1373487278,-1448884.4862425597,1.777760280285646,0.002337410606591206
661443.4249792527,-1458925.796182258,7.111041121142587,9.161333211668584
664721.5744651967,-1450147.3392727543,0.9629534851547241,0.6590345886101403
672014.0958446355,-1455933.3269602014,3.4073738705474854,2.980099060612396
668468.3307974499,-1448526.586816357,1.3333202102142296,1.4954410163699192
669088.8948168687,-1451583.205365127,0.37036672505950996,0.3765408306567606
671262.1053470752,-1457204.666633063,0.14814669002380176,0.2170966760894646
660480.401165304,-1447695.5421217137,0.29629338004760797,1.4525910747397788
669496.381553526,-1449127.3498225047,1.8518336252975462,2.1765356719371534
661488.6730617434,-1447814.1017819587,3.481447215559387,5.057730725808819
665542.0285600699,-1465189.0646056598,8.962874746440132,8.801241857920388
670433.354247985,-1459329.2161761336,0.9629534851547281,1.1828738473757845
665053.4002632649,-1447050.126732912,0.2222200350357061,0.07412852976092199
658600.1722457765,-1450118.6247650264,1.6296135902618438,2.7529792562329476
669047.1935824567,-1457559.332188712,3.259227180523686,2.763827362461874
665857.5896721857,-1461114.2378443903,3.5555205605712903,4.36853156758866
664096.8291003895,-1453151.8639323572,5.851794255940251,6.308514264406653
665227.2531155292,-1447890.1048176237,0.6666601051071179,0.5488521169461764
660221.1281391088,-1458191.1137474244,3.4073738705474916,5.66287930365127
671576.4254237842,-1459165.875385481,6.370307671023563,6.670616897756376
661699.2475226125,-1455479.5977790172,4.3703273557022095,7.743205690203354
661397.4944395621,-1453606.1597684445,6.66660105107117,4.802353441314363
666186.4864938807,-1451667.0518787117,0.29629338004760974,0.3703610565791289
657998.8867404112,-1445018.0076273037,0.22222003503571042,0.007256989852710838
662147.8630514008,-1452475.475529098,0.0,0.26891852672692096
667753.5071948279,-1454499.0929271532,8.073994606297308,5.732706367898945
668486.3091604377,-1453485.2303996757,1.9999803153213538,1.868039522097983
671669.7299543801,-1447899.812224946,6.074014290975958,6.23307777393235
668941.4480987084,-1455561.3099544207,3.9258872856308034,4.051191193167375
662421.3259167656,-1449488.0536946119,0.6666601051071179,0.40275604860287784
663025.2814156949,-1452537.8615017985,0.37036672505950574,0.3208808097287654
664387.1124961411,-1460326.7400211378,3.629593905583194,4.833188706941145
668197.3600926902,-1462838.5513042575,26.51825751426089,28.9812929491045
662876.4173663061,-1450548.5264044893,1.4073935552261378,1.9863149733084349
667359.0852451979,-1452790.9567158478,5.259207495845039,4.613647749067912
658090.5424612735,-1446400.5557435646,0.6666601051071179,0.7519895337718516
668457.3925790698,-1452595.8642536034,1.1111001751785272,1.5259874510673832
667446.0409705464,-1459572.0769359362,1.7763568394002505e-15,0.6032680651919109
671172.1189936962,-1463294.998093145,5.3332808408569345,6.430310074133478
664630.6478380298,-1461417.9783894457,7.33326115617829,8.200180086851823
668081.5105345692,-1463758.636616778,27.036770929344204,29.35878131281547
667427.294594852,-1465011.8699006615,23.629397058796712,21.25011983243805
669630.1291624566,-1454420.78018182,5.555500875892642,7.325677116047127
659674.6319512099,-1455246.9938333095,9.481388161523448,10.71271611005702
666753.2974545042,-1461695.2268105745,3.1110804904998837,4.207155337411214
667751.7588381552,-1439409.5993093583,9.851754886582956,10.182256272645892
673214.6817987858,-1462668.1887611554,1.1111001751785299,2.2677971355738276
669933.3875820481,-1445241.5978513216,2.3703470403808615,1.9675954667679405
662754.2408465948,-1462637.930572316,2.444420385392762,3.417250696389157
663815.2402461579,-1462233.7920994232,2.814787110452274,3.593557027370421
663360.2102474999,-1465701.2004839976,3.111080490499882,3.6712158787543183
660890.1162081205,-1455852.6538301227,0.22222003503570598,1.2879568807907456
663981.3336111112,-1458349.848943141,9.111021436463936,9.785198601790531
667537.7560554901,-1442354.612193713,0.8148067951309201,1.1496942900569325
663125.8391508646,-1458417.9092042767,5.999940945964058,7.723456473099027
663542.153422665,-1444116.9686180388,0.22222003503570387,0.1813167936652823
660414.5256440139,-1453639.2977249837,2.592567075416566,3.2980065676760084
666262.1506806056,-1441702.7548680883,28.814531209629852,29.63369407447324
674190.0672688922,-1463821.6296999934,10.518414991690072,12.374427699259572
668650.7683485546,-1444189.7976991695,22.518296883618188,24.836398946559513
665996.6392984341,-1440596.285649444,3.4073738705474867,3.0895569296473773
663226.4882457943,-1463440.3907878483,2.962933800476078,0.3711766479527885
666122.0420749722,-1464227.7040591738,1.481466900238038,0.6198991436275296
664902.889968816,-1445196.5220664253,0.14814669002380576,0.31597732476094187
665128.2252831501,-1464259.763255219,5.481427530880742,6.009207785265048
664559.6192339079,-1455383.0111792805,3.8518139406188983,4.266273739146897
663978.6957876149,-1456206.181394381,3.629593905583196,4.465354337968176
670045.8172118745,-1444070.929892967,0.14814669002380398,0.05098109344151691
663348.6819924794,-1441360.6170494044,0.5925867600952142,0.6714251682736094
662421.3795792249,-1442191.88682055,3.555520560571292,2.1864432496740047
659122.4484284399,-1452051.299046625,1.407393555226136,1.6199005216690345
662633.6671170124,-1443408.160970396,1.1851735201904319,1.0333457198659355
663387.8834859732,-1453357.9381225866,7.851774571261603,6.854940267071049
660260.861250246,-1458826.15474512,3.8518139406189036,4.16686613839705
664341.8080162385,-1442981.0925976913,4.8147674257736295,4.926186036631442
663928.1903252827,-1444177.1522863347,0.37036672505950785,0.40823813469866754
671740.6565559399,-1448899.021933127,1.3333202102142376,1.5581059133047557
672271.4102069775,-1451961.6626872784,4.59254739073792,6.802771816611354
662350.3332764698,-1465610.8672893737,0.7407334501190217,3.1394050536973737
660985.170630285,-1444707.3115068402,4.888840770785528,4.085133180693818
673465.5132596169,-1459743.5303320596,1.9999803153213485,1.29139566528211
661758.1034701605,-1462668.606989204,2.0740536603332558,4.711646877453791
661251.6245246264,-1452470.9066414502,1.7777602802856456,1.6432181315807026
660774.8921368977,-1450699.5188365025,1.7777602802856436,1.9122090523554311
665724.3263860953,-1448690.661881697,2.592567075416568,1.0812040268859793
671571.8652616802,-1460930.746796691,4.666620735749824,5.079973331970949
670162.7865420685,-1452301.3634325303,4.88884077078553,8.001121270372002
671256.7505743516,-1451854.245195514,2.8888604554641724,0.7871416917420664
664992.7107838234,-1450844.4415668068,9.407314816511544,9.928243120544737
661665.338828861,-1449534.9379541525,0.2222200350357042,1.3240742369575678
663760.8873038393,-1450457.4805238105,0.22222003503570242,0.5119919567162547
660994.6375888768,-1451774.7005356925,30.740438179939297,30.350822316372177
666177.4577424523,-1462959.9027287932,3.3333005255355896,3.215947470537511
666596.397595423,-1459698.8385949754,8.296214641333016,9.00342553141183
668506.7272392008,-1437135.460203388,1.703686935273744,3.214992062949623
666034.4776844884,-1461824.2038599483,5.111060805821232,4.6043003136720735
664988.6981823675,-1451988.772574497,11.111001751785288,11.091871104996573
659302.6295267008,-1446987.5283970577,7.7036278812378,6.635121271833743
662529.4275954424,-1460385.294293004,0.07407334501190022,3.0386685264970392
660664.501215118,-1438771.945708285,2.3703470403808637,2.9054726368159223
657647.414788723,-1445196.4073629263,6.148087635987858,5.4739198989958116
667205.8016176419,-1456809.6520821294,2.9629338004760797,2.8135881171459474
672277.6593480287,-1458919.6144959317,1.1851735201904319,1.7612938280425636
667037.8690955591,-1445604.1175333948,0.44444007007141206,0.4236734856751795
671535.6486983486,-1460185.8049528708,1.481466900238038,0.4046836447108486
666957.4962631026,-1455714.6967449314,11.11100175178529,10.281939775396415
672586.7070575946,-1459744.7345155685,5.777720910928354,4.75104273341559
673257.4783203171,-1463690.9128326136,9.925828231594856,15.725139226385556
669235.8188611211,-1464393.9547255007,5.629574220904545,5.781995544713425
668508.0209545289,-1441445.0613603066,1.703686935273744,2.5880087285100917
667044.5483181353,-1444442.9036160815,1.3333202102142314,1.248605350416221
671961.8266543013,-1460996.6724383803,2.2962736953689564,2.819832770470324
662920.0787471888,-1456553.9261988879,2.29627369536896,5.624134725961397
660440.3675264786,-1452855.5189799294,2.0740536603332558,0.6311280324849164
667096.3378100134,-1457964.5551177133,1.3333202102142356,1.3926825832441538
658927.542085813,-1445157.0130823564,1.4073935552261376,1.9306313394735344
662807.5978114891,-1449546.3333176686,7.185114466154486,6.313627845420897
669981.6163191455,-1462228.3592870878,5.407354185868842,6.834392011021311
672583.8701569961,-1460894.7832562025,4.444400700714116,3.5537435281349428
668591.4653103782,-1453340.0936811734,1.4814669002380363,0.957163323307185
663522.7449590194,-1449337.747747441,4.444400700714114,3.7305677476140957
663043.673477354,-1440020.5206241838,5.1110608058212295,5.32721346246373
668753.9970082885,-1443425.7034688303,1.9999803153213556,2.8696938675816157
659017.8140016331,-1440960.7347818953,0.7407334501190181,0.19468041622684318
663203.9187401712,-1446100.884714717,1.3333202102142336,1.2556682785211688
669599.7594959491,-1448983.1584670395,0.2962933800476044,0.542601325974787
672684.3872042109,-1453688.2475719014,8.44436133135682,8.570174122245096
665443.4122288702,-1465334.8665505284,12.148028581951916,12.095418693263467
666322.9249125717,-1442703.6506910892,2.8147871104522757,2.889730324282498
659985.4450673901,-1451813.8379456354,5.851794255940254,5.253724549005685
659773.3526689959,-1438713.8796465895,0.4444400700714102,0.40960739346142017
658707.4181652067,-1451115.282243066,0.7407334501190199,0.4961654594010625
662716.9283621039,-1460744.4457387952,3.7036672505950943,0.3944873763065413
671272.142897626,-1463146.2792739172,8.962874746440134,10.73111078310553
661161.475255239,-1464001.5961800646,4.888840770785529,5.514228683243082
670278.2349294983,-1445046.7455462834,3.1110804904998797,3.7814976908811464
668372.8329404918,-1440308.3528899215,2.9629338004760775,2.579920338366188
659717.987641445,-1449059.323223432,3.2592271805236868,1.4666604479430232
668703.9202993015,-1450258.9963121167,1.9259069703094491,1.6020849629147405
667464.0116741192,-1443364.3341948665,0.9629534851547237,1.4609182577592645
669810.1066509263,-1450093.9295744956,0.07407334501190377,0.3860562786249817
665508.8314905374,-1441844.5623492133,24.296057163903832,23.232114502449726
673829.2714226863,-1460830.7636420322,1.92590697030945,2.167122489320027
666392.7649198244,-1440665.8727112715,2.1481270053451538,2.6279192837274197
667912.6632311912,-1449530.4315181286,1.2592468652023299,1.5133184165423232
673803.475523543,-1461612.658435175,1.18517352019043,2.304625921865611
669646.2157913998,-1460377.099748151,4.8888407707855235,5.067285777009534
662203.7800728644,-1451482.5266480707,1.6296135902618456,2.1354935020365557
673522.7394356886,-1458857.6013983903,8.592508021380624,6.793650793650795
668425.9056134499,-1448280.261691357,3.9258872856307994,4.0013663200340055
669050.5674978688,-1451336.174115127,4.814767425773628,4.001386612516073
660531.5571013041,-1447940.2354967138,1.1111001751785272,2.2779012034217576
663374.2539435909,-1452356.7464979035,2.7407137654403693,3.66867090689027
661471.8409942256,-1454617.8913681558,0.5925867600952159,0.6694143561203596
666234.3093572052,-1464082.135259173,0.8888801401428221,0.229544885901932
670386.932935985,-1459083.5699261338,1.9259069703094474,1.906632455479385
663810.3875120017,-1451321.6155087687,2.8888604554641755,3.019648828392034
657997.1519385162,-1440988.508024788,1.3333202102142316,1.7053656226992966
658517.3641679307,-1448220.5841818794,1.9259069703094518,1.77351402237825
669004.8024634568,-1457312.974563712,3.259227180523686,3.1551474528216765
660694.1002622484,-1448794.6642901276,0.29629338004760797,1.047287871248149
665810.0420511859,-1460868.8137193904,3.555520560571292,3.7515519314262935
666641.9055910769,-1448858.0207231487,1.629613590261842,3.7121777646396934
664264.8569474607,-1448187.9818148864,8.962874746440134,10.092866015803967
660179.3222521088,-1457944.6426224243,1.999980315321352,3.976619458957737
665480.073331675,-1452912.9060119851,6.888821086106881,6.83566971038753
658166.8422721742,-1442119.720679615,1.1111001751785277,0.9697191301268288
661741.4553886126,-1455725.9942790172,5.999940945964055,9.183291052429729
673081.0696901341,-1462564.5585607185,3.185153835511784,2.632145386031908
661448.4160665621,-1453850.8751434446,4.444400700714114,2.3589383531525634
662534.3863854683,-1453432.8676714227,2.8888604554641777,3.1542880340694084
666224.2816258807,-1451914.1702537118,1.3333202102142359,1.7625402068961016
666812.7118357529,-1437637.0589973265,2.592567075416568,2.522521068095962
663226.1291503423,-1458271.258930325,6.370307671023564,8.411314576008962
662607.7196513185,-1455478.4507375946,4.51847404572602,7.144493976208146
662029.854725764,-1456548.570591107,1.481466900238038,0.7717283324686193
662195.5609864007,-1452720.869404098,0.07407334501190377,0.27840794178511974
669961.4370638852,-1439044.7391656437,3.9258872856308034,4.128577782832085
663988.6538013765,-1452298.8047294014,6.074014290975959,5.650585041666228
662982.9847256949,-1452291.4688767986,15.99984252257082,16.815963212552855
672867.6002821773,-1461856.0380980908,2.222200350357056,0.09010090867972842
667316.732806198,-1452544.583215848,3.3333005255355888,2.449943380227565
669541.5979080654,-1455317.9033765704,9.99990157660676,10.833115490893443
658061.4398382735,-1446152.2872435646,3.555520560571293,3.282979535293185
668412.0238240699,-1452350.0288786031,4.222180665678411,4.693690724037757
662832.9188703061,-1450302.3975294891,3.925887285630802,4.791639208502211
662805.8496094442,-1461738.7243511227,1.9259069703094465,4.491201894749796
663865.7424882555,-1461334.9581674344,1.2592468652023339,4.8880349089667465
667492.6210315465,-1459817.6391859362,0.07407334501190421,0.4416707689171768
665291.1448722545,-1457915.6037899144,19.85165646318972,17.44833212128246
671124.5154936962,-1463049.6284681452,8.14806795130921,10.058003533788808
664581.3698390299,-1461172.9435144458,6.740674396083076,7.880589175873974
659515.0220902755,-1447958.5255384997,5.259207495845035,4.3007784397861855
669895.9545772221,-1443971.4592039587,1.4073935552261356,1.2793416737506567
666815.2764928296,-1456743.214071645,4.148107320666507,4.18150352680504
669586.3531674566,-1454174.64505682,1.9999803153213485,4.23551780187234
659259.5771632495,-1452153.8211554831,1.6296135902618438,4.544612028926318
659630.9742052099,-1455000.8409583094,11.925808546916212,13.078044593438879
657739.5199872253,-1444422.359441944,1.851833625297548,1.7603382725399488
666806.6360765041,-1461939.3781855744,5.555500875892646,6.000127795658351
663447.9368940059,-1460658.1531454907,0.9629534851547241,5.3109208555865255
661785.4420695656,-1438623.6114264796,1.7777602802856451,1.6685877204073787
669338.2226113906,-1446236.4694316771,3.481447215559392,4.576520997104311
669123.8354463261,-1440166.50634999,2.2962736953689573,3.6108836870788776
673237.7959917858,-1462917.1086361553,6.814747741094978,9.718212221235193
667146.7071977209,-1457574.0107732438,4.370327355702213,4.571247375439439
663860.3062371579,-1462479.6847244236,4.592547390737919,5.6086994238790755
659404.8163957448,-1443816.428278068,24.29605716390383,24.868003408524967
663172.0658948647,-1458663.5798292765,5.629574220904548,6.95461821214678
669521.5687232994,-1447096.9340475437,3.1851538355117794,2.601949871080596
663574.005732665,-1444364.9151180387,0.6666601051071157,0.6985748246433721
660459.3850770139,-1453885.2373499838,4.962914115797428,5.855961535490049
672020.8165653367,-1451010.4650224873,9.11102143646394,8.21129220206055
674137.8625778921,-1463577.2093249932,7.703627881237804,8.44915570437176
668700.4930425545,-1444434.7870741696,21.555343398463464,23.6571881161441
663267.8041287943,-1463686.9502878482,3.8518139406188983,0.4230372384909167
670425.4461788578,-1440876.6540636155,3.3333005255355874,3.729508861882021
670020.254064145,-1461452.4201492465,2.962933800476078,3.2749714573657602
666091.9738939723,-1463979.9763091737,3.4073738705474863,2.0999832356006607
663175.8395893851,-1442153.6011680814,1.1111001751785263,1.5752990986163624
666074.7166683135,-1463104.989351653,2.666640420428468,3.3129608359917313
665583.622218614,-1437881.049561102,8.222141296321114,8.764836563164407
664521.390483908,-1455136.1804292807,2.66664042042847,1.3373356517511894
668810.5912045585,-1449604.6699475534,2.5925670754165635,2.3481217147708318
661779.4704310582,-1461772.1607969073,0.8888801401428257,5.40743926903574
659798.9266496884,-1443881.5832203072,0.29629338004760375,0.10040725991544885
664523.6911801831,-1441943.2668997236,0.5925867600952137,0.5659845191817858
663342.6037959732,-1453112.0843725866,6.666601051071173,5.88941154504056
664411.0363631019,-1449172.6749291494,4.592547390737916,5.8354652474644855
671698.1488069401,-1448652.712558127,3.0370071454879835,3.06195351943144
666936.3682742983,-1445746.0892752074,2.222200350357058,2.133912692652287
672224.6307079773,-1451716.1959372782,3.1110804904998837,4.849058014128481
666670.5971424824,-1437537.0324020626,0.7407334501190181,0.9362101466719359
673425.220762617,-1459496.8512070598,3.259227180523686,4.538784947847672
664827.8634651478,-1450001.0397381394,2.592567075416568,2.301496205280568
672119.8138759565,-1455782.7403473333,1.1111001751785277,0.6963313212060167
656815.0914596267,-1439146.859231912,0.5185134150833157,0.10854404371328918
666945.6815361355,-1444587.7855175547,25.25901064905856,25.63387047448938
660821.1600188976,-1450945.1892115027,0.2222200350357082,0.19992612429587453
661874.3622746728,-1450486.5959066604,0.22222003503570598,0.33265205747048476
662776.8294624886,-1456450.4894393506,2.814787110452274,6.071927489280531
665763.9801920953,-1448937.495131697,0.8148067951309219,0.7636632370060532
664110.0261428867,-1446942.099452842,5.9999409459640525,7.138740250733227
671614.4832646803,-1461177.007796691,6.592527706059268,7.068414109782866
661209.2073712477,-1442627.7272930234,2.888860455464174,2.4840776293715052
665045.7226228233,-1451088.669816807,0.14814669002380398,0.09798916851786377
671980.7939790122,-1456950.290533159,1.2592468652023356,0.9559536890865008
662276.0500671373,-1463605.6796288409,4.962914115797428,8.745274747379797
661714.6475158611,-1449780.0065791525,0.6666601051071179,0.05849491082980762
663711.7020548393,-1450212.3691488104,0.4444400700714102,0.2036033774814605
665408.2428213917,-1460307.7298538405,0.22222003503570598,0.3160583738478966
666637.1242834231,-1459945.4879699752,4.74069408076172,5.454373659339254
660307.51635363,-1448720.3996612213,3.7036672505950987,1.9300587729179473
665463.4644692821,-1461053.41965196,3.4073738705474916,4.020259210537539
664949.2391414819,-1462242.5279352586,0.8888801401428257,0.08603411456700627
671450.2062830655,-1464118.4188944167,8.740654711404426,10.277427236386524
665026.2855603676,-1452235.8733244967,6.074014290975956,6.059027907389082
662572.6479744423,-1460631.524793004,2.2222003503570598,0.06455877756504158
661056.8287450768,-1464143.3298827056,8.073994606297308,8.128769856828251
668229.5734527638,-1440218.4850853977,1.8518336252975516,2.277241323821493
665715.5142690656,-1444843.3531203154,1.1111001751785277,1.3766723670710403
667004.1684065592,-1445356.446033395,27.184917619368004,27.75227395324012
666996.2856381026,-1455961.6123699315,6.666601051071173,6.044154117549312
672623.5507445945,-1459991.9103905684,1.8518336252975462,3.382429366078309
658787.6652780166,-1443904.6738096518,25.407157339082357,31.751939835634403
673297.672387317,-1463937.6549576134,9.629534851547248,15.30467837449928
667285.1061157291,-1453707.7090998166,2.296273695368959,2.25479803523288
665541.5237271052,-1453920.6328608356,0.8888801401428217,0.7368298094113288
665412.0454927622,-1441989.367287951,0.37036672505950796,0.6352420070640137
662505.055953176,-1438353.6210747429,0.5185134150833139,1.3424250978312902
668646.7470122721,-1442190.4529417853,2.5925670754165675,3.0400567949263824
671236.0902508849,-1444800.072774422,27.407137654403712,28.938088529012564
662773.1105044892,-1449298.7304426688,22.666443573641985,23.46560564896722
666295.0878972012,-1440807.717171025,7.629554536225901,6.725239807338193
667128.6699554919,-1464050.8893813053,1.7777602802856478,2.881317855014739
659825.4523641653,-1450965.9063555142,0.22222003503570598,0.04009361499385067
672579.8168169215,-1454580.851420987,2.1481270053451578,1.8036307943944996
658955.3154068873,-1445904.8117500728,6.074014290975961,4.929922805751481
663085.584595354,-1440266.969999184,7.185114466154485,7.341834510554655
669795.8603543371,-1460478.641386231,4.370327355702213,4.5095759537464915
672242.0057022966,-1462846.3907227386,2.592567075416568,2.854784433203946
668066.0550387247,-1452538.2824546965,5.333280840856941,5.794079815106901
663865.4448501803,-1438106.9790266221,1.1111001751785277,1.6436494495631715
668947.6205662747,-1451485.9889816768,6.222160980999759,6.073807721481461
666398.9392062393,-1465078.5922345174,2.0740536603332558,1.7744823508070438
669639.2343069493,-1449230.0213420396,1.6296135902618403,1.8183768654041206
667853.2710927436,-1439260.5398094514,27.33306430939181,27.160132114414818
665399.5336038703,-1465088.9609255285,11.999881891928116,11.70595360513619
664975.2245907092,-1456191.9155742335,9.333241471499644,10.8777959464663
660024.8000083901,-1452060.6928206354,2.370347040380862,1.2383991408023647
659823.9446049959,-1438958.6923965896,2.4444203853927657,3.4477834706932082
661125.3805632391,-1463754.2179300645,2.518493730404667,3.133311927030234
664241.2931480478,-1464211.3503114074,0.37036672505950996,2.2336596816132896
664360.0130115559,-1448045.5767933717,5.333280840856943,6.402295550607986
668950.842890581,-1446182.6521430342,9.333241471499642,10.363555192558655
669849.6092739262,-1450340.7881994955,2.5184937304046637,2.2182228186350543
665053.2817111214,-1441003.856219918,4.222180665678407,3.4903370548309045
659646.151124161,-1444924.8874729117,1.703686935273744,5.2066324910875075
660696.6664418723,-1444506.2434096804,3.777740595606999,4.81954398191596
673783.5549806863,-1460584.9951420324,6.370307671023562,6.973962890231979
662011.8295785447,-1446518.9270159402,11.481368476844796,11.255603059354744
669044.8554855373,-1444251.5866402574,2.7407137654403715,3.128974643466025
670104.4109501475,-1439153.0923003084,4.074033975654605,4.383634535065047
674233.5256923309,-1462773.8535578488,1.1111001751785317,0.5437470493109409
672126.044753126,-1450860.3000703258,11.333221786820998,11.051142597664214
669600.5865343998,-1460131.3279981506,5.629574220904545,5.779556290010326
666399.7343831253,-1453790.3382620679,1.703686935273744,1.9017215670282406
661032.1953908508,-1445591.7879551442,3.0370071454879795,1.848097183644585
661515.4491872255,-1454864.0523681557,0.8888801401428195,2.674329496799359
666188.6533612052,-1463836.6783841732,3.185153835511782,2.0319245036393117
665830.3914948981,-1462117.1735485864,0.07407334501190377,0.6712231194517404
665050.2929062669,-1462096.0373912342,0.5185134150833157,1.0941931332567076
658045.1905655161,-1441233.825649788,28.221944449534632,33.14377995998176
658462.4455419306,-1447976.7009318795,1.7777602802856434,2.3291725415253675
664727.9949591629,-1461271.730763722,7.481407846202094,8.63662743674816
666593.0755920769,-1448612.8397231486,0.5185134150833157,2.789850783341998
661419.2706880092,-1466111.587148257,2.1481270053451524,3.280556999548889
666923.0949145054,-1456600.4480009885,6.814747741094976,6.580376959662414
672481.6785203953,-1458625.8768958368,4.962914115797431,6.28607387048689
665524.0317066751,-1453158.998136985,1.555540245249941,1.407818577732714
662737.4091718344,-1465658.1115587917,2.8147871104522757,4.229509097545792
662853.3481258551,-1455432.0946754296,1.4073935552261343,1.63745017114306
662235.9094631523,-1458416.615199942,11.99988189192811,14.548498663404764
666774.7050287529,-1437389.9883723264,0.5925867600952142,0.34148387712473927
663270.9300223422,-1458517.206055325,6.07401429097596,7.602204999609297
658634.3454613346,-1444951.2643286486,1.7036869352737456,1.43988514280875
668739.7878256602,-1454448.6157418662,0.6666601051071162,2.7528123573257552
669925.0388778852,-1438797.4132906436,0.29629338004760797,0.32445999434110484
661602.5807179457,-1442673.9143780493,4.888840770785528,4.26424105648511
658855.1736632462,-1446054.842069143,4.5925473907379235,3.6860043050853597
663949.0874213765,-1452051.9664794013,0.5925867600952124,0.01934250015457195
659161.8171652055,-1446887.8254563008,6.962894431118781,5.68579213281516
663086.3629656998,-1451530.043115451,3.7777405956070016,3.2047366734073943
661337.6979441745,-1441571.314793733,0.9629534851547257,0.811975328722234
665769.1140831748,-1443791.6324434618,0.6666601051071179,1.332471804478451
666847.8344714317,-1461040.9925485742,5.851794255940254,7.256974667094509
669633.3302302603,-1461405.6154995286,13.999862207249464,13.325338943032534
663907.5334472556,-1461581.4389174343,6.592527706059273,4.859571517556685
659486.0000239318,-1454258.458587125,6.074014290975958,6.9848096875715395
667454.2508855558,-1460823.4725927347,0.37036672505950996,0.49263842920900025
669948.1693932221,-1444215.9302039589,2.2222003503570553,2.8749648576050504
659926.1107764211,-1456228.5918112942,0.07407334501190199,1.3244456427546023
666857.8142488296,-1456989.5175716449,1.8518336252975498,2.1249024825108114
671180.4768177061,-1445932.4721104708,3.851813940618899,3.9383355957634936
659232.5827982496,-1451905.309530483,0.5185134150833139,3.2375297515199613
657686.4439302252,-1444178.061191944,2.5184937304046637,2.4956613019529965
667903.7155654905,-1461641.8128624805,1.5555402452499392,1.7749069013200405
664377.9020685578,-1441837.9342092536,4.740694080761723,4.777707019492574
661735.5990065658,-1438378.7189264798,0.4444400700714102,0.3933678729983461
663484.8512578183,-1443115.9612099896,1.0370268301666279,0.7932216044173304
664291.2363704606,-1465206.0314499212,1.1111001751785317,2.691026179848139
667675.256610146,-1453757.4094571788,6.148087635987863,6.231890205243076
667195.6264487209,-1457819.1762732437,0.44444007007141195,0.4706645665680693
669878.3981150943,-1462379.3512126803,5.555500875892642,6.7241670645132725
662848.2214539843,-1438161.866981705,4.296254010690311,4.706905770310389
657043.4082555793,-1441372.9183577085,6.074014290975962,5.158606256479198
660345.7288966081,-1442698.230656705,7.407334501190189,5.551298196130194
670649.5896764942,-1443998.2629686017,0.9629534851547217,0.958737204308495
668856.0067777067,-1443285.202168913,0.22222003503570598,1.0262932977313013
671985.4950023366,-1450762.9896474874,9.629534851547248,8.521676516894098
663223.32790499,-1447475.5260084902,4.888840770785531,4.888587747597763
669473.8903635156,-1443178.7008193277,2.9629338004760775,2.5629349820162894
672202.034040727,-1452866.8902169645,1.1851735201904354,1.8881983333728218
660232.5814342722,-1447728.468635212,0.29629338004760797,1.2465927681645663
668879.5569820338,-1461399.5219187792,0.22222003503570376,0.4716564543883375
669978.073995145,-1461206.0358992466,0.6666601051071144,0.8905499737723428
666036.9892923135,-1462857.913976653,2.4444203853927604,2.4274373983637556
665173.5102222343,-1439973.970705958,1.7036869352737458,1.397289560965088
660413.0052552479,-1448580.2041850085,1.2592468652023339,0.3913690085426582
671439.4999430454,-1452848.4655972046,5.851794255940252,5.984848484848486
668758.8632065585,-1449360.1181975533,2.5184937304046615,2.411047032797428
661240.566830481,-1446569.050603666,0.29629338004760797,0.31291820679890225
670510.3413840965,-1460215.5568994123,9.55546150653535,9.578285405266792
661285.483112666,-1457673.4891749742,1.333320210214235,1.2695086724765332
664569.4893111831,-1442189.0283997236,1.9999803153213536,1.9707912650933581
671940.8727346335,-1449849.8144562761,1.2592468652023294,0.3733135410929913
670410.5573426023,-1442160.3057609126,29.18489793468936,30.84579977061283
666896.4886432983,-1445499.3892752076,1.9999803153213493,2.0517756433485785
671130.9170860444,-1455954.606056273,0.14814669002380187,0.026801385941884637
664863.4590271477,-1450248.4642381393,3.552713678800501e-15,0.16438897549196163
672153.2201349565,-1456030.4935973333,0.07407334501190199,0.4098456015219223
665396.0109527225,-1453816.4043471492,21.925710123522975,23.816064526866747
662395.0127666724,-1452438.0362604514,3.555520560571291,3.875517995676981
662817.1549714888,-1456697.2125643506,6.518454361047366,10.208340663722272
668325.7497970964,-1448426.4731465187,2.2222003503570535,2.3917203343007367
664951.7448930847,-1445917.0022039255,0.5185134150833139,0.6145629770265004
665652.1179360205,-1460252.7735350123,1.9259069703094518,1.237947899746084
664166.3899568866,-1447185.6610778419,3.333300525535585,4.016875079532382
663951.9562351184,-1451423.9614988402,4.074033975654605,4.197123798423474
665658.415411259,-1454910.0092130424,10.296194956654368,8.100277930789579
672099.5858267418,-1462749.3565071719,5.333280840856938,6.416413385952069
660892.42156581,-1446765.351793713,4.07403397565461,3.094363861740412
668193.5116084926,-1447556.1037391955,0.44444007007141195,1.0289580070373319
658122.0331329729,-1448173.7506553775,1.1851735201904292,0.24348670444833598
660323.486471464,-1458044.3073199596,1.111100175178528,3.2331330381981864
667957.054735584,-1439113.0494313505,26.8886242393204,25.96657440376371
662188.1970689537,-1464753.0172312164,1.2592468652023339,3.4235994175147244
662720.5248630117,-1454427.7530616715,1.259246865202332,0.3068964760289008
661596.7095710651,-1455625.4071019436,4.59254739073792,8.057652359458192
669365.1920358748,-1437010.4896650128,1.18517352019043,1.701030610089342
670010.7522995424,-1457249.9670184043,3.851813940618899,3.537407265507993
664907.6458284818,-1461996.0638102586,0.37036672505951174,0.9266944285413814
661019.9244300768,-1463896.0777577055,6.074014290975959,6.406773510107719
668274.5078247639,-1440464.4119603978,1.8518336252975476,1.6366603539585705
662185.7175339498,-1453620.2016006443,4.740694080761721,4.259510248059342
661203.3255665569,-1440576.8647108953,7.851774571261602,7.367121857246132
662998.7084811877,-1455533.3565843327,3.333300525535586,1.0054653907982782
658842.2927790165,-1444148.6094346517,27.184917619368004,34.207970674758236
665580.0511671053,-1454167.6263608355,4.51847404572602,4.639580729106038
671869.5928789491,-1462039.8086918294,8.518434676368722,10.889021465282118
668679.8707052721,-1442438.2150667855,2.6666404204284695,3.149345369355907
674435.7827782593,-1463775.652025565,10.296194956654363,11.776568470898354
668897.4966766306,-1444149.4970186441,3.407373870547487,3.860238472718094
666244.3882632011,-1440562.922296025,6.59252770605927,5.650385741810172
658996.3259058874,-1446151.3753750727,4.518474045726021,3.178913695527008
666529.0888485629,-1443787.3895625167,0.07407334501190199,0.3685496566784052
669745.6312883373,-1460233.7812612308,4.444400700714117,4.772371159607168
663860.7260696454,-1463360.1371428578,8.073994606297308,6.11511023519636
672278.8699462966,-1463093.6395977386,2.6666404204284717,2.592418311884778
668907.4809442747,-1451239.2516066767,2.9629338004760752,2.3591982170782275
666360.7133332394,-1464831.7221095175,3.40737387054749,2.5051184827353525
660888.2816673907,-1445491.1684180829,6.444381016035464,5.441091634932533
665339.765133841,-1442879.6500524236,0.14814669002379988,0.20683557556303167
657675.2546435249,-1443461.332139234,0.4444400700714119,0.43297196173076874
667897.3230287435,-1439506.5896844515,8.740654711404428,8.191407204970748
667296.0599623029,-1440758.3281806412,4.1481073206665044,2.4643256585752376
658875.6127224709,-1452090.8749631303,3.777740595606998,0.2778310014428609
663960.2282288177,-1462335.768165891,12.148028581951914,12.164765476919582
660786.5315323591,-1455996.0679165386,1.9999803153213511,0.2854932619621646
659506.9006541435,-1443674.4613334574,25.259010649058556,25.28509227407869
670802.6538941404,-1442841.6946976893,26.07381744418948,27.065095163140235
663681.6924859204,-1444218.7903156006,0.5185134150833118,0.5411000433247093
669865.9701268263,-1451098.2304938803,1.4073935552261343,2.6792720860429693
665010.3472171214,-1440757.588969918,5.48142753088074,4.933192144590408
660739.3050158722,-1444752.5662846805,0.5185134150833118,0.9486367315197332
669178.9742132348,-1447278.7263167566,3.9999606306427036,3.1729482425943822
661797.9976387967,-1445662.2739301892,1.2592468652023316,1.1220138757426563
670297.4446282219,-1448109.6533549298,2.222200350357058,2.7843174889087154
664047.3603794973,-1446066.6981125767,3.1110804904998814,4.376676794202227
671010.6668779259,-1451898.0769052273,0.7407334501190199,1.482761999500875
668117.2123224905,-1450498.8456429793,0.9629534851547197,1.2644696873503056
663354.1412376338,-1454531.070976235,1.18517352019043,1.969284589246353
670067.7253841476,-1438905.8103003083,2.0740536603332513,2.123682209798491
674194.984881331,-1462526.8505578488,1.1851735201904319,0.07546175128637245
660499.9938950905,-1454767.4318062803,8.37028798634492,9.437050974066533
672087.5420011261,-1450613.3064453257,11.481368476844802,10.002837581553973
660027.7686630472,-1446755.237877129,1.9259069703094496,1.2362722382258937
660133.8533106735,-1447868.6677686386,1.0370268301666279,0.8015439865948277
661239.835959408,-1441719.8773971414,1.9999803153213538,1.5662952329764206
662729.6692722447,-1443263.9206292254,5.481427530880744,5.173843432387567
671060.7000975751,-1449993.1608053674,0.0,0.333870456810736
661070.7322738506,-1445838.7918301444,4.370327355702216,3.5187089671161362
665789.1910048982,-1461870.6441735863,3.629593905583196,4.125525036224543
665235.2479478978,-1451947.4151878105,0.2962933800476044,0.8095584572688885
667633.2979666506,-1448813.4182819705,3.407373870547489,2.140432161865423
664683.9062691629,-1461025.743138722,4.814767425773626,5.98494605168166
666958.7423505054,-1456847.7957509886,6.888821086106876,7.057300816248167
662082.0447269327,-1440458.4183069617,0.8148067951309219,1.2510285335585847
672523.1325143953,-1458872.3578958367,2.29627369536896,2.9792376333271253
661146.3669662082,-1452615.935466666,5.703647565916446,5.265912700676013
661635.9695406156,-1438522.113186131,1.4073935552261352,1.4439793526952602
662894.7048688551,-1455678.5803004296,0.8148067951309201,2.8293746834941214
666278.510333278,-1457716.8854797753,8.666581366392526,8.44388759973993
667573.7194259481,-1453906.8335419688,5.259207495845037,5.273978527300681
672983.0068166503,-1455783.746999666,0.8148067951309241,0.5158836292362632
662278.9645171523,-1458662.879199942,12.814688687059032,15.641342578142163
658680.7835243347,-1445196.9129536485,0.14814669002379977,0.7890657390833598
666356.1878075365,-1447888.3069436394,1.4073935552261378,2.7151148743177203
661135.8491281853,-1451876.3187193773,28.296017794546533,28.45913361132135
663769.3980848629,-1449297.231195663,0.22222003503570598,0.9463671148825457
666493.2764157556,-1459838.3546580938,2.3703470403808655,3.2561886424728224
661551.1325989456,-1442429.2778780493,2.074053660333254,1.5528982686318837
669573.41776388,-1443034.8697959548,26.66640420428469,31.35183911459309
667960.8167707692,-1456751.6958176293,1.4073935552261374,1.7074121600418235
665750.9202534326,-1460105.9130291839,3.703667250595098,2.703966916044757
668402.0931315175,-1437278.7742644965,0.3703667250595082,1.7092370311171692
671347.4236029533,-1464259.836032726,9.777681541571054,11.55187509814068
668275.4102060962,-1446655.8945827852,2.4444203853927657,2.35777785729962
665001.9704530505,-1457336.4033126072,10.592488336701974,8.862577833168752
659200.8792262054,-1447134.7024563008,9.777681541571054,8.99307353692702
663035.7660876997,-1451285.236365451,6.740674396083078,6.244098537902206
665729.0358401749,-1443544.9094434618,23.999763783856224,27.620019478610992
666570.3503046033,-1455012.2728750887,0.8148067951309219,0.3463202631998037
659836.1008158957,-1457134.086912748,0.8148067951309201,1.3251742235204542
669109.7673634847,-1439154.693674299,23.703470403808613,23.386429625058362
668086.3944171801,-1440129.4434560533,0.5925867600952137,0.34233697586117073
669757.8146999204,-1437059.0899182272,3.555520560571292,4.07177209618343
657751.8658540018,-1445056.265331442,3.555520560571291,3.1110910220081642
659436.6257779319,-1454013.3879621248,2.888860455464174,3.577104721233706
659225.9443491413,-1441710.3208114519,3.777740595606998,2.14577475707682
672726.4199768908,-1459847.7800692315,4.296254010690308,2.8710244220084533
659882.1722134212,-1455982.4848112944,1.7777602802856451,3.1219837964893022
666057.5117163265,-1444617.6983017402,1.4073935552261378,1.7523758662966316
668191.2362399739,-1441110.7092868518,1.1851735201904319,0.9660057788049319
671147.8148787061,-1445684.7021104707,0.8148067951309178,0.8884486721863633
667951.4631894904,-1461887.2031124802,6.814747741094979,6.849842345423714
664329.5206764606,-1465453.0808249214,4.222180665678409,2.9590611996087564
667627.9146151459,-1453511.9744571787,8.222141296321112,8.016502865355065
670391.0992974746,-1446947.9531169077,1.1111001751785317,0.030698942869499923
668200.0610172367,-1451636.328385754,1.7777602802856434,2.3628556177760105
662899.4930139843,-1438406.5398567049,4.740694080761721,4.950910128347331
656994.8848825793,-1441127.6823577085,2.888860455464176,1.8599814794030731
668293.3045353439,-1442379.2185118396,2.2962736953689595,2.8718797915180883
669428.6370891917,-1448124.4998374586,2.8888604554641755,4.02553478046786
660388.2309046083,-1442944.5732817051,13.481348792166148,12.965074749948755
669542.0789722775,-1459353.2476365566,4.888840770785527,4.847425229625292
661272.1354120865,-1458701.1027733812,0.07407334501190199,0.22032982385015165
667667.3849445463,-1449578.6424360438,0.6666601051071144,0.8983402943588557
659160.1525138624,-1441060.4458846024,3.9258872856308056,2.7654780826765606
660225.1427956708,-1440651.8005455774,8.14806795130921,6.439871057836492
666303.4379508577,-1465222.4111685911,0.44444007007141373,0.2956308645572516
658818.0750256855,-1439100.3823228804,0.3703667250595064,2.648751331492777
672538.194277433,-1453586.7699411926,10.222121611642464,10.573362677056064
663165.34689899,-1447232.44813349,8.222141296321114,7.909791548713354
664262.5516763846,-1447052.0362211862,5.407354185868838,6.377456800540774
669296.6799621063,-1451292.6065803573,6.962894431118781,6.043872451103486
660283.7373702723,-1447973.162010212,0.5185134150833113,2.071902896846545
661316.8334679587,-1447593.8183256101,2.2962736953689578,3.620816473909887
663515.2139797828,-1441964.4851296707,5.333280840856938,6.198479570138213
658329.3033469775,-1449138.958968419,1.9259069703094474,1.3347937560513898
669028.9442067412,-1450579.966689974,3.1851538355117794,2.4628564914509923
658272.0676987392,-1448268.5393997477,0.0,0.3948698931994423
665124.1534062343,-1439728.908330958,5.925867600952152,6.871473291044378
660446.3378852479,-1448827.8826850085,1.0370268301666279,0.6270655551374782
661494.7629427448,-1448437.8405202443,0.2962933800476124,2.1445557251631584
671485.0804530453,-1453094.2732222048,9.481388161523446,9.222873900293257
661280.173771481,-1446815.890978666,1.4814669002380398,2.6594674141688692
659457.3277598198,-1442678.8759662078,3.8518139406188974,3.3488677028423863
659933.9753858246,-1457991.9619727351,1.629613590261842,3.775221878757921
661327.964734666,-1457919.8421749743,3.999960630642705,1.9568524015002922
670655.9691881333,-1455141.810309234,6.962894431118781,9.340058803759502
664759.977294805,-1448989.8167455615,4.962914115797425,6.305557137365996
662288.1920602014,-1453476.2184906094,1.6296135902618412,1.1278806726151451
671897.1867296335,-1449603.7074562763,2.5925670754165635,1.9147803504330643
670373.3758426022,-1441913.1033859127,29.258971279701257,31.61639064462751
671166.9752640445,-1456201.9853062727,2.1481270053451578,2.7657674295973527
668694.7684260363,-1455601.8599723398,4.370327355702213,2.9307193245505276
671423.2632313238,-1447941.6590276014,5.925867600952154,6.2029834055229465
665437.9746967223,-1454062.834597149,17.925749492880268,19.673187513078837
666417.119294584,-1446867.6392026884,2.4444203853927635,2.8593685378751275
669714.1989783741,-1439081.5407002014,24.22198381889193,23.995786922788
664742.671890568,-1438163.197891808,25.62937737411806,26.764607088350413
664838.1268575152,-1463272.352715299,2.8888604554641795,2.917284141960076
657800.146380481,-1439005.7297761978,4.888840770785526,4.015554763924398
664990.5560220848,-1446163.9528289256,2.9629338004760792,3.0155054025314443
665604.1773810205,-1460007.4165350124,2.3703470403808637,1.6413581991775246
661370.95338117,-1454762.1545194453,0.1481466900238022,1.919107423705528
667919.510819489,-1445447.451340781,0.29629338004760797,0.5753708117729621
658674.7553860318,-1448948.8821083363,1.9999803153213511,1.4556172969390806
663914.4334291185,-1451176.8028738403,5.703647565916449,5.510775114258526
662433.5457302993,-1464705.194159273,0.8888801401428239,1.7707879376761326
665703.7900312591,-1455155.8510880424,0.37036672505951174,1.9483226304987724
673113.6103585095,-1461812.6459837188,3.2592271805236877,0.6442703992759462
662583.7346929944,-1450322.3400393785,6.296234326011662,7.822048184968576
672139.0386997417,-1462996.210757172,6.44438101603547,6.692307692307693
668154.3705514926,-1447309.2188641955,0.7407334501190199,1.7543117081114517
662011.3491020373,-1457442.0999108823,1.7777602802856496,0.7488925113543612
665482.5689864701,-1442981.9384531302,27.40713765440371,29.04710732620846
659269.531086924,-1448005.6990626333,2.888860455464175,2.1463607765224797
662594.2818055558,-1465556.4127397104,3.7036672505950996,5.261858706151537
667996.7332975839,-1439359.8483063504,20.222023188249224,19.124917223705523
661642.587697065,-1455871.1314769438,5.999940945964056,9.106765181773323
666122.0019088201,-1452061.9049197338,1.5555402452499418,2.244286348248983
666216.1528697254,-1452804.795101022,5.185134150833135,5.553819867698396
669052.4744959453,-1463529.7356006666,0.5185134150833139,0.5437178748965978
669063.5214899909,-1462635.4608821245,1.03702683016663,0.7934107430172297
667524.9107518911,-1454666.973860664,6.666601051071174,5.188451579268452
665915.0195536811,-1443894.4475160686,0.8888801401428257,1.5615199391553696
674383.5780872593,-1463531.2316505653,7.481407846202094,7.851296476010543
668947.2213706305,-1444394.486393644,4.370327355702211,5.039449303133504
668752.1024004495,-1437087.7282389237,1.999980315321352,3.5980734383348025
663274.6188303044,-1448376.754370099,0.14814669002380398,0.08637914803388114
669776.2472182008,-1461506.6393007399,5.407354185868842,5.440377686247084
668826.932447644,-1460645.716391461,0.2222200350357042,0.31075632960101496
666484.827665563,-1443541.3773125168,0.6666601051071179,1.0047703395082026
667556.188802121,-1460680.240401392,3.333300525535588,3.416653906921768
662441.2260354253,-1447446.72770919,2.6666404204284677,2.3221468074409235
667512.5933915691,-1441574.650193635,3.1110804904998837,3.316969699826135
663420.541205952,-1442103.0087937927,3.4073738705474863,4.000463826828609
659217.653168571,-1453308.739531403,1.4814669002380416,0.7466015969524449
667890.0313257535,-1443545.3536501667,2.2222003503570553,2.497326478356531
660846.8062891499,-1462149.8237682916,4.59254739073792,5.5923231570562315
664767.0833247367,-1455090.1410821562,0.29629338004760797,1.7093905531005422
659484.7006758174,-1454900.3289492293,9.036948091452036,10.109994806987991
657642.6368295248,-1443213.504389234,0.8148067951309219,0.8227171424873543
663589.1176149969,-1442973.6060104985,2.2962736953689618,2.110741946526833
667249.3565293029,-1440512.7333056412,4.296254010690308,2.8392388574536898
662980.9011650675,-1462471.258836045,3.185153835511784,4.335735297212798
659353.3766040332,-1442815.7675835635,9.185094781475838,9.138775272275195
661592.4618570507,-1444682.1180062613,3.925887285630804,3.5659049779831022
664008.3338518178,-1462581.0821658913,6.370307671023566,5.352607750099381
659551.9585241436,-1443920.3425834575,28.07379775951083,28.263065049774326
660626.0733282189,-1443519.8273068862,1.4814669002380372,0.727269778838183
660171.0130657533,-1459098.485954451,7.1110411211425895,8.02277060826157
664786.3223599005,-1443906.7291843542,3.407373870547491,2.942539987331997
669900.8376918263,-1451345.7797438805,6.1480876359878565,8.359039199045375
664581.7497604156,-1450044.9065339887,2.0740536603332522,1.4277360511278392
661743.4861417967,-1445418.3474301891,21.036829983380148,19.93349072592056
661634.2857143902,-1450555.8735320845,0.07407334501190199,0.21500932928358152
670889.397751906,-1449146.4788769323,3.555520560571289,3.0980360063284875
663308.5043046338,-1454285.274851235,3.6295939055831976,2.718664212634345
667116.5502998244,-1441526.3036070259,26.592330859272785,26.443173010699
661453.5089384934,-1442574.7902475966,3.259227180523684,2.714186758075117
664798.6771212711,-1451126.8757545738,1.6296135902618436,1.6486470951858143
660546.7175900906,-1455012.9824312804,3.925887285630803,5.229523201034965
662787.6079307282,-1444138.9694016853,2.9629338004760752,2.873190979463186
665444.3979069968,-1437781.6813840233,6.888821086106878,7.517389339701797
671294.7921501223,-1452749.7451669364,3.9999606306427022,4.147807691644999
668905.9665606753,-1449457.2118718808,2.9629338004760735,2.874632186285063
660072.0160960471,-1447001.281002129,1.1111001751785317,0.3233850359298218
662233.8113649252,-1441436.7404489191,4.296254010690314,3.7057526088277593
665597.1041081975,-1447828.9715049667,4.370327355702217,3.9332342122478154
665885.5898185545,-1439728.4886919628,1.1111001751785294,1.0130498973584996
663184.6983971468,-1451384.7595985252,1.8518336252975476,1.9123329487770684
661658.5357351695,-1443661.6502665281,4.444400700714113,4.795741544377546
669661.2253741433,-1437207.1928271628,2.222200350357058,2.4602589137400894
664703.1791659037,-1462286.6535817268,3.3333005255355843,2.837657346409447
665272.8353258979,-1452194.5159378105,4.7406940807617275,4.223284740338602
667589.2144676505,-1448567.3472819705,1.2592468652023339,2.428375841214992
671571.6877432081,-1453851.5597899025,27.258990964379905,22.62171500035562
665954.8723106161,-1444771.3650489773,28.444164484570337,30.76770519360099
659781.3932056999,-1456128.4318574327,1.3333202102142332,2.6438327262557246
673732.8225089413,-1459821.8628063228,0.4444400700714084,2.3468359781406782
671285.3428336636,-1445787.0952906664,18.370189562951676,17.652925348647095
662044.5558599327,-1440211.4338069619,0.44444007007141373,0.6699542519257813
661974.0602095952,-1462502.7371546524,6.666601051071172,10.039134101783603
661182.1535312083,-1452863.355341666,5.703647565916446,5.262651568221008
658540.1762810055,-1443939.9329980155,24.962717269010945,31.30927348078385
666310.8552642779,-1457964.6924797753,1.4073935552261378,0.9454013459577535
667530.5851709482,-1453660.6121669689,4.814767425773623,4.642160700721568
665660.3523148553,-1449081.5240738057,0.14814669002380398,0.7187348677373748
672943.1812496502,-1455536.9748746662,1.8518336252975498,1.5738136566937322
665570.9773270319,-1449876.3928378345,0.7407334501190181,0.6760569503915299
670213.7780623863,-1464344.9859834227,3.6295939055831923,5.240941673741869
671099.8855768547,-1456973.267388288,0.22222003503570809,0.1591306215983379
665231.5242408846,-1463335.4313928082,1.2592468652023339,0.5066514174420611
666305.8649915364,-1447643.5260686395,0.14814669002380398,1.0918604944407555
662172.9143906184,-1463754.1217832922,4.444400700714116,7.882905904452516
663735.1608958628,-1449049.647945663,7.4814078462020985,6.48101826969811
666531.3340447557,-1460085.4201580938,3.703667250595091,2.9446348684606827
663318.3249488383,-1447332.8504884676,23.703470403808613,25.50232736444763
667924.023331769,-1456504.4289426294,7.481407846202095,6.401376793833938
669402.3604436389,-1453568.6902216284,2.37034704038086,1.726436318208437
671308.3521619533,-1464012.949407726,4.29625401069031,6.2754924550602755
664953.6523360503,-1457091.136562607,10.148048266630562,8.741525726309495
666014.0687550062,-1445532.463510739,0.9629534851547217,1.111377919920419
659794.0619988957,-1456887.6500377478,3.925887285630801,2.0412823443758707
668131.9777951802,-1440375.2513310532,1.2592468652023339,1.0103459707598987
673246.5047757732,-1456877.6166256494,12.666541997035226,12.973044797738613
660815.2110791419,-1440509.1532375214,3.3333005255355834,2.7645542919685466
665300.2671022019,-1440965.1750745294,0.22222003503570553,0.7256854817056935
670515.7099155651,-1442017.0647622366,29.036751244665552,31.075294635232215
670277.2120157161,-1463323.2874113526,4.814767425773624,7.0971640934483755
670423.1786084746,-1447195.8808669078,1.4814669002380394,0.491535417491364
668160.4484642367,-1451389.499385754,2.0740536603332513,2.685326578290172
662259.227879077,-1446483.1888498538,0.5925867600952182,0.8460891158640185
669468.1377151918,-1448371.3532124585,0.14814669002380398,0.4102437222215225
659916.7170750739,-1445617.5335460317,9.48138816152345,8.420037444497225
663230.7985719601,-1440367.6435584575,8.740654711404424,8.799996410033975
660264.7294796708,-1440898.6300455774,9.703608196559152,8.334325770632503
666253.9150788577,-1464977.5512935913,3.629593905583196,2.7115695662744717
662094.2545233495,-1447656.7422331055,1.4814669002380363,1.236122382333476
663829.5959869352,-1440142.6049598996,1.629613590261843,1.2260656375255783
668160.4235121801,-1463492.127477081,2.4444203853927635,2.6871799730724497
667515.1770161369,-1464745.471662656,2.8147871104522735,3.2036139065332065
664318.4680563847,-1447295.700221186,3.3333005255355834,3.962534495226415
665369.2618652662,-1446728.0108195897,3.259227180523685,3.1274340907969207
662534.4526686734,-1443552.7628365746,3.851813940618901,4.03153666020849
658972.4455486278,-1451191.1136651337,0.14814669002380398,0.07167499032909141
670010.3673531805,-1444971.244607988,2.5925670754165653,3.0782344353881648
663569.7577847829,-1442208.3270046709,1.7777602802856496,1.24954809280562
669092.8042455513,-1446284.0462995977,6.666601051071173,7.523362151714667
670189.892850189,-1445824.6031825608,0.0,0.4241764758496518
661417.3621467685,-1460615.6333673755,3.2592271805236868,4.328732560037639
663443.3798141077,-1465440.045569377,4.740694080761723,5.980800530827941
668977.9190157411,-1450335.2579399738,3.0370071454879755,2.60603380506772
667444.3004586236,-1442622.9697817469,0.8148067951309237,0.70134581376713
660703.4507178897,-1462038.913780029,7.111041121142586,8.09533430623875
658217.1490727393,-1448024.6561497478,0.14814669002380842,0.9505284123465598
660840.2923648645,-1444606.9655703073,0.6666601051071178,1.0559038478308436
659497.2042568199,-1442925.6713412078,6.29623432601166,6.132381889763777
665978.5784969584,-1451959.944301073,0.5925867600952159,0.10993587746551459
666315.570805296,-1452657.5905951695,0.1481466900238022,0.26730058856291095
664801.9691128051,-1449236.2548705614,5.925867600952152,6.57621227279558
662330.6873122015,-1453722.5742406095,1.1111001751785294,0.6115144359891387
665714.4363785624,-1449974.2140561065,0.07407334501190466,0.1284230060743603
671109.0429339188,-1450882.3658147599,1.8518336252975462,0.6293532867210843
663904.4654608853,-1445962.6031934614,2.6666404204284677,3.864985063038321
671112.9694303373,-1451753.7539563472,0.5185134150833157,2.8207264126775407
671377.4933593238,-1447695.8914026013,3.7036672505950974,3.9624634423593976
668650.2523490363,-1455355.8773473399,4.592547390737916,3.0645536727301836
666381.7208515841,-1446620.4118276886,1.8518336252975478,2.058464987671153
665828.9788940875,-1437833.1124822577,4.148107320666509,4.585182530033664
664196.2395687733,-1452014.36040037,4.666620735749823,4.598550887126161
670603.7692544868,-1453128.9630150418,3.555520560571292,5.527193923600883
657856.136759481,-1439249.2486511979,6.222160980999762,5.499522023489236
660418.87450881,-1446815.809293713,3.4073738705474916,2.8612426846933117
662571.8160198792,-1442411.926740353,2.9629338004760744,3.4852244306640525
668610.8103448986,-1436988.638531424,3.333300525535586,5.369844900721093
668179.0165901533,-1457587.756517883,4.148107320666508,5.0231775199802655
662841.1809379675,-1451578.8136706413,11.25914844180909,11.97481538542336
666629.0851240482,-1443644.5967436437,0.5925867600952137,0.977242033377498
666067.3535692585,-1456738.6195966979,10.888781716749584,12.482170418679214
665213.5649847811,-1458189.739015338,13.629495482189954,12.007844178056946
662051.0495350371,-1457688.9111608826,0.5185134150833104,3.6643748046288707
663120.663075132,-1457279.423220897,1.7777602802856478,0.7338630150677385
672381.1729668549,-1458773.1778421446,0.14814669002380398,1.0370439432726242
662636.2437445559,-1465802.8491147102,3.2592271805236877,4.907521913525457
670934.8406340566,-1445978.748105199,2.7407137654403715,2.8695572799268696
657442.7425106436,-1444233.5058054589,2.7407137654403697,2.631345829335229
662380.4926200199,-1458518.0803185496,6.666601051071171,8.804042798191151
667658.9136833684,-1461692.308753504,1.7036869352737423,1.0658516863532341
666263.1771817254,-1453050.3251010221,8.444361331356818,8.849778649142648
665924.1265435372,-1457906.483623029,4.962914115797428,5.510091742736305
670900.6209562155,-1445098.6583843236,2.5184937304046677,2.5491281447140426
666949.7298622999,-1457864.237786652,5.333280840856937,5.345708115476254
670895.3883185845,-1443952.6831788376,5.185134150833133,5.0535317050078215
672448.7033476469,-1452827.0037919816,3.407373870547488,3.4011110690490636
665871.1688046812,-1443648.3356410686,1.6296135902618416,1.1085755238196402
666692.2344630936,-1442638.6741812634,0.22222003503570376,0.2580565819066969
660401.3039170832,-1454911.0765698708,4.518474045726019,5.300471568616029
668791.4208444494,-1437334.5958639237,0.22222003503570775,2.0209921848685983
668633.3122522102,-1461441.267594381,0.8148067951309197,1.0505613646247767
669734.067149201,-1461260.2550507397,3.1110804904998783,3.0559562026536664
667600.300684121,-1460926.3076513922,0.5185134150833139,0.3479911990220881
668234.9344415064,-1464505.900567092,4.222180665678409,3.593681957720548
667456.2343935691,-1441331.118193635,2.2222003503570575,2.4635415498645887
663468.2995119519,-1442348.3135437926,0.8148067951309237,0.42816284072000776
659167.193790571,-1453063.982406403,3.185153835511784,0.8690120296068464
667833.6985777536,-1443301.8342751665,1.8518336252975454,2.062176602818145
660807.25459615,-1461902.9861432917,6.444381016035468,7.348813809105399
666032.516758534,-1439830.9995583068,0.1481466900238062,0.2499344310216105
667026.351292616,-1461788.0775899745,6.88882108610688,7.7535854941480356
664276.0956538835,-1441977.8188927583,4.962914115797428,4.924934570960729
663626.1726799968,-1443220.8230104984,1.1111001751785299,0.8884695680102794
664187.3618267524,-1465350.4552523964,4.666620735749819,3.558305104783771
663018.5034820675,-1462718.401461045,2.888860455464174,4.39764933287757
659391.843350033,-1443062.7868335634,9.99990157660676,9.888357200755326
667488.8056459627,-1448712.776012545,1.2592468652023339,2.810784966016614
661039.2167560164,-1457716.4607240972,0.888880140142823,1.7050385187152397
669438.98249411,-1459494.0973964208,4.962914115797427,4.926469269369968
664827.7011129004,-1444153.2780593543,2.9629338004760792,2.477908288512075
656990.378325568,-1439366.734267816,2.5925670754165653,3.0869143768414657
670204.3441312711,-1441044.2925277068,0.9629534851547237,1.3979922132481701
670235.2882493953,-1440161.6304160438,0.3703667250595064,1.072543500787679
659874.2848744041,-1440837.1942035072,0.6666601051071197,0.40547743133393066
670645.3599966678,-1447918.449624063,0.5185134150833095,0.7476058822688953
663601.0907100583,-1455506.6786059015,2.222200350357058,2.6456285331033804
666452.4665369643,-1447744.3460212043,1.3333202102142359,2.703827405924736
665197.467827623,-1445871.0395928745,0.37036672505950996,0.4485748629057009
661404.5647534935,-1442329.6427475966,6.370307671023568,6.544322434115468
671339.5075981223,-1452995.7085419365,9.851754886582956,9.711411965278343
668065.0150042601,-1456604.3263388905,1.4814669002380398,1.338270906666621
668859.9469976753,-1449211.5516218808,2.5925670754165635,2.4771488266821695
662177.5759589253,-1441193.208698919,8.740654711404424,9.859225500489721
665642.5414881974,-1448074.7933799666,0.7407334501190217,0.14822343970241647
661621.7660521695,-1443414.4340165283,0.2222200350357042,0.1747256351141857
659691.5936188698,-1457029.5188206201,2.4444203853927657,0.30607279546748245
661842.769570754,-1455581.4100608253,6.370307671023565,9.799889408658562
669610.5105601433,-1436962.4055771627,2.37034704038086,2.880150785424714
672042.6081687919,-1449700.569165767,2.370347040380861,1.7078756506322952
658370.5433432956,-1442981.3912979336,3.851813940618903,3.234713042099283
671621.0444272081,-1454096.6266649025,31.851538355117825,27.878414696298908
665914.791244616,-1444524.6472989772,28.22194444953463,30.618207032053984
659736.9770767,-1455882.4102324327,1.5555402452499392,2.8973744917982147
660956.3944967639,-1440615.8244612743,1.5555402452499416,1.4382950911912107
662032.7111645952,-1462745.7446546524,3.185153835511782,5.70404162259981
661041.471372594,-1450767.0592957237,3.703667250595095,4.034364761319149
670460.1069028978,-1464302.5696361645,6.074014290975958,7.507323069085679
671902.803633953,-1454924.8930795577,16.666502627677936,22.148110510635142
658594.8037820056,-1444183.8686230157,26.740477549296592,33.765304319907685
670174.5802710322,-1463456.548498407,0.5185134150833122,1.1988384343499785
667129.5417307084,-1446614.9885749798,5.259207495845033,4.78474809969565
657644.2422109288,-1438908.204639797,1.2592468652023316,1.1440611757506485
671138.1186378547,-1457220.3185132877,1.7777602802856456,2.137482887741562
665187.6047478846,-1463089.376767808,2.4444203853927657,1.8010924928729874
668142.4111046903,-1462467.6368042575,1.4073935552261376,1.3149913783538554
662209.4395156185,-1464001.4225332923,7.111041121142586,10.888142529694159
665557.7426682572,-1455056.0786660633,5.259207495845038,2.6493232069029187
663982.5169935802,-1450293.3514305511,1.111100175178528,0.9126582302618882
667816.392473133,-1444425.7441841331,0.6666601051071179,0.8567185435555709
663264.7811338382,-1447088.9416134674,22.29607684858248,24.125515770244732
667373.641025852,-1464640.7445256617,16.962796007725537,14.524018849932505
664107.463324142,-1463319.984397069,6.814747741094976,4.73616545611611
663130.2694554975,-1464476.8066709226,4.296254010690314,7.351479869968022
661665.789023628,-1466070.1490072983,5.555500875892642,6.76206180452203
669359.7086256389,-1453322.3669716283,1.333320210214234,0.5596432552954287
661158.97491763,-1462982.2509946814,6.740674396083072,5.590803532128943
663299.2179984999,-1465331.2057339975,3.851813940618902,5.155367458335836
667581.4667454902,-1442726.943443713,0.5185134150833122,0.597882547045077
667826.3931906436,-1455617.3658152001,0.8148067951309219,0.4459459459459465
670628.604344307,-1461333.191791874,5.777720910928348,6.323995046039803
664524.3371102485,-1464416.3940769401,1.18517352019043,1.3163723287519709
673192.9098357733,-1456633.4340006495,7.333261156178288,7.364966184916906
669312.2565069611,-1441053.1108347028,3.333300525535585,4.205071039195777
673032.8080146632,-1463864.9124844274,8.888801401428227,15.921911421911425
665257.3326082019,-1440718.9078245293,1.0370268301666279,0.7171696080538101
670475.426036565,-1441770.3742622368,27.258990964379905,30.02643025900163
671008.2137059732,-1444955.4928019661,0.44444007007141173,0.4877087447214832
662544.6114275912,-1449467.434042752,0.14814669002380176,0.36738356201185374
667793.9807663732,-1462668.03808916,1.1111001751785277,1.3514778421385234
662770.6837441485,-1445395.8272269065,2.7407137654403693,2.5897415935224855
664835.852154816,-1444827.5886914253,1.7036869352737454,1.1936396938665363
667870.4902815617,-1450539.1697240928,2.2962736953689555,2.6600271662420414
659957.8635290739,-1445864.1239210316,6.518454361047368,5.128133873553884
667236.09677665,-1452813.2565258914,3.703667250595097,3.161990862925161
662640.5641800015,-1461512.9051764638,4.666620735749817,8.64786304333389
660746.7459168397,-1454727.3384521897,5.259207495845038,6.83611438466592
664322.9509653132,-1454288.42814396,0.8888801401428217,0.9433239928847521
670453.7429856834,-1453030.129500184,5.185134150833132,7.133261217998685
662059.2882733495,-1447409.2173581056,1.1111001751785263,0.7743154113244515
660786.0606504024,-1445635.4716022778,5.333280840856936,3.796320584612241
668204.8067081801,-1463738.151727081,28.221944449534632,30.49882784848517
660274.619990427,-1446715.8918164065,3.4814472155593914,2.9774950655828967
667550.8341471369,-1464992.901287656,2.0740536603332536,1.724700870439099
667148.8113541728,-1440654.462052371,4.370327355702216,3.1370394806205937
662483.6002886734,-1443308.0507115747,3.555520560571292,2.9795286386426376
670815.5499789636,-1450041.9366185113,1.1111001751785263,1.0536256357314269
670055.9519821806,-1445217.045232988,2.2962736953689595,2.7326450173121044
660308.015122246,-1459198.10849512,5.925867600952156,6.6184292892841485
670229.733974189,-1446071.3468075609,2.2962736953689595,2.2055914270552712
663484.3552531076,-1465686.656069377,4.148107320666507,4.827553386933414
661013.8667818953,-1455835.1156661187,0.44444007007141106,2.1766280107047296
667414.4046456235,-1442374.8377817469,0.3703667250595082,0.7316357947692635
660661.4813498897,-1461792.4789050291,8.518434676368718,9.979513443165045
659864.7835403344,-1444753.5882739732,5.555500875892648,0.9241868797655144
660883.6953148645,-1444853.1635703074,0.37036672505951207,0.7282504149664443
666362.5558662959,-1452903.1313451692,0.29629338004760797,0.08454078714461843
666756.3548860135,-1439566.0957540455,0.8148067951309215,0.8148376505375556
670087.7328110684,-1451934.5159325302,4.96291411579743,8.689438979569568
671165.3132559189,-1451125.9098147596,5.33328084085694,4.202092684653968
663946.1270238854,-1446209.0489434614,2.8147871104522735,4.034835866092921
671155.2362333373,-1452000.1448313473,2.518493730404666,0.10589410589410875
667219.1766566869,-1447731.1942026364,0.5185134150833139,0.08668320168798438
665249.8783546989,-1464231.1828458249,4.592547390737916,5.076313874503732
665793.9070210874,-1437585.6324822577,2.222200350357059,2.8360867621583674
668820.2154622143,-1456590.5886874502,1.3333202102142323,1.453446401852477
668648.2952258987,-1437235.8052814242,0.14814669002380576,1.470430759687675
662790.5840599674,-1451334.0069206413,8.296214641333014,8.935453520928549
666103.7696892584,-1456985.9508466981,10.518414991690072,12.255581110013232
671485.1634761984,-1446784.878760079,1.6296135902618394,1.4548945458465044
671618.0660123543,-1448923.3582449127,0.5925867600952177,0.740417759822166
663162.807828132,-1457525.840595897,2.148127005345154,0.38577769303523723
672419.6735218549,-1459020.1913421447,3.407373870547489,3.164333240098988
672479.8886944628,-1459889.224355482,2.5925670754165644,1.3396718256827675
673087.6971792165,-1455640.5983312046,0.22222003503570598,0.5393581977100323
662423.8861170199,-1458764.2848185496,10.666561681713876,14.015657116612369
658857.263957813,-1444788.6613323565,28.44416448457034,35.986873909494776
670864.6771452157,-1444851.3555093235,23.703470403808613,25.17340973407384
670044.7499451454,-1462597.933162088,1.9999803153213538,3.529118185139801
668686.1396952886,-1443056.9174688305,2.3703470403808637,3.1822535489729895
670838.1893205846,-1443709.3333038376,23.77754374882052,25.139481183933782
663187.2281467976,-1441132.3035492222,0.6666601051071144,0.6458775824540695
672395.4113416469,-1452582.7637919816,0.0,0.17622903449554883
671129.8528266991,-1462263.4643658954,10.148048266630571,11.535488119470203
664607.050808172,-1456262.6529173583,11.259148441809094,12.69133098590851
662653.9226041038,-1460374.797363795,2.0740536603332522,1.9970408422151849
659536.0102906747,-1453870.735784784,2.4444203853927657,3.0655757973768765
668279.1806915065,-1464751.900317092,1.3333202102142359,0.48166569267017767
659124.9530337937,-1441849.2445556694,0.5925867600952133,0.5041909358723977
660787.9026382314,-1438752.032695684,2.0740536603332576,2.7290114808305423
670369.316082176,-1446172.79040326,1.8518336252975498,3.004017609923106
665984.048570534,-1439585.7536833067,6.592527706059272,7.004783164380658
667083.3421116159,-1462031.4697149745,6.07401429097596,6.402277697462987
667224.3916023708,-1451801.7922531543,0.29629338004760797,0.31958793125806473
664321.8937848837,-1442223.5803927584,6.370307671023569,6.329741316872301
670529.0715202601,-1447044.6356934565,1.1851735201904319,0.32654395615869847
661190.3807867789,-1456811.1822510082,0.29629338004760797,1.8441722117034045
668582.8168468797,-1459533.9442303842,2.5184937304046677,1.5249945635569322
667444.8725189627,-1448466.6842625448,1.3333202102142359,2.5223755718771237
661081.6983780164,-1457962.8137240973,3.555520560571293,1.5213225552615857
660499.6144225327,-1441768.7984533948,4.444400700714113,3.5014784752312833
669325.8216802843,-1448270.1640218194,3.703667250595095,4.405833830833261
668433.7088907959,-1442481.8100018802,2.7407137654403715,3.2904692804829563
669398.6601301101,-1459247.3818964206,4.074033975654605,3.9602705391826474
667203.6800016377,-1463783.5185685088,8.370287986344916,8.926444988126068
661419.0436692527,-1458803.199182258,7.259187811166389,9.460054251199697
663929.9604612647,-1439997.7298500407,7.185114466154487,6.619848859055506
669016.1112126171,-1445162.1469365028,0.8888801401428217,1.5017533837933934
671243.4527870752,-1457081.071633063,0.5925867600952137,0.2884708350953815
670154.9748152711,-1440799.2180277067,1.9259069703094478,2.563456315921259
665084.9355024969,-1463232.5996863237,3.629593905583196,3.42100792093842
670687.9458866678,-1448164.786249063,0.6666601051071153,0.22785729678115008
670188.0909393954,-1439916.1346660438,0.9629534851547255,0.44005946135393037
663561.5320220584,-1455259.8501059015,2.8888604554641724,3.2298670318702793
661463.4787467435,-1447691.6705319588,2.0740536603332536,3.339914567843837
665236.2789566229,-1446117.9902178745,2.8147871104522753,2.8495172884106448
665027.6306362649,-1446927.824857912,2.2222003503570575,2.073432707047585
658625.4066837765,-1450240.9931400265,1.7036869352737423,2.676550809642773
669127.4109956997,-1450434.5667739073,2.962933800476077,2.3342932915146752
665881.8161161859,-1461236.8664693902,9.333241471499639,9.883134601257796
664124.4072243895,-1453273.7573073572,3.185153835511781,3.724131335452479
661805.3226201166,-1460707.483472562,0.1481466900238022,1.200909632439462
660035.1141118936,-1457846.7682435988,4.296254010690312,6.634767963370651
671543.4506107841,-1459045.3895104807,5.407354185868839,5.674021448026735
661888.647696754,-1455827.1344358255,7.777701226249701,10.849002230973689
661376.7528175621,-1453482.9116434446,11.6295151668686,10.548801709093045
667724.4125395594,-1455764.627601766,1.7777602802856496,1.7291939280037267
663982.6411989558,-1445199.1690177326,0.8888801401428239,0.5102545524108697
658406.0369052957,-1443228.8554229338,3.6295939055831976,2.957544990882985
660922.4434947639,-1440368.1543362744,1.1851735201904317,1.0458807825849412
662123.4254834007,-1452352.8879040978,2.2962736953689595,2.105141967674118
667770.948252828,-1454622.8629271532,6.740674396083076,4.395777929908399
668507.5798484377,-1453608.3816496758,6.370307671023564,6.634966765362387
669819.8444714756,-1438938.1088681526,3.555520560571291,3.692307692307691
670129.8300290322,-1463210.5941234068,0.9629534851547259,2.956857237780282
657707.6444579288,-1439149.961514797,1.3333202102142336,1.2237475450669317
664409.5751171412,-1460449.690146138,2.0740536603332558,3.459213385196083
662745.0800554443,-1461368.7156011227,0.07407334501190199,3.127059990844506
665354.5502502545,-1458285.1367899142,12.370248616987622,11.04045359948174
671190.2493076961,-1463418.641718145,4.370327355702214,5.0522707989688715
668058.8990335691,-1463635.7011167782,28.221944449534636,30.638778036023858
664151.518635142,-1463566.060147069,3.629593905583196,1.2822025895936857
663176.5475194975,-1464722.4801709226,2.888860455464176,5.336655899458407
669652.4959134565,-1454543.7616818203,5.333280840856936,7.102559182518223
667643.8689341941,-1443588.7482972434,1.7777602802856456,2.251332060564609
661616.3165226281,-1465825.1777572983,9.407314816511546,9.954813673293268
669910.2263330482,-1445118.7666013218,0.5185134150833157,0.11868782302947611
661119.6684906301,-1462735.3823696815,2.37034704038086,1.7309198546209181
662734.6767175947,-1462514.473572316,2.740713765440372,3.7216288410728477
663339.2489924999,-1465577.9732339974,4.666620735749824,5.625337048026062
660871.5558951204,-1455729.0420801225,0.7407334501190199,2.332375431419747
667554.4138664901,-1442478.460068713,0.6666601051071162,0.8941914048677724
662033.5540215655,-1458710.4665543283,9.481388161523444,12.157923097089219
663103.4117118648,-1458294.9390792765,6.370307671023564,8.37802241592776
667778.5795046436,-1455372.0009402002,1.333320210214235,1.7074924984594784
669351.0686449611,-1441299.9852097027,0.7407334501190179,1.2751734806148336
669639.5150857398,-1442134.0203056103,25.629377374118068,27.585386635905806
666283.6700596055,-1441825.8884930883,27.851577724475124,28.588915479841468
670800.2844604403,-1444096.8848498508,24.296057163903832,25.70399158982195
670964.3956969732,-1444709.446051966,24.814570578987144,26.36686733653345
672349.479673863,-1452967.2348427528,5.555500875892644,5.707076854743013
662716.3063081484,-1445151.8469769065,2.8888604554641732,2.7142639604836414
666694.8424094536,-1460814.81767118,1.0370268301666261,0.5836051143233325
664879.385468816,-1445073.7521914253,1.0370268301666297,0.5663756164155291
665147.5577201501,-1464383.1981302192,5.333280840856938,5.573709184472902
667193.74433765,-1452566.8830258911,1.777760280285647,0.9982864940848142
658477.3939891676,-1450142.0524008523,1.4073935552261378,2.7216356951820586
662682.5742420015,-1461759.3318014638,2.9629338004760726,6.026553487150123
663999.9397256149,-1456329.360144381,12.740615342047132,13.181954612611088
660793.4696118396,-1454972.8890771896,0.8148067951309219,2.6285866116343515
660456.9861862187,-1460919.5519053098,3.40737387054749,4.989252709936244
664089.7374341015,-1441234.4904944845,6.740674396083077,6.009638167355202
660824.5975334024,-1445882.475477278,6.666601051071172,5.466932368083793
660318.867423427,-1446961.9349414066,2.6666404204284735,2.0646078632868248
665350.0807578873,-1447867.1141523374,4.444400700714116,4.569391309313082
667103.2032881728,-1440408.6619273708,1.92590697030945,0.8929867562663967
660278.6123092459,-1458949.87474512,6.074014290975962,6.474515978765463
663911.6835792827,-1444053.2532863347,0.6666601051071158,0.697328137654102
671766.23093194,-1449021.354433127,3.9999606306427067,4.082992337346528
659915.3404093345,-1444998.3657739733,30.592291489915496,27.962401807616708
673487.0066996168,-1459866.6588320597,1.3333202102142376,2.1067304191028775
656886.2224366267,-1439514.6952319122,2.9629338004760752,2.336134395747661
660750.3871368975,-1450576.9525865025,0.7407334501190155,0.7769957781018233
664459.1275574311,-1437949.986480428,10.222121611642462,10.928711526048636
670131.1929840685,-1452180.4780575302,6.074014290975958,9.809165289675397
670851.9750828008,-1457005.3148980604,7.407334501190192,7.241821694489888
661643.339580861,-1449411.8932041526,0.8888801401428221,2.2982668270814814
661305.9678546488,-1442477.9755423437,2.888860455464176,2.5076582161628416
662418.0556107613,-1463705.2138826866,2.740713765440372,6.259588426679516
661069.7380038908,-1447630.8932207318,0.2222200350357042,1.3987973189254381
667179.5835886869,-1447484.3519526366,0.4444400700714102,0.7984158767699725
660972.2920838768,-1451651.7635356924,30.518218144903592,30.13916086255628
668205.6162638549,-1456701.3755549667,3.1851538355117817,3.3121788832595507
666197.7988654524,-1463083.2006037931,1.3333202102142359,1.887133612485723
665200.353479699,-1463986.1715958249,6.888821086106878,6.827127561674924
668562.5679716098,-1447490.2183884857,3.0370071454879817,3.6484080850346317
662085.1649739895,-1441341.8072335194,5.333280840856939,4.825107689277172
662353.1992753855,-1454501.2565143495,3.777740595606997,4.17971429256996
668777.4947642141,-1456344.2718124501,1.1851735201904319,0.973151610375556
667994.2572398577,-1446453.6329223341,2.37034704038086,1.6410866899863894
661656.577718114,-1461794.9085165544,1.259246865202332,5.863176157593582
670181.5521832277,-1456348.2103791267,2.8888604554641755,2.550890093791929
660039.6974960634,-1456841.3866426349,4.666620735749821,2.886328015184599
657662.8459127229,-1445320.4359879266,2.222200350357059,1.5612899588071496
671575.5582633542,-1448677.0488699125,2.2962736953689635,2.2442653659488503
667059.9166635592,-1445727.125033395,4.148107320666505,4.1017486542509705
671523.9930163485,-1460061.3613278707,2.962933800476076,0.9889487270792241
666934.6246391027,-1455591.8129949316,10.592488336701974,9.741685496064488
672999.1790750324,-1456913.8082412577,10.666561681713876,11.148971365178662
673238.2480703171,-1463567.4205826134,11.481368476844796,17.11357561602872
669261.627861121,-1464516.2526005006,10.81470837173768,10.114327779313946
668485.0153315291,-1441322.2062353068,1.0370268301666243,1.7449577644710779
670921.0062078172,-1456246.594283438,1.7036869352737476,0.778738857044512
671942.2594663014,-1460873.2289383803,0.5185134150833157,0.9472511790033664
662900.2174841887,-1456430.5151988878,2.2222003503570598,5.681902600183186
660416.6990874787,-1452732.7824799295,2.3703470403808637,0.9883343536204467
658904.452961813,-1445034.1638323565,0.5185134150833139,0.8670745826809778
663104.7240289317,-1463468.5499177154,3.111080490499882,0.46545369543719595
668166.6161549629,-1445409.5255057854,1.3333202102142376,0.9509011402632597
672637.0637499214,-1454951.2442959868,0.8888801401428239,0.6208060372847508
667768.6886522305,-1437258.57797553,1.851833625297548,2.8379137193068047
663958.9058786125,-1463217.567226813,5.999940945964056,3.8726710633257664
672705.6482612109,-1453811.4085719015,5.629574220904549,5.738201501923373
665056.4091328639,-1456948.3649147367,9.036948091452032,7.865857846564499
663225.1007727976,-1441379.376549222,0.5925867600952142,0.6947130430464359
666342.7262275717,-1442827.037816089,3.999960630642701,4.090909090909089
671086.6968886992,-1462017.2589908952,7.851774571261608,8.902030841400618
672069.2734821965,-1464033.2415669016,9.259168126487738,12.332484838550718
658727.0250432066,-1451238.6946180658,1.9259069703094518,2.1417665444586227
662697.1429831039,-1460621.027863795,4.370327355702212,1.106186461846896
670255.8115494982,-1444923.7761712833,1.5555402452499396,2.04080381915979
659700.619891445,-1448935.544473432,5.036987460809333,3.6601162423828355
660769.9531281823,-1462928.228642853,7.036967776130683,6.57887364529871
664384.0184556819,-1464315.2516035684,9.036948091452034,6.642636052302011
659171.8793477936,-1442094.7934306692,2.296273695368959,1.2401163698917532
664465.1897978717,-1442961.0575751015,2.9629338004760797,3.0287082858929395
668732.1046113016,-1450380.7735621165,2.444420385392763,1.9613467745166604
667491.4034851191,-1443486.2510698666,2.6666404204284677,3.242426951416198
667176.2106633708,-1451556.4876281542,19.481289738130204,22.13695349070484
663838.7654133772,-1445087.2610478117,5.111060805821233,4.208625935896954
668535.5767858797,-1459288.4756053844,1.4814669002380398,2.0287359423901474
662111.1060329366,-1446379.530254323,0.5185134150833139,0.46120154148640924
667251.6181256378,-1464028.7715685088,3.037007145487979,3.685747226965275
666837.8902965472,-1449840.54523212,0.14814669002380404,0.16356896346432132
667937.7826641912,-1449652.8752681285,2.5184937304046637,2.844072045673559
673827.0042155429,-1461735.418685175,1.0370268301666261,2.7570347801998434
663112.4803981625,-1445213.3364485828,0.37036672505951007,0.44513457556935876
668580.6344506326,-1460688.4121620543,0.7407334501190239,0.9702114689737127
669672.5777913998,-1460499.2767481508,5.481427530880741,5.496750357596415
663973.6020862646,-1440243.8443500407,7.111041121142587,6.649804666914741
669052.6547196172,-1445409.372311503,1.851833625297552,1.629595804868396
669069.8067478687,-1451459.676490127,5.777720910928352,5.510426956883422
669515.9764285262,-1449250.8041975047,1.7036869352737423,1.9291669817674268
665043.003320497,-1462986.1509363237,6.074014290975956,5.844756713854645
664673.5311112372,-1454088.2560152137,2.1481270053451533,2.4739883025949108
661174.5580344636,-1445691.8035454773,1.6296135902618438,1.2389149713093393
670409.997807985,-1459206.4205511338,0.14814669002380398,0.32157280036492963
658578.3646167766,-1449995.5472650263,2.148127005345156,1.0022904636171575
667932.7977731244,-1457630.912174455,10.666561681713876,10.241088679940766
669072.6251216998,-1450190.6591489073,2.074053660333253,1.7934540239179952
666665.291338077,-1448980.8092231485,2.2222003503570553,0.3640200081075111
665250.6936155291,-1448012.8808176238,1.2592468652023312,1.4954387928567074
661421.7790635622,-1453728.7528934446,5.555500875892642,3.630060904490172
666897.8405935988,-1439666.8217152914,0.22222003503570242,0.2173913043478226
666205.3869948806,-1451790.610128712,0.7407334501190217,0.9684726919079489
667679.8804805593,-1455518.698226766,1.629613590261842,1.3052263618513482
662172.3000534007,-1452598.0631540979,0.8888801401428239,0.6698668846643869
668468.3234124377,-1453361.5528996757,1.1111001751785263,0.7116333685568677
664007.1308023764,-1452422.4301044014,6.296234326011665,6.085383242471521
663003.8322916948,-1452414.7173767984,6.888821086106883,7.127041817850905
658081.7016631757,-1447436.884935603,2.222200350357058,2.633293860653936
666803.4273404316,-1460668.6572985742,1.2592468652023294,0.4177086572879656
665625.0021275496,-1443691.5960285054,1.4814669002380398,1.0020362339315958
662853.2528693061,-1450425.703404489,1.6296135902618403,2.38687132246495
667337.4629271979,-1452667.850715848,4.296254010690315,3.5030995887351493
658074.9997112735,-1446276.5456185648,2.370347040380861,2.3062790460923788
662784.0192304442,-1461615.6481011226,1.8518336252975445,4.66030526611015
663845.2414902556,-1461211.6521674343,2.814787110452272,7.044842660430579
667470.8078455464,-1459694.5921859362,0.9629534851547259,0.41432602858577194
665314.5948752544,-1458038.3742899143,13.925788862237562,12.375677679451998
671149.8286776962,-1463172.030218145,8.518434676368722,10.264980305862538
664605.3253360298,-1461295.5846394459,8.666581366392526,9.581078879669835
663264.3352418956,-1457380.2633676413,3.259227180523684,0.7856747678846681
659412.7476419124,-1453017.166460798,1.92590697030945,0.03379477317742641
666799.5224968295,-1456619.243071645,3.407373870547489,3.2349263070959013
667587.5361861942,-1443345.2289222432,1.4073935552261356,1.8161821850262232
659653.0094552101,-1455123.8800833095,9.036948091452036,10.199011691509853
671039.2497295549,-1445830.920896748,0.6666601051071179,0.7671678117615108
666778.1412625043,-1461817.6786855746,5.185134150833134,6.026574441351027
663428.4610200059,-1460534.6813954907,0.2222200350357042,4.3464541833646795
669100.8685703261,-1440043.68409999,1.0370268301666279,0.27196065566855676
666063.9995324536,-1458003.5502749803,9.25916812648774,9.68785435071411
663148.2125838647,-1458540.8862042767,6.07401429097596,7.568912839528094
669531.7649010662,-1447982.8970986612,0.2222200350357042,1.2816088270570392
660436.9178280139,-1453762.2744749838,3.4814472155593883,4.276200186272657
666239.9456766054,-1441579.7478680883,0.5925867600952137,0.5520047275219673
670743.3622784403,-1443853.4614748508,22.666443573641992,23.94070223629322
674162.3693928922,-1463699.7686999934,8.518434676368724,9.781557292393272
663044.4066038515,-1441028.1402780283,1.7777602802856443,0.286531769001396
668674.8348525545,-1444312.4570741695,23.703470403808616,26.133320438501187
672298.645233863,-1452722.4844677527,3.703667250595098,3.987614938853051
663247.1165557944,-1463563.6754128481,0.7407334501190199,5.012239043369997
670450.1996188578,-1440999.1770636155,2.8888604554641755,3.244659436719499
663846.8729478931,-1455461.0434320925,1.481466900238038,1.7936149491495712
662300.6857431843,-1448626.1330650435,0.07407334501190199,0.13347866218449944
666724.8309134536,-1461062.9927961798,4.96291411579743,6.77633778976815
666111.1775149722,-1464103.2986841737,3.037007145487978,2.0173851663213345
666099.3116663134,-1463227.499351653,2.74071376544037,3.526916074145042
667307.8327463546,-1441230.3117848837,0.4444400700714142,0.6901819791866455
665104.5547201501,-1464137.0428802192,5.85179425594025,6.247554737420373
664537.3807319079,-1455260.1073042806,0.5185134150833122,0.5341376944190319
664105.007427964,-1458331.7759998008,6.370307671023562,7.182194362946024
663901.3078886135,-1457477.159006343,5.407354185868838,5.627228287657726
666518.4658751674,-1448877.646921313,1.629613590261842,3.518030789067841
657455.1284501688,-1442448.5353671287,1.7777602802856434,1.6517390955307572
659519.7489671323,-1441917.8728392343,5.999940945964056,5.0078203905624745
665395.5181378874,-1448112.9360273376,8.07399460629731,8.354402081858481
661752.275694058,-1461650.1771719072,1.999980315321352,1.6159267788587606
659775.3531546884,-1443758.8337203073,1.2592468652023359,1.5727016376021266
660353.1661858154,-1441669.1597934933,3.7036672505950956,2.777912401708249
664364.9705782384,-1443103.9270976912,5.555500875892645,5.671067213186155
672245.9090819776,-1451839.3210622785,3.555520560571292,5.334999701768389
666689.9495724824,-1437660.5056520626,1.92590697030945,1.8738219298628103
673443.9090746169,-1459620.4215820597,4.592547390737918,3.7657507945740853
671026.3969129454,-1456100.5005108896,0.9629534851547237,0.16647682631058336
664811.4532161478,-1449877.1266131394,3.629593905583196,3.188277992925798
669715.6756982284,-1448336.659218643,1.6296135902618438,2.2478446962856804
661786.7145921604,-1462790.283614204,1.7777602802856478,4.300525614889761
656843.4856856267,-1439268.576356912,1.0370268301666279,0.3403389208737364
660797.8316418976,-1450822.3913365025,1.1851735201904319,1.2825643077743925
662757.6312104887,-1456326.9735643505,3.9999606306427022,7.481617132008784
666551.7553959216,-1447598.5440352825,0.5925867600952159,0.8043130220746182
665124.6853888431,-1446779.7704775054,4.370327355702215,4.352197989775702
671961.9561760123,-1456826.7192831591,1.7777602802856474,1.5623162522597744
661689.2213908611,-1449657.6215791525,0.37036672505950996,0.4072361691073638
663736.0123028392,-1450334.9805238105,0.7407334501190164,0.18334102286373088
668168.8228248549,-1456454.1086799665,5.703647565916451,4.796610070616211
666160.0714894524,-1462836.1252287934,1.111100175178528,1.0016101748577473
668523.4269146097,-1447243.3335134857,3.3333005255355896,4.373761786108751
670138.6394872277,-1456101.9227541266,1.6296135902618416,1.2630120168812153
658267.6328004213,-1443138.250094492,2.7407137654403755,2.2716963335324794
660642.5122201181,-1438648.897208285,2.8147871104522757,3.4402609593088336
667269.8376248622,-1457552.5018461742,1.2592468652023339,1.2593441680989712
667020.0370325592,-1445480.4250333947,0.07407334501190199,0.08393968174989541
672945.5841350325,-1456669.6256162575,5.333280840856937,5.540892752356955
673277.5760723171,-1463814.2849576136,10.740635026725776,16.907387139065094
665519.5796071052,-1453797.5774858356,0.29629338004760597,0.12964860269455714
671984.8774693013,-1461119.4899383802,2.4444203853927604,2.9356919568152833
662940.5429931888,-1456677.2383238878,5.925867600952152,9.818315774624926
671256.126126885,-1444923.415524422,0.8148067951309238,0.8772798426465168
662790.5250634892,-1449422.5059426688,7.407334501190192,6.514765328314966
668037.6297549279,-1462612.3746116096,1.9984014443252818e-15,0.22780880617872534
667106.0838924919,-1463928.0096313055,5.185134150833138,6.068317238345047
663146.0399119317,-1463715.1094177153,3.9999606306427022,0.3287601910065092
659797.7600371654,-1450844.0827305145,2.5184937304046655,2.6335264432756604
664755.2036193532,-1460255.4192337734,3.629593905583194,4.505819072095308
672594.7546909214,-1454704.9260459868,4.148107320666507,3.7495756183542386
667812.6775932305,-1437504.62885053,2.5184937304046677,3.2789755028503595
668088.1678567247,-1452661.3060796964,1.9999803153213511,2.2673272398690267
668913.6367215442,-1445309.7088635536,1.6296135902618438,1.2909646212492585
664006.6326866127,-1463462.9273518128,3.999960630642704,1.5969325042849913
664968.0335267778,-1458236.4704953977,10.518414991690072,8.728534394924562
671080.4055867279,-1464179.9946468007,11.777661856892408,12.470541040238649
667834.3759037436,-1439136.9823094513,24.296057163903832,23.98801034970891
657271.4113748295,-1443258.9302159732,28.51823782958224,25.572561758916116
660729.524031359,-1455625.4399165385,0.14814669002380576,2.156825322115157
667691.0096287277,-1442582.5519528189,0.8148067951309179,0.8677286545360765
663778.3707567472,-1460350.4010003807,4.1481073206665044,9.928247811819613
664418.9547666819,-1464562.7894785684,7.2591878111663934,4.635762042352399
664511.2807978718,-1443206.7700751014,3.259227180523683,3.333223265661503
672347.2001774275,-1451691.7452584212,0.6666601051071162,2.760888658429254
659619.668002161,-1444802.7325979117,2.740713765440372,4.009889062047943
663876.9140373771,-1445334.3232978117,0.1481466900238022,1.886443799479724
663081.262347003,-1446124.927688482,1.8518336252975476,1.711302264412521
669020.7889815375,-1444128.9272652573,3.925887285630801,4.425896135407703
666799.2758535473,-1449593.55210712,1.0370268301666279,1.1316841225478702
667889.9998571912,-1449407.5295181284,1.7777602802856438,2.120073897172788
663897.7675104882,-1456473.932676387,16.444282592642228,16.117312554341538
673779.604898543,-1461489.962185175,1.7036869352737476,4.899824804989526
668539.2921346326,-1460441.8571620542,6.814747741094979,7.295309363348015
669622.3487253999,-1460254.416623151,5.555500875892645,5.759545563457092
665492.7745091774,-1464172.118315165,3.037007145487978,3.6119300939018633
669029.6671258686,-1451212.939115127,2.5184937304046677,1.7958174524801889
669933.9327067637,-1450076.994921268,1.481466900238038,1.8257417468747912
665072.0001612669,-1462219.110766234,2.1481270053451578,0.5938273412944959
664753.3174611628,-1461394.124513722,6.148087635987858,7.255728643930149
660424.554436689,-1443806.9436754899,1.1111001751785299,1.7768330320868029
666617.614593077,-1448735.4053481487,0.7407334501190217,2.9064012045700958
660013.7350111415,-1444850.7353377556,5.777720910928348,0.4118179624549896
665501.5069556751,-1453036.047011985,4.296254010690313,4.102096469158897
662828.7409358551,-1455309.5508004297,8.370287986344916,6.2056555329442515
666169.4389756253,-1457859.5385386231,1.7036869352737458,0.987629226539827
666861.1410935987,-1439419.5520902914,13.925788862237557,13.556939778596192
660663.2910613578,-1449552.0419379044,1.9259069703094491,2.941258264729173
670229.4833353795,-1452036.6500177847,5.777720910928352,9.869203097677968
663248.5565893422,-1458394.229055325,5.999940945964058,7.75674863318023
673399.1645923805,-1458876.3712941534,6.962894431118779,5.289786692089842
668761.8131966603,-1454571.6553668662,4.740694080761723,2.9321537424951796
667322.249647466,-1447584.2787107471,1.4814669002380398,0.6050066803563237
661069.9822491852,-1451507.3317193773,29.925631384808376,30.342146581296486
658833.2656012462,-1445931.7868191432,4.2962540106903155,3.292322222787361
663969.3629243765,-1452175.3076044014,0.0,0.2534483037197708
669127.7145379726,-1457290.2457785765,3.629593905583196,3.2174789807261384
658025.7662241757,-1447193.2310606027,1.0370268301666261,1.1777474027522148
668922.4928905114,-1456446.8338735604,0.22222003503570598,0.35097125889868863
659145.1133502054,-1446763.9495813008,5.999940945964059,4.557808703412349
668134.6224610591,-1446555.0399316852,0.9629534851547241,0.5042101263767869
666832.2848454317,-1460916.9744235743,3.777740595606998,5.235725307135468
665969.8214120609,-1455881.8462692131,0.22222003503570065,2.217411879744203
666499.7996786034,-1454643.9935000888,3.407373870547487,4.094152924322871
662814.7724903061,-1450178.724029489,6.81474774109498,7.915011832319508
672279.6290397176,-1463744.5910501983,5.185134150833131,8.348665648084824
658047.1341492734,-1446028.1168685646,3.925887285630801,3.6362957509125753
657801.2887310018,-1445427.8698314421,2.3703470403808655,2.5152335894923716
664252.8860198953,-1458437.626223105,5.11106080582123,6.055902863195239
667510.3491575464,-1459941.3441859363,0.8148067951309175,1.2157440620346414
669790.7787844769,-1456289.2261263737,1.777760280285646,1.3135983878864739
659419.5303983795,-1448733.1950445594,4.222180665678412,3.6313182033543265
661906.7451145661,-1456570.2109543679,0.3703667250595082,1.6513649664796084
666835.1699328296,-1456866.5908216448,3.481447215559389,3.711850163681655
668337.6836666248,-1441216.9596306758,0.9629534851547259,0.586719105269836
657713.1454912252,-1444300.1756919438,2.5184937304046637,2.4737727310740847
666835.1320815042,-1462061.0708105746,4.370327355702214,4.675266644665978
669140.9908853262,-1440290.24872499,0.14814669002380398,1.1882591013686499
664471.7684861785,-1465555.2337070927,2.148127005345156,0.8452446555581208
667171.107759721,-1457696.6050232437,3.555520560571291,3.759469696969696
669899.9255520944,-1462502.4742126805,3.777740595606998,4.987722899228897
669572.4116530663,-1448229.5673486611,4.222180665678407,5.253371067413133
660481.1374510139,-1454008.3287249838,5.185134150833134,5.795437363462408
668833.0700897067,-1443162.3327939129,0.8148067951309197,0.192195736048292
674110.677269,-1462796.8718348278,4.148107320666506,3.0965890242722143
659095.9498918625,-1440691.0586346025,4.592547390737922,3.583373095719516
672599.510584433,-1453956.5716911927,0.5185134150833162,0.26666673687596143
672003.8581933365,-1450886.6227724873,8.44436133135682,7.941020575625503
674116.5151378922,-1463454.0669499934,5.629574220904548,6.0219240195675425
663081.7644008514,-1441275.3175280285,2.814787110452272,1.172643647409373
660208.1566222722,-1447605.879885212,0.22222003503570598,1.1906090528400552
670400.8303028578,-1440754.1025636154,3.8518139406188996,4.410123539392588
668902.7130480336,-1461522.3560437793,3.9258872856308034,4.267462473195556
663807.3142598931,-1455214.2149320925,2.1481270053451524,2.37785344791647
662248.3043691843,-1448381.7134400434,0.6666601051071197,0.7515169320173705
666065.5215189722,-1463857.8418091736,5.333280840856938,3.819764784058714
661221.286020481,-1446445.5468536662,0.07407334501190199,0.7661397245403934
664437.1172941497,-1441039.7706758007,1.9999803153213538,2.2272122324801025
663854.3758246135,-1457231.6128813429,11.111001751785288,11.027438375248018
666469.6358761673,-1448632.4659213128,0.5185134150833157,2.5957038077701453
657407.3685131688,-1442203.1802421287,3.259227180523683,3.1738100003345804
661809.664284058,-1461893.4457969072,3.333300525535588,8.532358047110185
668438.4078482013,-1459444.5119610084,4.148107320666508,5.080658194442318
671960.0413576334,-1449973.334831276,2.6666404204284673,1.4575609387612491
660400.6275588153,-1441914.6102934934,2.4444203853927617,1.2891343826961514
666914.3207062982,-1445623.0817752075,1.4814669002380354,1.5441624759235038
672206.8904589775,-1451592.4690622785,3.703667250595096,5.476592702316637
666651.9427654825,-1437413.4350270624,1.259246865202332,0.990183015357891
664844.5441491478,-1450124.9151131394,1.1851735201904319,1.0519951319933423
672136.2001329565,-1455906.6602223334,1.2592468652023316,0.8911897362925425
667544.1442980163,-1449599.5014509256,0.9629534851547223,1.2219729379052708
662796.6907254886,-1456573.9004393506,2.888860455464174,6.014159615058743
668345.5218580964,-1448549.8780215187,1.7036869352737396,1.8770144519477947
664930.6836430847,-1445793.7958289257,3.9258872856308034,4.038030110183824
664138.1572678867,-1447063.8915778417,4.296254010690308,5.134384349630587
670309.8674598584,-1459348.4603830702,2.220446049250313e-15,0.1453912727608042
657953.7364798676,-1439106.0946432305,8.518434676368722,7.952586206896553
665175.7394508431,-1447024.4783525055,1.0370268301666279,1.0048972774122569
665637.4611582591,-1454786.7822130425,7.555481191213999,5.238105188445548
668082.2908344569,-1457732.5549290006,9.185094781475836,8.730685851063118
663687.0518038393,-1450089.8295238104,0.14814669002380576,0.8336809168470278
660872.72137781,-1446641.9152937129,5.259207495845041,4.61816874157316
661696.3792532883,-1460832.006342145,1.8518336252975454,2.995374470055445
658150.0269449729,-1448295.5729053775,0.8148067951309192,0.24374356094366778
660322.47029163,-1448844.4946612213,2.5925670754165715,0.6774140791135856
662697.4290540116,-1454304.9066866715,1.777760280285646,0.897526257037863
669390.2085368747,-1437132.9486650128,1.407393555226136,1.7850771650441324
661519.5334325992,-1453579.1381307952,0.44444007007141373,2.3174465130336577
670029.1137345424,-1457373.6043934042,3.333300525535589,2.975157546954142
666063.8995908201,-1451691.4517947338,0.4444400700714102,0.28703054242580617
665108.7193177689,-1452964.8333494759,9.18509478147584,9.328711314624119
666822.4482314964,-1444608.6478035739,1.9259069703094482,5.600129547297829
661996.887409108,-1450463.405384933,1.7777602802856456,1.9304527905594546
662164.9399729497,-1453496.9426006442,2.5925670754165635,1.930185030733024
667318.7568758621,-1457797.6673461744,2.6666404204284673,2.841238640772399
669157.0105633382,-1463382.9947550423,3.1851538355117834,3.1380213785834647
662024.7274582343,-1452496.9590116711,1.1111001751785299,0.8288247453783208
672803.4950273689,-1460730.1035106296,5.777720910928348,7.145039675737388
668363.0979867368,-1453506.2863540673,5.70364756591645,5.547804893268098
666527.7772188061,-1441771.955009543,1.3333202102142323,2.2988677489913627
665561.5433511052,-1454044.0077358354,4.296254010690314,4.2725256164824685
671843.6043179492,-1461917.5428168294,5.999940945964051,8.185238968997426
668874.0977396306,-1444026.707393644,4.222180665678409,4.680243976654653
672597.0651906321,-1452932.8032513256,3.629593905583196,3.4296236041986123
666269.3100162011,-1440685.409671025,5.407354185868843,4.374347063702623
668074.246930928,-1462859.6542366096,26.666404204284696,29.147536595743272
663000.881915244,-1450537.5029051425,4.814767425773624,4.859135013420152
667481.9482945013,-1452767.9668507422,5.185134150833137,4.65533136146855
657967.1719035727,-1446420.638376229,1.4814669002380372,1.174879817833955
671049.4327477042,-1463318.7475138993,3.7777405956069963,5.5156975583956385
669769.4983543372,-1460356.4643862308,3.7777405956069954,4.08011137315961
673237.7727142958,-1461798.3232929045,4.074033975654608,0.32466280191631647
669910.162593113,-1455248.754420186,5.185134150833133,6.813748456481744
672261.2369502967,-1462969.8992227386,1.7036869352737476,1.7045055031948628
668042.7991017248,-1452415.4707046964,5.111060805821235,5.4350305128394005
663495.6383617178,-1461394.077297064,2.740713765440372,0.4581991383923736
668928.3813162749,-1451362.4866066766,5.259207495845035,4.564767377114111
659551.6381128174,-1455269.2911992292,7.999921261285407,9.249705506552814
669442.9662170482,-1452405.2958266789,1.8518336252975498,0.4326440796517552
666877.5249966925,-1461681.4532725795,2.8147871104522757,3.9420035811588026
659146.8088184083,-1448029.4193850285,3.259227180523683,2.5738537176552
662916.9664884221,-1457571.237084813,0.5185134150833139,1.2124714659184264
667874.0544657435,-1439383.7811844514,17.629456112832656,17.146353169650727
664334.3453607794,-1441183.226282202,5.259207495845039,5.107053100952335
658889.6374654709,-1452215.0722131305,2.592567075416568,1.0838692719865524
662877.243554903,-1462615.6868448323,1.9999803153213502,3.075790133206203
663938.4428638178,-1462212.684665891,8.073994606297308,7.42480015305099
660766.7485893591,-1455872.6489165383,1.333320210214234,0.46191006787786737
667661.1138157276,-1442334.419952819,1.9999803153213498,2.30071026307247
665288.8871893403,-1442010.7149338708,0.44444007007141173,0.1288280169412297
670820.2720821403,-1442965.4450726893,1.1111001751785257,0.9000123069042127
663665.1857399205,-1444094.8913156006,0.8148067951309198,0.8301900462801437
666139.9586969339,-1441729.0589674236,3.8518139406189,5.3490678328877195
667178.0943665167,-1462766.5477582046,6.592527706059272,8.170995670995673
665032.6424651216,-1440880.5819699178,6.444381016035464,5.972479895224819
663742.107038134,-1438127.145665586,25.999744099177573,28.328790552290165
667021.4259374295,-1450814.6329628509,25.925670754165672,28.728383570217062
668138.1907634905,-1450622.0722679792,0.7407334501190137,0.9856080917168288
669070.5136755374,-1444373.9166402575,4.888840770785525,5.605106965823113
665276.8892622447,-1465113.056580585,13.407275447154252,13.15246872939823
674214.6499443309,-1462650.2873078487,0.7407334501190181,2.2803319472372277
664852.028543271,-1456213.0521168513,9.11102143646394,10.768166194348302
662837.5696777282,-1444510.5924016852,0.5185134150833097,0.47174742923783775
663855.5642584881,-1456227.527301387,6.962894431118783,7.160620238561828
669272.6401487532,-1457390.5451389276,4.444400700714116,4.374091555783959
664482.6017606002,-1448021.3913274093,3.8518139406189036,4.928988109855393
669973.4353297637,-1450323.8535462678,1.1111001751785294,0.7785373503852449
662756.6752732446,-1443385.9532542254,0.5185134150833139,0.4023368059784751
671040.8249645751,-1449869.7548053674,2.5925670754165715,2.949136385429796
664704.0394621629,-1461149.089638722,5.555500875892644,6.936137732952299
673906.7302190727,-1460563.757449775,9.703608196559147,10.218548909037716
666938.8489105054,-1456724.4190009884,7.555481191213994,7.526954179371552
661128.4642822081,-1452492.228341666,6.148087635987858,5.774378996265309
662875.6276248551,-1455555.0563004296,4.66662073574982,1.9165165072721795
665601.0416928553,-1448711.2466988056,3.629593905583194,2.554923948852135
666210.9517826253,-1458105.8735386233,5.777720910928348,6.070285940943707
671751.1377152456,-1455849.410451143,0.22222003503570176,0.02811125863387698
660703.8074983578,-1449798.7108129046,0.3703667250595064,0.0783359954361984
670285.9147513795,-1452279.9317677845,4.51847404572602,7.753857393549769
663294.7833333423,-1458639.8996803248,5.629574220904548,6.987910372227983
673374.1237803806,-1458627.6467941534,1.5555402452499383,0.6444415245252433
658657.6944003346,-1445074.0637036485,0.7407334501190239,0.2744910177091968
661542.0226504279,-1449555.2566474148,0.8888801401428221,1.798577902856107
666275.9213826001,-1453807.4944024358,0.9629534851547277,1.0683509854790367
668716.1413846603,-1454325.8783668661,4.2221806656784135,2.516153518296191
661117.6601291852,-1451752.6697193773,28.221944449534632,28.41032683229635
666472.4625447557,-1459715.1036580936,4.3703273557022175,5.295041489316032
661576.3460939457,-1442551.7011280493,2.592567075416566,1.7917658659902749
658874.2761002462,-1446178.3504441432,2.7407137654403755,1.5413131125628885
667983.0810817691,-1456874.6239426294,3.407373870547487,2.9801048251706224
668383.3261855175,-1437155.1950144966,1.703686935273744,3.1349208126974446
671370.1654179534,-1464382.744657726,10.222121611642462,11.755314414322708
659179.9647272055,-1447011.494706301,7.185114466154486,5.9856422024951375
663061.7908396996,-1451407.4947404508,14.296155587297074,14.33083824907551
668099.8840220592,-1446307.473931685,0.5925867600952124,0.3530130356180372
666545.6774296034,-1454889.7361250888,1.4814669002380356,0.98312701876371
659856.6583798956,-1457257.382412748,1.9259069703094536,4.179205770239854
666095.8254230062,-1445898.374010739,0.9629534851547257,1.08947320384127
666013.6072870609,-1456127.9655192131,1.9999803153213556,4.889623271632585
669087.8844154847,-1439031.631674299,23.55532371378481,23.214042405133767
672979.7923728747,-1462836.748760359,4.51847404572602,6.2893420688435455
672315.8036657176,-1463991.8521751983,7.6295545362258945,11.403497594942182
657771.2877930019,-1445179.696081442,4.814767425773621,4.367326912345537
664083.5612142982,-1462315.4451537244,7.036967776130682,6.5751649782584245
664209.3559568953,-1458191.5805981047,5.185134150833138,5.685586006184639
671658.6191967383,-1460163.4398665018,3.1851538355117803,0.7930204210287322
666835.1230129492,-1455740.1634763991,13.999862207249464,12.534668343465645
672709.9554848907,-1459723.9159442317,6.370307671023566,5.105449732066656
659454.7689643794,-1448980.6855445593,2.8147871104522757,1.9590340020648616
658649.2410433386,-1443171.6288499502,8.296214641333016,8.098748487544649
666076.1392173264,-1444741.2944267401,1.7777602802856478,2.136689168442457
661953.7521835661,-1456815.7367043677,3.333300525535587,1.5260116980747718
673134.9072040678,-1463715.2823766307,8.59250802138062,14.686722102895272
668384.2546686248,-1441462.5708806757,2.6666404204284695,3.3947455038713477
657660.9144272252,-1444055.7145669437,1.5555402452499383,1.5956890751868578
670373.8852384747,-1446824.1486169077,0.6666601051071144,1.9738066164332624
667652.8138631459,-1453634.4608321786,6.370307671023565,6.254903210502526
667219.2663297208,-1457941.9170232438,1.3333202102142356,1.3892773892773906
662684.7852061663,-1449569.5828651404,7.111041121142584,6.246513607323204
669859.7144230943,-1462255.7777126804,6.222160980999762,7.4230638557284525
662873.5382049843,-1438284.266106705,4.888840770785525,5.233970614509947
668277.3987183438,-1442255.2418868397,2.1481270053451555,2.7062475533892814
663166.66044496,-1439998.1874334575,4.5925473907379155,4.705890925342098
668877.7714657066,-1443408.286418913,1.2592468652023356,2.22908530788111
674072.1364579999,-1462549.8688348278,4.222180665678406,3.7157978248695276
667692.5043775463,-1449701.086186044,1.9259069703094482,2.2290939234900913
659140.5240808624,-1440936.9978846023,4.444400700714118,3.527839938733118
671965.3554413366,-1450639.6291474872,8.592508021380624,6.892715559515262
672561.2667824329,-1453709.6195661924,7.703627881237798,7.984123375787561
663195.1104039899,-1447353.8016334902,5.259207495845039,5.103154994165262
664234.4205513847,-1446930.2440961862,7.111041121142582,8.381812701643414
669825.1977374207,-1444238.354450625,4.888840770785527,5.509176009824796
668305.4670240043,-1463594.5388252684,29.18489793468936,31.569655784280645
669315.9192121061,-1451416.1089553572,7.925847916273505,7.552912795470835
660257.5728712722,-1447850.9390102117,0.2962933800476053,1.8550269956934553
668025.7051874835,-1461614.5589419752,4.074033975654607,4.23257184918836
670155.4143472041,-1445069.9669932043,4.074033975654607,3.269830709335987
658350.8522209774,-1449262.0764684193,0.2222200350357033,0.11533582105797802
665149.5435952344,-1439851.296705958,5.8517942559402485,6.959196115742413
660431.3839472479,-1448703.7876850085,2.148127005345155,0.6255791386668834
661260.2670184812,-1446692.4871036662,0.8888801401428239,1.8367230866316504
670470.9985641197,-1443158.0215495122,25.03679061402285,26.19839319680207
659955.4980788245,-1458115.0924727353,2.518493730404666,4.740459296225205
670392.2604056024,-1442036.6550109126,29.18489793468936,31.21862417259254
665417.9550727224,-1453939.4597221492,21.33312336342776,23.208883320149976
662419.4497686725,-1452560.6238854514,2.6666404204284673,2.9367325842856733
661259.1910990516,-1451856.039855953,0.9629534851547237,0.7206504921637538
664254.2829497734,-1452384.8240253702,11.5554418218567,10.703276629752255
664528.4004774762,-1453990.895920583,1.1111001751785299,1.3240768498968247
664971.0738920848,-1446040.4912039256,3.629593905583197,3.680940176910609
665628.3220640204,-1460130.0609100123,1.7777602802856478,0.8882136767845008
661348.66506517,-1454639.1581444452,0.9629534851547232,0.5923276334504397
664194.0736478867,-1447307.5555778418,2.2222003503570535,2.719462044316229
670263.4461478584,-1459102.81413307,2.8888604554641732,2.9441150300943653
658698.1468900319,-1449071.6686083362,3.629593905583193,3.016328817495366
663933.5591791185,-1451300.3252488403,3.851813940618899,3.980936792712004
662413.3436082993,-1464581.839534273,1.7036869352737458,0.9555938799156571
661924.75726504,-1444369.8666026127,6.148087635987863,6.018140278723804
668027.379520457,-1457488.7066790005,9.62953485154725,9.140207587401415
673087.9077325095,-1461690.398858719,0.2222200350357042,3.757057941634173
669810.485480525,-1455394.6181109026,0.5925867600952159,2.7787499619071365
662604.0686919943,-1450445.6459143783,3.9999606306427005,5.417280298931315
672119.8074517418,-1462872.702257172,7.33326115617829,7.842586622316777
668172.7620474927,-1447432.8513641953,0.8888801401428239,1.7872666314168981
660301.9637784641,-1457921.1768199594,0.2222200350357042,2.2678956207309025
659242.4118339239,-1447883.6830626333,18.370189562951676,21.738971625781492
663018.4478638093,-1457425.410047837,2.444420385392764,0.5668310494704585
667975.949924584,-1439236.6069313504,29.925631384808376,29.138696168469615
662743.1021130115,-1454550.6945616715,2.074053660333254,1.1274592971256627
661618.5183800651,-1455748.4802269437,4.222180665678412,7.3329507542660215
661570.4550595991,-1453823.8535057951,2.66664042042847,4.760861601195457
669992.3941745425,-1457126.3273934042,0.5925867600952137,0.09896598771052911
666101.6947228201,-1451938.5701697338,0.5925867600952159,1.1051486078911665
666193.0257457253,-1452681.955476022,5.555500875892645,5.947488315837791
666773.7641674965,-1444363.435553574,24.518277198939536,28.685715387045498
672859.0372743689,-1460973.8236356296,6.888821086106876,8.447125938346064
669905.6790534513,-1463369.8939919523,11.036928406773388,11.315567286339336
670989.743653832,-1443811.305754084,22.073856813546776,23.471759904576956
666484.052835806,-1441525.814384543,27.110844274356104,26.842052458372073
671894.2017589491,-1462162.3573168295,4.740694080761722,7.132804663656591
663593.9535617074,-1438028.0778749916,3.777740595606999,3.4281501288651803
659221.781225817,-1445976.0312820773,6.370307671023565,5.62371837094895
674408.0849022593,-1463653.791025565,8.296214641333014,9.183698064032054
668921.5631806306,-1444272.156393644,2.2222003503570575,2.563316980776416
672546.230750632,-1452688.0528763256,1.7777602802856496,1.7101616883086503
664751.6737484692,-1456359.3679471225,9.333241471499642,10.561372811190104
662957.3834192441,-1450291.3740301423,2.29627369536896,2.053810778226376
667439.5958555012,-1452521.593350742,3.2592271805236868,2.491626992628203
657938.0692805728,-1446172.369876229,1.4073935552261378,1.3561101836873783
660249.744302668,-1451891.7706356335,0.1481466900238022,0.9727337044553233
659551.0341867848,-1438875.622827401,6.962894431118781,5.319060367757967
667369.2448048485,-1459837.6825908157,0.6666601051071135,1.0835787274740731
667536.0692981209,-1460556.8764013923,3.925887285630804,3.9799076525175137
671001.8292477042,-1463073.3778888993,6.592527706059272,9.143391018050968
663391.4422049518,-1441981.4851687925,5.925867600952154,6.669838420703849
660897.0534215665,-1463918.999139809,1.1851735201904319,2.456690230574563
664783.0735727367,-1455214.0679571563,2.4444203853927657,3.5808638992707635
659507.9803668174,-1455023.1383242293,10.444341646678172,11.615033989934673
669404.1902850483,-1452158.326326679,4.148107320666509,3.532567296737537
666930.8636186926,-1461925.6046475796,5.259207495845038,5.7349760394059395
657658.6481465248,-1443337.4643892338,29.110824589677456,27.497813878175126
659333.0838560332,-1442692.4272085633,6.592527706059271,6.179791811924209
663983.5088548176,-1462458.5772908912,6.296234326011664,5.409657756542336
659528.3850291435,-1443797.5930834576,26.51825751426089,26.58995615225675
665239.4300063404,-1441765.7064338708,0.9629534851547237,0.710571321680078
663697.0380499205,-1444342.8378156004,1.2592468652023316,1.3474480772582336
667218.9217935167,-1463013.1888832047,3.9258872856308002,5.632000151620229
671898.0999644046,-1451034.1663895505,9.185094781475842,8.117862160496811
668485.3210172047,-1443341.6575361835,1.7036869352737416,2.319705650153173
661769.2882047966,-1445540.6249301895,1.8518336252975476,1.717829343638346
674014.5955297626,-1463597.841608889,6.81474774109498,7.846710664673097
670867.421317906,-1449023.4287519325,7.7777012262497,7.119786419044106
666981.9141904295,-1450567.8978378507,1.1111001751785257,1.4173675141829323
668095.5205054905,-1450375.7482679791,0.5925867600952142,0.8805932353760175
663331.2294266338,-1454408.1897262349,3.777740595607,2.966379008695278
674174.0441253309,-1462403.6216828488,2.1481270053451595,1.321035762368151
664800.501540271,-1455968.4414918514,3.925887285630802,5.363159540472184
661479.7435624935,-1442697.0034975966,5.555500875892646,5.186661948569952
664770.2521752712,-1451005.1848795738,10.962855061761484,11.244123632227486
665461.0499659968,-1437905.5581340236,8.44436133135682,8.908805699446308
662803.6269277282,-1444262.9286516854,0.5925867600952158,0.5275743983938757
664534.1783476002,-1448265.8820774094,5.777720910928353,6.637271679599564
670997.8941364505,-1461268.4398685019,6.148087635987858,6.0851932305113685
665909.1931925544,-1439851.2376919629,2.518493730404665,2.447075277473913
664726.3400439037,-1462409.4848317266,2.3703470403808584,2.0544829180826873
671548.8649322081,-1453728.6625399024,26.51825751426089,21.850954454753072
667611.7634676505,-1448690.2926569704,1.1851735201904319,2.516491949418784
666548.2463189573,-1437562.5850122978,3.1851538355117803,3.1072035758330276
665974.2621216162,-1444894.8259239774,31.481171630058313,34.13003319846165
661164.6122772081,-1452739.594591666,5.777720910928348,5.357155886252214
658516.7067210055,-1443817.1942480155,1.8518336252975476,2.464727526522024
665640.6954988553,-1448958.0799488057,1.851833625297548,0.7100566849601027
671784.5439742457,-1456097.163701143,0.8148067951309239,1.134288181361816
661934.0307634833,-1451395.9192678104,0.5185134150833157,0.8966229526747878
671080.6846378547,-1456849.7533882877,2.1481270053451555,2.664906677262261
668693.9583334853,-1448355.4506977992,1.9999803153213476,2.11628245570808
661116.9651936373,-1441742.8105588933,0.44444007007141195,0.1082847621403964
661591.331337428,-1449800.3252724148,0.0,0.4160087550687317
662153.5883296186,-1463630.6325332923,4.666620735749822,8.530860224517633
666329.4008695364,-1447766.2161936392,1.6296135902618438,2.961521930890152
670656.7531238536,-1459166.3577334897,0.1481466900238062,0.1674468186908329
666513.1892327557,-1459961.7530330936,0.8148067951309219,1.7459896172434552
667942.3562697691,-1456628.0758176292,1.9259069703094513,2.2084381159173554
671326.5409099534,-1464136.600282726,9.777681541571054,11.437879456856539
664977.0658920503,-1457213.911062607,10.37026830166627,8.88100353606628
658388.0351376394,-1441955.1494952643,25.407157339082357,30.913091142654412
666042.5943140062,-1445654.141010739,1.7036869352737436,1.8674824996041806
659815.1707518958,-1457010.8534127478,0.37036672505950996,2.503515492308539
661513.0664131746,-1438544.8466847416,2.444420385392763,2.4114443771787872
669134.0648494846,-1439277.292924299,24.592350543951436,24.37542040244747
668109.2507941802,-1440252.3350810532,1.7777602802856496,2.1948925040892613
669732.7981989204,-1436936.6309182271,3.333300525535586,3.98772554122864
666873.9123879492,-1455987.079101399,9.555461506535348,8.296882685618542
672746.7991718908,-1459971.0918192316,1.2592468652023339,3.0280223674272424
673175.1012710677,-1463962.0245016306,8.296214641333012,14.266261251008997
660832.5764541419,-1440632.9299875214,5.777720910928349,5.288599418697453
670534.006852565,-1442140.7155122366,29.036751244665552,30.702470233252505
670299.1485727162,-1463446.3439113526,2.3703470403808637,0.13344291595303837
669696.0324926171,-1443010.6399207166,28.221944449534632,32.72438499011706
662650.2978991664,-1449321.9799901403,22.74051691865389,23.532719887064914
659961.3603409614,-1440568.9788764562,3.999960630642705,5.094760196822796
664607.7676735551,-1460158.221426047,2.0740536603332504,2.9843637128656937
663208.57156296,-1440244.6368084578,6.666601051071171,6.720511973433023
667644.7215705462,-1449455.740436044,1.1851735201904283,1.5050957749893206
668189.273538339,-1452517.2603844453,9.333241471499644,9.800615310123906
663597.8690434832,-1461247.1798791406,0.7407334501190199,3.1768740269662263
666275.8967628577,-1465100.5324185912,2.0740536603332558,1.7344646021975834
664290.7843653846,-1447173.805721186,4.444400700714115,5.2599475304425685
668351.6882080042,-1463840.2222002684,30.14785141984408,32.478548318627574
669275.7795901061,-1451169.3715803572,4.666620735749821,3.838303291067602
670777.4088214103,-1460291.530660912,4.51847404572602,5.1674262596817755
669055.3924259655,-1452349.7013831139,7.999921261285411,7.249029217654965
668073.4528114834,-1461859.9491919754,4.296254010690311,4.392177397555395
669073.8589275512,-1446160.490674598,5.111060805821233,6.068904553874696
663423.3630041076,-1465316.661319377,4.888840770785527,6.311704966514932
667458.1153356235,-1442747.169031747,0.07407334501190022,0.17982405175740812
659768.7433646955,-1444900.490239718,25.629377374118064,29.717771890050845
670434.1345651199,-1442910.7879245123,27.85157772447512,28.832992265242236
660819.6141108645,-1444483.6964453072,3.925887285630805,4.956471350123908
657117.7707807128,-1441104.832344186,1.9259069703094482,1.3464137882572533
665959.6838659584,-1451836.384176073,1.18517352019043,0.9040033924536672
671737.2424901796,-1454703.1691318525,14.073935552261364,12.205157965942046
665537.5676538774,-1449104.750975998,0.8148067951309237,0.1747604179154525
670351.9765266023,-1441789.9645109125,27.407137654403712,30.169759796361955
665693.3677125623,-1449851.0039311065,1.4814669002380372,1.396445869056711
669983.5966531297,-1452081.5826905537,7.333261156178292,10.85091552518712
670475.1157289229,-1448963.8878581105,4.814767425773623,4.28458246175573
662050.6560009748,-1463780.049211969,5.11106080582123,8.728181491542236
665456.4825127225,-1454186.453222149,17.703529457844564,19.306132400455265
663725.1534907115,-1454476.9906366966,1.55554024524994,2.191748799226163
666402.8017935841,-1446743.5513276886,0.9629534851547237,1.0961945439039749
665347.4700310933,-1464078.167363537,4.074033975654604,4.4559831444934535
664216.5150717733,-1452137.7015253701,5.259207495845035,4.871341691000504
658270.8964092808,-1447144.5368064733,1.9259069703094491,1.666607074194384
665580.0129410205,-1459884.7761600125,0.5925867600952159,0.15030273603701083
666746.7651146022,-1454605.209659703,2.1481270053451578,0.6117715618559956
662360.498686882,-1443329.745674043,2.592567075416566,2.0159155304103127
662454.3232962992,-1464828.4534092732,3.111080490499882,0.798803449327627
669765.0014155249,-1455148.7968609026,8.148067951309208,10.136330114495275
663119.2927801774,-1453282.3318236347,4.740694080761723,4.858015625248047
667046.5822738982,-1456581.098169785,2.66664042042847,2.6356707403656765
662030.6021600371,-1457565.6026608823,1.8518336252975516,0.7998035273084643
671472.4735208349,-1448823.1353167887,4.37032735570221,4.192904722907885
672359.0730278548,-1458650.1865921447,1.6296135902618438,2.81483342656768
668020.0018605839,-1439482.6568063505,11.333221786820996,10.169971259025544
662614.3966175559,-1465679.7788647101,3.2592271805236877,4.8508002778033745
663061.9730458094,-1457671.5884228367,2.962933800476076,5.9286811709500284
657469.4440716435,-1444355.6203054588,2.7407137654403697,2.609457258456317
666925.2111732999,-1457741.666536652,2.222200350357058,2.056902985074627
670143.6847842115,-1462447.2979150037,1.999980315321352,3.4706815106133124
668616.4315876863,-1454468.4470373099,0.37036672505950996,2.753298099956771
667397.1728350265,-1437309.472049958,0.37036672505950996,1.3384244115288109
663645.2776197074,-1438272.7462499917,1.7036869352737436,1.5510154179860494
665892.4711756812,-1443771.5026410688,0.9629534851547259,1.6710255075148388
665605.529116848,-1442959.465613556,28.444164484570337,30.57461274726928
666712.0357780936,-1442762.0613062633,0.9629534851547215,0.9431221847198943
664704.4304374692,-1456113.9070721227,5.555500875892642,7.256128593865901
668770.8693464495,-1437211.3074889237,0.6666601051071162,2.172389656754527
668656.4683182101,-1461564.101719381,4.51847404572602,4.846367383431995
661338.1754737338,-1465100.7264247444,4.666620735749818,4.104207390100276
669756.2710962009,-1461383.2563007397,4.296254010690312,4.01806181750621
662799.7580090975,-1460481.9789252093,1.4073935552261343,5.314106885566618
667577.590375121,-1460803.3917763922,0.8888801401428221,0.8775173046412466
667484.1928915691,-1441452.935568635,1.1851735201904339,1.285576963774976
663445.9860099519,-1442225.3270437927,1.1851735201904336,0.7781892422399839
659190.7298545709,-1453186.681906403,2.66664042042847,0.5333951262559413
667861.0903887535,-1443423.7511501666,3.5555205605712894,3.8436852964750785
660827.74859515,-1462026.2926432919,6.518454361047372,7.359160902960051
664754.3308917367,-1454965.7999571562,1.6296135902618438,0.04781374562027452
666056.244755534,-1439953.723433307,3.4073738705474876,3.6436143933239413
668940.0105583249,-1462654.6506757913,3.851813940618897,3.8642416429400783
657624.2713265248,-1443089.8720142338,0.5925867600952159,0.6323183966081949
664254.0445938837,-1441854.7863927584,6.444381016035466,6.403678514025538
663608.4153629967,-1443097.0933854985,1.7777602802856478,1.52714932126697
659372.9603530332,-1442939.2225835635,9.036948091452034,8.963305998845598
659577.3660251435,-1444042.7283334574,2.0740536603332558,1.364326350882859
661019.4749390164,-1457593.0298490971,0.14814669002380398,2.531308637782997
662725.7369590016,-1438186.7205268398,1.7036869352737458,2.3356050744936883
664598.4304444157,-1450168.781908989,0.6666601051071162,0.1782349778406136
671862.7784014045,-1450786.6910145506,9.70360819655915,8.42824647533036
662817.7724647942,-1440185.797083659,0.5925867600952159,1.1297828911054175
659855.3023124042,-1440713.6514535071,1.4814669002380394,0.6276436758644675
660356.5040291856,-1447712.1008308183,0.14814669002380398,1.4488609617468757
669003.6374006122,-1461384.4496027452,1.1111001751785317,0.7171096161254438
665176.406577623,-1445747.8332178746,3.7777405956069994,3.872041996063024
670556.6391664376,-1459308.6104489658,1.6296135902618438,1.8942156223168252
658494.0209174566,-1449362.5626579055,2.222200350357058,2.231092606579516
661715.4174382684,-1444659.617463857,3.03700714548798,2.8671396988656728
671316.8902181224,-1452872.7722919364,7.185114466154488,7.244555904672284
668881.2350606753,-1449334.703871881,2.2962736953689555,2.2242175038653373
661117.9307747391,-1446593.22080986,1.1851735201904274,1.804238381225756
670953.9465204505,-1461022.343618502,2.222200350357056,2.0661270750804377
665620.5446081974,-1447951.7475049668,2.4444203853927675,1.8889433024449316
660098.7431188936,-1458216.3187435989,2.2962736953689618,4.703998103132838
664754.1344244704,-1439789.5456542033,7.03696777613068,7.947805946438961
665860.7250045544,-1439605.9918169628,3.925887285630801,4.307773455885135
661641.7748631695,-1443537.7886415282,2.2962736953689618,2.1664834918783153
669635.5270611433,-1437084.8645771625,2.592567075416566,2.9641973403795046
661275.3147514984,-1453632.518964628,6.814747741094973,6.155099682998557
672063.0808547919,-1449823.866290767,2.222200350357057,1.411513603917916
661410.9866532249,-1452697.250110799,6.22216098099976,6.0131877710310135
667567.8303406506,-1448444.2009069705,1.2592468652023339,2.2280825552792933
671595.6282412081,-1453974.2402899023,29.258971279701257,24.923898425296038
673560.6157103553,-1460753.210538763,3.7777405956069945,4.135379570780858
660977.0774947639,-1440739.0699612745,1.1851735201904317,1.0566166342225556
662271.2806043788,-1452455.7495880947,0.8888801401428257,1.2204110640403565
670480.2930888978,-1464425.9256361644,4.666620735749822,5.998405814817772
671882.504506953,-1454801.5558295576,7.333261156178288,6.0757114223919295
667154.6054177085,-1446737.4285749798,5.555500875892641,5.0413048128210205
672090.4264056159,-1461880.5510848968,2.2222003503570527,4.786389171296346
661978.6221394833,-1451641.9072678103,2.370347040380863,2.9507854301801153
665208.3241168845,-1463212.6408928083,2.3703470403808637,1.7300445758842375
664074.997459997,-1451401.950747141,3.3333005255355874,3.331229358579318
661067.8875106373,-1441497.6819338934,27.555284344427513,27.98358591683384
662190.8111396185,-1463877.8277832922,5.036987460809332,8.551431229720107
665535.5628572572,-1454933.0641660632,12.592468652023328,10.132586314683145
661741.0268417677,-1454701.711542266,0.07407334501190377,1.3660792622996478
670134.0167741899,-1457229.2280843593,2.8888604554641732,2.6989649261895363
662167.7132269712,-1440190.2214764068,1.2592468652023294,0.9390116228454479
658435.2023846395,-1442200.5913702643,2.4444203853927635,2.0575649674260337
668154.1851661801,-1440498.2619560533,1.9259069703094496,1.7190091736908022
667847.0408766437,-1455740.6125652003,0.8148067951309237,0.9290540540540562
673219.3798387732,-1456755.5955006494,8.592508021380624,8.789571670094421
670090.5183677385,-1464365.685297364,7.333261156178291,8.53348372257608
669300.2523179611,-1440928.7492097027,3.481447215559389,4.336691568989451
665279.627856202,-1440841.9008245296,1.9999803153213518,1.7564573586882206
670496.8253525649,-1441893.5131372367,29.110824589677456,31.473061107267185
670254.3983307162,-1463200.3895363528,0.8888801401428257,1.6245758874772651
663611.6812132762,-1449068.886756985,8.962874746440137,8.238756288678765
669744.900993617,-1443255.8026707168,32.59227180523684,36.082181369782525
659997.5296519615,-1440816.3302514562,3.333300525535585,4.354406084601889
670522.579343929,-1447941.8944910523,2.8888604554641755,3.7337804659333695
662669.5505287016,-1448559.6434811186,1.7036869352737418,1.5362664595803683
666775.8330418769,-1450861.2395926109,26.8886242393204,29.67715199950722
665546.4255526224,-1443962.913552864,0.4444400700714102,0.3279273616280518
667891.4687225617,-1450662.3963490927,2.0740536603332496,2.3811655706085646
659937.3360240739,-1445740.8212960316,6.814747741094976,5.4098680084868835
662621.8046880015,-1461389.3230514638,1.111100175178528,4.6624115832448325
663639.305611483,-1461493.7193791405,6.370307671023566,4.098304398808917
666237.6708898577,-1464853.6622935913,3.40737387054749,2.465100734125892
664030.2881141014,-1440864.2647444843,1.0370268301666279,0.6585184656543515
662076.3193973496,-1447533.0482331056,1.7036869352737423,1.4344690115920686
660765.0819074025,-1445512.247977278,7.40733450119019,6.398664339424574
667172.4975351728,-1440777.1955523707,2.6666404204284695,1.2574233464543232
670735.3334554103,-1460045.1061609117,2.3703470403808593,1.3736450105206446
669725.9860117324,-1450359.0612775907,2.2222003503570558,1.8195087258108011
662510.6062896734,-1443430.0833365747,2.4444203853927657,2.5966515997234048
670795.6748459635,-1449918.5306185111,3.703667250595098,3.6688915643504867
669113.3999365513,-1446407.3081745978,3.3333005255355896,3.959593509601315
660052.2279229355,-1452820.9484144677,3.703667250595098,1.9969246404195697
668037.6527443498,-1451412.83765245,1.1111001751785254,1.7323943661971803
660862.2526848644,-1444730.0193203073,0.6666601051071178,1.0855640997276814
665998.8856829584,-1452083.279051073,0.37036672505950996,1.029201862892302
671780.2385511796,-1454949.4047568524,10.592488336701974,16.806412895746483
665735.6618785623,-1450097.3949311064,0.29629338004760974,0.3658962983507328
671137.0781229188,-1451004.1696897596,5.40735418586884,4.050842969809393
662110.6142026079,-1445341.98223144,20.962756638368244,19.86855130299393
670040.0280691298,-1452324.8644405538,6.07401429097596,8.73556982105892
663923.8758408853,-1446086.0811934613,3.111080490499877,4.35747178473588
671133.8629873373,-1451876.9878313472,4.222180665678408,1.6633366633366613
673621.3805011294,-1458590.792725463,4.740694080761722,2.1662954569429154
670519.8154699228,-1449209.8536081105,2.3703470403808575,1.8587742103969571
659095.2473431395,-1451167.8144428607,3.037007145487978,3.154839617531837
663679.5165577115,-1454231.1945116967,3.2592271805236877,2.4962000026545352
665812.3268350874,-1437709.2357322578,2.592567075416567,3.1937661702891527
658339.499900955,-1447999.140946944,1.0370268301666234,1.7817408440127664
668538.784690539,-1449533.246906309,3.3333005255355834,3.240019885747765
670552.5756105692,-1453901.597586786,7.5554811912139925,9.705833301870877
661662.9786728749,-1448660.4938695182,2.4444203853927595,4.4432412280742755
668629.5282798987,-1437112.2260314242,1.18517352019043,2.8961145412679503
662816.6088119674,-1451456.265295641,0.7407334501190177,0.8487138097552434
666792.642865602,-1454850.9522847033,7.03696777613068,5.689051504942577
666085.7950652584,-1456862.250221698,10.222121611642464,12.179188855807372
671511.6197271985,-1446907.044260079,1.8518336252975454,1.6517767368264806
662453.9343186641,-1453701.7640998533,0.9629534851547237,0.471144175644322
667082.2297098981,-1456828.4459197852,2.5925670754165697,2.158746883779923
662072.3742340371,-1457812.0785358823,1.6296135902618403,5.116456276892279
672400.5270218549,-1458896.6675921446,1.037026830166627,0.4920028105920844
667161.497832189,-1445585.6634935273,0.14814669002380398,0.12900860659561286
672463.4242024629,-1459765.3602304822,4.666620735749822,3.5740971357409705
662771.6782613744,-1455700.5983039713,4.14810732066651,7.313296834875859
670864.5864668173,-1455875.892783438,0.8888801401428221,2.203296097665401
673106.4635592166,-1455764.1694562049,0.14814669002380176,0.5020568797706337
662402.06843002,-1458641.2043185497,6.962894431118779,9.269084923227082
670884.7130212155,-1444974.6982593236,2.8888604554641732,2.887398952292209
670103.4736552114,-1462200.6014150036,4.444400700714116,5.906022467112868
668568.6404596863,-1454223.06566231,6.814747741094977,4.947730771873954
663537.163740937,-1448461.1128461123,0.29629338004760797,0.3767811402289023
666752.3911934585,-1443624.1036050653,0.07407334501190199,0.37056136801547535
665125.4308758639,-1457316.8926647366,10.666561681713876,8.828265007107575
665561.856489848,-1442713.4206135562,28.592311174594144,30.74093000748516
666670.0800200937,-1442515.6574312635,2.2962736953689618,2.3887759278544056
661289.1262277337,-1464855.5942997443,1.6296135902618403,0.5373358775510972
662840.8728270974,-1460728.5590502094,1.4814669002380398,1.7696822890516337
659560.0072926747,-1453993.406284784,2.962933800476076,3.6011823104035123
668258.4596285064,-1464628.660942092,4.444400700714115,3.834961247669333
659148.7402945709,-1452940.384781403,1.7036869352737458,1.023503177747191
657160.5508183325,-1442242.892628315,0.518513415083314,0.49656381668757266
670352.6945151761,-1446048.90602826,4.074033975654605,3.876945688352147
660785.7792271499,-1461779.8577682916,7.925847916273504,9.243340039886347
666008.9133845341,-1439708.250558307,1.5555402452499418,1.683959811137024
668903.7533743249,-1462407.4230507915,3.1110804904998814,3.2009923290887157
664299.2388448836,-1442100.6533927585,7.40733450119019,7.564649068421101
669448.198113446,-1447357.7708555576,1.1111001751785299,1.4550048357255565
664206.2890127525,-1465474.0130023963,5.555500875892643,4.390463059600304
670513.0618972601,-1446920.6671934566,0.44444007007141195,0.5306230324694345
661059.7808210164,-1457839.7538490973,1.7777602802856451,0.6654576295942345
659577.0160701429,-1449861.267919672,6.740674396083072,8.276281202306611
662777.0085190017,-1438431.3934018398,2.148127005345156,2.579609432530631
668416.4910147961,-1442358.0245018802,2.8147871104522735,3.3468129441822385
669418.3560041101,-1459370.8138964206,4.740694080761725,4.753358082240777
667180.5532536376,-1463660.703818509,5.407354185868843,6.278686397653792
663822.6607892653,-1446228.5493249777,2.592567075416568,3.8121188596159232
661395.4021712528,-1458680.455432258,1.7777602802856456,1.5755636722065143
658695.202153034,-1439123.2599303178,0.3703667250595064,2.542576807685432
663907.8459632646,-1439874.7027250407,3.3333005255355834,3.6458568863414387
668991.2570936172,-1445039.6744365029,1.7777602802856451,2.475078555039376
664386.166717546,-1447034.5342088505,5.40735418586884,6.400669423742692
665108.135626497,-1463355.3901863238,2.518493730404666,2.1976147624962437
670211.0983773954,-1440038.9980410438,0.9629534851547255,0.39931178988264415
660407.6599651857,-1447956.7942058183,0.9629534851547232,2.2741710904288546
663582.3027730584,-1455383.1063559013,2.962933800476076,3.18224411020897
661439.3374977434,-1447569.0284069588,1.9999803153213516,3.3126966415065766
665216.7968266229,-1445994.5285928745,3.481447215559393,3.5149520627898094
670510.2178544374,-1459062.9641989658,1.2592468652023316,1.1952906805383443
658452.1926744567,-1449116.1027829056,1.703686935273744,1.135457995960218
661678.4265652685,-1444412.405213857,0.7407334501190217,0.8106601712452832
671362.4707281223,-1453118.5799169363,10.814708371737682,10.482581320117054
660793.5453032992,-1443740.7015958226,3.925887285630801,3.5839181597133187
661157.5377157391,-1446840.0611848598,2.9629338004760752,4.150787588595723
661789.6141191167,-1460583.475097562,0.29629338004760797,0.7456114446839521
660056.9372318937,-1457969.847618599,0.8888801401428221,3.017738258439305
660822.3914556574,-1456882.7764732945,0.44444007007141195,2.254243791781244
661598.4387351695,-1443291.6410165282,0.5185134150833157,0.6945733497575421
661864.578379754,-1455704.4831858254,5.999940945964057,9.075187803466388
669589.3802461433,-1436839.2560771627,3.48144721555939,4.1318246894211885
670532.8628949246,-1455163.4530978668,9.33324147149964,11.379052974389596
661326.2363784984,-1453877.234339628,4.592547390737916,3.7116845948367576
672019.3948497919,-1449577.759290767,3.555520560571291,2.952980413257989
666346.9686258445,-1451890.266089608,0.22222003503570598,0.7368939940394661
663963.2246969559,-1445075.6891427326,4.740694080761723,3.8641098796726516
661800.299737095,-1450765.4697367186,3.0370071454879795,3.254144978719037
662318.9785393786,-1452701.1434630947,0.8148067951309219,1.2299004790985553
669837.6250364755,-1439061.8369931527,5.333280840856939,5.559838690546792
670441.5183368978,-1464178.9722611643,5.481427530880746,7.041678211353057
670152.6437140323,-1463333.4919984068,6.666601051071176,8.429445443751392
666016.3679660058,-1450806.4736351164,3.6295939055831954,3.752280005800953
667102.3578557085,-1446492.9834499797,4.148107320666504,3.716032716746967
657677.2909639289,-1439028.742764797,1.4814669002380398,2.0008547229215576
665482.1996109996,-1460034.709662856,1.55554024524994,1.081392231721269
672141.0238466158,-1462125.3655848969,0.9629534851547241,3.7339548659555106
664037.474653997,-1451154.792122141,6.444381016035466,6.376669554102682
662311.089551157,-1464730.2454425064,2.8147871104522757,5.129065186328498
665580.9374772571,-1455178.9060410634,2.6666404204284717,0.08398575339479386
662708.2564571379,-1450311.5229812374,5.333280840856939,5.150030079067437
658184.4666824264,-1446130.2308470197,7.7036278812378,7.324730658343449
667615.6218903766,-1459795.4458769031,0.29629338004760575,0.7858349714368194
662134.8450375835,-1457422.9372625467,0.3703667250595082,2.3628379958274373
659614.0576170196,-1455905.0954216872,0.07407334501190377,1.4017210623503757
661642.8594606281,-1465947.3162572985,8.370287986344918,9.243748027272671
670095.86065419,-1456982.1687093591,0.14814669002380176,0.36521523832878167
659753.8429654941,-1454977.8632101663,12.14802858195192,13.220129051068374
672757.1263605042,-1455952.8603500405,1.6296135902618394,1.6009564396318978
667802.5088176436,-1455494.6831902,2.592567075416568,2.105366235801019
667934.9754393676,-1451557.3100952255,3.925887285630801,4.532889052369395
669329.830706961,-1441176.8092097028,3.703667250595095,4.66622097815945
668556.7686845533,-1442459.8945220804,1.18517352019043,1.5620437820543183
669617.2350227397,-1442011.0275556105,26.147890789201377,28.155866998905044
667693.0275539388,-1444445.869401886,25.777524064141865,30.021443619203097
664052.6787932173,-1439973.991818035,6.666601051071173,6.349298084946079
674260.727183341,-1463554.2599682566,6.074014290975962,6.557359795520293
663388.4554255621,-1447070.8669194723,5.555500875892642,5.289852872770316
667250.1547348796,-1464659.919342178,5.851794255940255,6.062116899807104
670565.165233929,-1448188.2311160523,2.7407137654403697,3.2140318804456243
666680.4237824536,-1460690.6575461798,2.1481270053451533,0.8983455346143243
662617.1691547015,-1448315.2238561185,2.2962736953689595,2.1543047294132394
669236.508931571,-1453343.4660985284,0.1481466900238022,0.4878429771583779
666736.321294877,-1450614.5044676107,2.0740536603332536,2.366135943473091
667848.7984645617,-1450416.0723490927,1.92590697030945,2.2761507142677533
665502.5748036226,-1443716.801677864,2.9629338004760775,2.342168101346958
667679.1976515886,-1460658.061628465,1.7777602802856451,1.5706962275795782
667389.4973053546,-1441596.243284884,2.220446049250313e-15,0.14651953363566195
667214.47445865,-1452690.1505258912,2.740713765440373,2.0514427025923982
658502.6284271678,-1450264.4207758522,1.4814669002380363,2.645207248591884
663297.8118243178,-1442126.2904168363,2.4444203853927604,2.9367783080961836
662660.7438630015,-1461636.255551464,2.8888604554641706,6.1956568585104765
660970.1385900473,-1462130.4529591915,2.962933800476076,4.1699977614742885
662557.5046738551,-1444306.5286751564,0.592586760095216,0.6549374480135285
659213.6529876254,-1454173.2094468484,3.037007145487978,3.7929447877516385
660483.3085642187,-1461041.7479053098,3.40737387054749,5.128934169754073
664069.1644321014,-1441111.1963694845,3.629593905583196,3.1252035709586057
664224.4859898859,-1457171.7330167233,9.999901576606758,9.53102467507392
670751.9471728867,-1461313.024727821,5.999940945964054,6.279536052799113
665326.3931918873,-1447744.3837773376,2.3703470403808615,2.3724194534645853
667125.7941021728,-1440531.6006773708,2.8147871104522735,1.6323365453327754
659229.626321737,-1442833.042178847,7.629554536225896,7.595675932442225
662456.4600396734,-1443186.0612115748,4.22218066567841,3.556592627517565
670835.9046069634,-1450165.2634935114,0.5925867600952142,0.5283654502406634
664534.9953238841,-1449156.613708796,5.407354185868838,6.490955640774347
660293.571122246,-1459073.95862012,6.7406743960830795,7.500192250879047
664557.0204109395,-1465287.4438518565,2.7407137654403715,3.623171581146971
660098.3219869355,-1453066.652789468,0.44444007007141195,2.8000943996832834
660614.2079367787,-1442780.1092051603,8.370287986344916,7.592720895190152
664477.1396794312,-1438073.6809804281,6.148087635987858,6.480558964981714
670330.9105999423,-1453053.3020674651,5.03698746080933,7.163124010448014
663971.3780208854,-1446331.4613184612,0.37036672505950774,1.2958888062983682
671175.9689153372,-1452123.4084563474,0.8148067951309201,1.3490969715047996
657585.1597814808,-1439174.8660659567,1.7036869352737436,1.5758027463117017
662341.7010792224,-1442589.5748504447,1.3333202102142359,1.9031680080761202
661331.1813496489,-1442600.3987923437,3.407373870547488,2.7465258135212327
666564.1634557166,-1454019.1536125597,2.5925670754165675,2.7880085803420607
659049.8979521395,-1450922.2038178607,5.999940945964056,5.487807067526689
662111.8768189896,-1441463.8844835195,4.370327355702216,3.747533068530168
661781.475537024,-1443639.0651443051,4.444400700714117,4.79574154437755
668492.7651275389,-1449287.5866563087,2.9629338004760735,2.8425365261448716
670584.1207985693,-1454149.403461786,13.851715517225655,16.746364623296067
665766.7067542605,-1456167.0690678512,3.555520560571292,6.151781381221285
668668.8467238985,-1437359.0936564242,0.5925867600952142,1.3190332878017461
661629.382981114,-1461672.9248915543,1.6296135902618456,2.071663667416603
660060.8062490635,-1456964.590017635,0.37036672505950996,1.6584698214998106
666485.1780857728,-1452878.9176385796,5.555500875892643,5.916690878983884
671448.5517727933,-1453873.0433112413,1.9259069703094478,3.1166344687421934
670876.0367659156,-1454979.0536808474,12.962835377082836,16.46172325914338
666121.0958802584,-1457109.7404716979,5.036987460809331,6.072760265114282
671677.9926807096,-1449787.3831861918,5.407354185868844,5.7947525379149365
672500.2678894629,-1460012.536105482,2.962933800476078,4.559374963752928
669285.7071151211,-1464638.9072255006,9.40731481651154,9.151996203854734
670903.4176468174,-1456122.8382834382,1.8518336252975494,0.9775089976454847
667299.5590409327,-1446839.0893822066,5.629574220904543,5.097993297405246
670840.8950122156,-1444728.6515093236,21.48127005345156,22.991759639519756
663085.5714709318,-1463345.0362927155,2.222200350357058,1.3569260665876293
668190.9106549629,-1445532.1296307854,1.6296135902618456,1.425349728623924
663503.070615937,-1448213.493221112,27.925651069487024,27.63304460217303
666713.8119434584,-1443377.1533550653,0.7407334501190181,1.1493871107810523
665077.1127588637,-1457071.6259147367,10.222121611642464,8.707212900248319
671106.9680786992,-1462140.5853658952,9.259168126487747,10.319941289161813
659683.7347674451,-1448811.6929734321,5.85179425594025,4.644399128133879
667829.287902225,-1461913.6085240282,8.222141296321112,8.097643814338108
660790.4511851823,-1463051.529767853,12.51839530701142,11.672861157425222
664364.7250756817,-1464191.7624785684,10.444341646678172,8.082657078448465
668297.0869405065,-1464875.603692092,5.703647565916447,6.832337516996376
664442.2559858718,-1442838.1802001016,2.8147871104522757,2.884702680549657
669320.3439647895,-1463603.735963854,4.66662073574982,4.709942716448649
667200.8025363707,-1451679.0420031543,0.6666601051071197,0.02189153815379985
663819.841040377,-1444963.7067978117,3.1110804904998814,2.076870354070748
670545.1412082601,-1447168.5949434564,0.8148067951309197,0.06978655784757049
661148.6648914642,-1458720.5901941294,1.2592468652023316,1.6262866060538246
659623.5429431428,-1450106.890294672,2.5184937304046633,3.193072320563673
663138.0515970029,-1446495.519563482,3.925887285630799,3.897713886072534
662135.6815299366,-1446502.073004323,1.3333202102142359,1.4548716132369486
667229.0320626376,-1463905.891818509,6.444381016035469,6.872746610295583
666856.4500465473,-1449964.14473212,2.8888604554641755,3.1205559593425987
673848.660335543,-1461858.520935175,0.8148067951309201,4.514873880053377
663140.5479001624,-1445335.1434485829,0.14814669002380387,0.08159785379423112
662215.7372417257,-1447627.3204148894,1.1851735201904283,0.8954033707414046
663952.6432712646,-1440120.6497250407,2.740713765440373,2.3432781177943287
669036.2467776171,-1445285.4640615028,1.40739355522614,1.1118238179624353
664442.083097546,-1447278.1982088503,3.3333005255355856,3.9857471184283337
665064.216133497,-1463109.3355613237,3.703667250595098,3.49205583792717
670165.3081263953,-1439793.2312910438,1.111100175178528,1.802910326120759
664690.0901772373,-1454212.0962652136,1.9259069703094496,2.27004339467748
661154.9766544637,-1445568.3527954775,0.6666601051071179,1.6412065612807742
669100.8094336998,-1450312.436398907,2.592567075416567,2.152715835519915
670130.4404073923,-1451180.3726176703,2.962933800476078,4.804286108105169
665836.6083278777,-1449947.7885057381,2.074053660333254,2.0462832130123285
664001.3733209559,-1445322.7513927326,0.5185134150833122,2.230959855704026
667703.7648535593,-1455641.380851766,0.14814669002380398,0.35419392800372407
669801.2268504755,-1438814.5111181526,1.7036869352737436,1.7557209020558113
667644.7656640641,-1437274.9113992578,0.22222003503570598,1.1197760378327182
670106.7306520322,-1463087.7479984069,1.7777602802856478,3.801658251911123
666062.9896550057,-1451052.0763851162,0.1481466900238022,0.16961839175389448
664247.8667358318,-1453254.2192306193,1.1111001751785263,1.8517485125420405
657733.281342929,-1439272.2616397971,0.14814669002380398,0.5168874633567193
671419.9371774762,-1459064.4574425756,5.407354185868839,5.706385114527647
662963.7865398137,-1451554.5118760848,11.036928406773386,11.771863837096518
661458.902688931,-1441540.9146356948,4.740694080761721,4.241304654485733
665646.3044985496,-1443814.7630285053,1.1111001751785277,1.7775647974028832
662763.8395474441,-1461492.2977261227,3.6295939055831905,7.112511450933564
665335.3466272545,-1458161.6240399142,13.85171551722566,12.309180729616617
659362.363270458,-1454276.8372940724,5.77772091092835,6.715936271869792
662174.5454705835,-1457669.7485125465,2.666640420428468,5.278320289101947
659436.2837059123,-1453139.8659607978,1.407393555226136,0.3694116765283315
671115.134406254,-1446845.3252226273,1.7777602802856456,1.9485016633335195
667614.927997194,-1443467.1457972433,3.1110804904998797,3.5976908786831565
661589.941084628,-1465703.0031322981,8.88880140142823,9.472771641407656
661816.7498687643,-1440389.1669278333,5.777720910928351,5.351622134846483
671057.4599795548,-1445954.542646748,3.1851538355117834,3.3092162841399118
663408.4037050059,-1460411.3018954906,5.185134150833132,10.297752341056308
669074.6835113261,-1439921.4613499898,2.5925670754165657,2.0114708278606614
666046.1875344536,-1457879.88577498,6.888821086106878,7.373502424841391
664414.3934221785,-1465184.6542070927,3.111080490499883,4.68391381835112
672718.5329825042,-1455705.9028500405,0.07407334501190199,0.021627952366171765
670772.4121524403,-1443975.037849851,4.074033975654605,4.0444624874719555
669662.5314607398,-1442256.8801806103,0.8148067951309201,2.4289179461959343
672324.984048863,-1452844.6674677527,3.925887285630804,4.209426530312774
664096.3204182173,-1440220.106318035,6.592527706059273,6.3792538928053135
667285.5961758796,-1464907.3900921778,4.218847493575595e-15,0.1557956843115582
670474.0616798578,-1441121.8715636153,0.8888801401428217,1.1013330154028034
666709.2812874536,-1460938.97467118,2.888860455464174,4.755088429809109
667723.3095335886,-1460904.128878465,4.592547390737919,4.639358935479258
667333.1383073546,-1441352.7112848838,0.8888801401428239,0.7069086163258844
663345.5701303177,-1442371.5951668364,1.7777602802856496,1.4918483594524332
659043.9065030145,-1453084.4594873344,4.296254010690307,1.7684030817315275
663215.2981058343,-1465593.877058792,3.629593905583196,4.450565883109764
664129.020743964,-1458454.3846248009,6.370307671023562,7.2173920807342995
660930.5868970472,-1461883.6153341914,4.814767425773624,5.926488413523456
666155.4739324312,-1439808.52009119,3.3333005255355834,3.1364495611446355
659165.4218616254,-1453927.9135718485,2.2962736953689618,2.965307685576656
660430.4121202187,-1460797.4155303095,2.888860455464174,4.331289623195632
670707.9995568867,-1461066.928477821,2.0740536603332522,2.260469897368182
665373.5212578874,-1447989.8901523375,6.370307671023564,6.613682219115966
661729.8970070581,-1461527.2642969072,2.444420385392762,0.8824962220661732
661162.2450809306,-1457694.3611851274,5.407354185868843,2.2213784473596814
660330.6046188152,-1441546.2177934935,0.8888801401428221,0.6865149679531983
667020.7866095554,-1439644.2806429374,4.666620735749819,4.562565055847655
664595.0383549395,-1465534.5317268563,1.9259069703094496,2.911942531878093
670161.202229287,-1447116.077955575,1.1111001751785299,0.3441714835728775
671841.4021424133,-1453928.5171832694,1.4073935552261356,2.31261373658695
671007.9272959454,-1455976.8772608894,3.1110804904998814,2.7066727293650787
669696.3260742284,-1448213.1680936432,7.111041121142582,7.893838540048998
656867.8391206267,-1439391.104106912,1.1111001751785317,0.3886656326633089
664755.7889188342,-1445092.0203518383,2.444420385392764,1.6200789480821083
664218.1286840594,-1446291.3704974833,1.2592468652023339,2.15189109524676
661048.8279309252,-1458862.7613378693,7.925847916273504,10.083877006359886
670112.1422516191,-1440182.8239732431,2.666640420428469,1.5723769645936336
664440.1139294311,-1437826.4537304281,8.962874746440132,9.516543584854167
666575.2912739215,-1447721.2341602826,1.1851735201904319,2.6739744585240146
670377.3274919423,-1453298.6033174652,1.2592468652023339,3.4540479146297844
664042.0483128594,-1447198.3126388204,3.851813940618899,4.71168223328152
662315.0231972224,-1442341.0784754446,1.3333202102142323,2.924820682242517
670871.5555838009,-1457128.7710230602,5.85179425594025,5.4507756963348335
661093.8792528909,-1447753.5353457318,0.1481466900238022,1.4260152452626986
671216.8138192144,-1453019.5991188227,7.7777012262497,7.480968281216354
663533.6403716088,-1453457.7659897353,5.259207495845037,5.560314352674759
668187.155762855,-1456577.7555549666,3.7036672505950956,3.8132048391350826
661649.7026862883,-1460459.927217145,0.7407334501190155,1.6959840019260408
668541.8184106098,-1447366.9660134856,3.4814472155593936,4.406716709414198
662055.6414129897,-1441220.3527335194,8.666581366392524,9.817445040787312
671888.1447711054,-1448993.8646755018,3.777740595606999,3.9490363483408224
662375.7765253854,-1454624.1980143494,2.9629338004760752,3.3591514714731985
661744.7058540239,-1443391.8488943053,0.22222003503570775,0.17472563511418926
661686.771571114,-1461916.1935165543,3.7036672505950943,8.988094935668027
670160.2321762277,-1456225.0431291265,2.5925670754165697,2.253102259328627
671497.9084567933,-1454118.1101862413,2.6666404204284713,2.1400652272010907
670927.5049519156,-1455223.6795558475,3.925887285630801,6.232319316614437
669225.6464423381,-1463751.3607550422,6.888821086106876,6.788290308524434
671677.7533838232,-1460784.6511332113,2.888860455464174,3.1718694767588964
672972.0541380324,-1456791.7871162577,6.592527706059273,6.9654982375344705
670337.1739358446,-1464325.0678295512,5.851794255940249,7.226647102139822
665703.4898933817,-1454147.9610385178,5.036987460809331,5.208992185534335
659476.4515669805,-1450005.266800931,2.962933800476078,4.702209337182652
667252.6917889328,-1446593.5812572064,5.333280840856935,4.804415832881146
668019.297942928,-1462488.7397366096,1.2592468652023296,1.1487477317150816
667080.7318314919,-1463805.6363813053,7.111041121142584,8.122015616175531
663125.3523389318,-1463591.8345427155,0.5925867600952159,5.106516090854404
668144.9394069628,-1445286.4330057856,1.4073935552261374,0.9593891664411816
672614.2366259214,-1454828.3594209868,0.2962933800476062,0.0145861604684967
667789.2897102305,-1437381.84547553,2.5925670754165644,3.384788719306803
662423.0208776752,-1448600.5136782974,0.8148067951309184,0.7637783040532966
668893.5011565443,-1445186.3917385535,0.6666601051071179,1.3226125805065703
663984.0773136126,-1463339.9887268129,6.444381016035466,4.409768300790571
661542.6329902853,-1466091.4828082016,3.6295939055831923,4.841109132748105
664274.8960407793,-1440813.000532202,0.4444400700714102,0.24406660074851594
664024.850091143,-1457458.3158833294,3.6295939055831905,3.9234356661437033
657287.4226918295,-1443382.8902159734,0.2222200350357042,1.1025349767716577
660230.4262483588,-1441692.8114212914,5.62957422090455,4.407011101718865
660295.1979180949,-1452762.128220539,3.629593905583196,2.2634192888575786
664401.4184546818,-1464439.0288535682,5.999940945964058,3.2336174202929477
669189.3378625896,-1441075.6172974803,0.0,1.2866882097617989
664488.3523598717,-1443083.8920751016,3.703667250595095,3.773589462447652
669279.3137067894,-1463357.2535888539,2.5184937304046655,2.4488561128135355
672368.4785514276,-1451814.870383421,1.1111001751785246,3.246830346069162
665133.808019684,-1440738.0441395938,1.4814669002380394,1.0932559834146698
669271.3786006285,-1442205.3146590632,0.44444007007140995,0.6108592852743928
663858.181915377,-1445210.7409228114,1.2592468652023339,0.16573849618656755
661196.6876994643,-1458965.9309441294,10.148048266630564,12.363183489928922
674096.2736604882,-1461824.222403558,0.07407334501190199,3.46429834407048
663102.810969003,-1446248.0361884818,2.3703470403808615,2.2222222222222223
662083.6434639366,-1446257.597379323,0.8888801401428239,0.867483061647897
667993.8311684737,-1450518.8820907213,1.9259069703094456,2.223102700504332
659834.4318200949,-1445883.6525331433,6.296234326011662,5.281834092930224
666818.5313555473,-1449717.0559821199,29.25897127970126,31.047674823805924
665246.9708136264,-1446753.8702721014,2.666640420428469,2.46901871444033
660090.851322497,-1451666.4296409416,5.703647565916449,5.4066018779694485
660623.4451615884,-1454747.846467719,6.370307671023568,7.690465169779574
659626.7730339342,-1438609.8691014615,0.9629534851547277,0.08041814553778526
668559.6483256326,-1460565.1874120543,0.5925867600952159,0.7428011571072681
664401.1271350647,-1453356.7974119012,4.222180665678408,3.368981537151035
662180.7709917257,-1447379.7955398895,0.8148067951309184,0.4335963997323802
658845.4670016496,-1450070.3998611982,7.481407846202097,7.866346777536969
669914.1321437638,-1449953.573546268,1.55554024524994,1.8432283611407705
660814.0649743627,-1460805.9941047984,16.740575972689832,16.76630870472837
670937.9229837061,-1450016.5679760594,0.8888801401428204,1.0027773642582893
661416.9495042125,-1448704.7011158515,1.1111001751785254,3.395545702746567
665095.1610392667,-1462341.9420162342,3.1110804904998837,1.3770017696212555
660402.089872689,-1443683.9816754898,0.29629338004760797,0.158772661819103
659987.2518891416,-1444728.5804627556,6.814747741094976,0.7849254665845748
672645.8459405887,-1458848.6048718053,1.0370268301666261,1.9989880019854915
664560.8180114,-1444074.934987316,0.592586760095218,0.49446619935494407
666154.9060426253,-1457735.3960386233,6.592527706059272,6.171763554449284
666879.2418435987,-1439543.2207152913,0.8888801401428235,0.9040386116403245
670210.8610203795,-1451913.0842677846,4.59254739073792,8.442175102747335
664829.8140125403,-1437894.0634676083,11.6295151668686,12.431107106521468
663271.9336262972,-1452497.3451664024,6.222160980999761,5.265440974036673
666233.3039310125,-1447911.1799751304,1.629613590261842,2.932737854309746
667341.932465466,-1447707.7175857471,1.0370268301666279,0.4050461978042197
658099.814554791,-1440843.5911803537,19.703509773165912,18.17999642718388
667688.7546050642,-1437520.962274258,0.8888801401428257,1.560837821376273
665671.1966418056,-1437609.433432588,1.7777602802856478,2.4825927862717094
669149.7313459725,-1457413.2882785765,4.29625401069031,4.125175821433398
667837.2798085534,-1456770.4132968178,5.703647565916446,5.924722491363573
658054.0103491757,-1447314.993560603,1.777760280285646,2.0986124477417247
664197.2838598319,-1453009.5071056192,6.814747741094974,7.08543135719128
668943.4760815115,-1456570.0593735604,1.111100175178528,1.1457241675609984
662453.874358112,-1441275.3114069672,10.148048266630562,9.25679067320173
666817.8459674317,-1460792.8174235742,0.1481466900238022,1.0642419916496912
665945.4235340611,-1455759.258019213,2.1481270053451507,0.09712414986921125
662913.1896618137,-1451309.7051260849,8.07399460629731,8.732501972601707
665606.2262555496,-1443568.0400285055,24.444203853927633,28.065112471535425
668987.4206544455,-1439180.2086749377,25.184937304046652,24.568257978719792
666226.4276937027,-1456961.964751901,10.74063502672578,12.53232500188772
669812.098791477,-1456412.3933763737,2.074053660333252,1.611386222349776
659312.989024458,-1454031.7666690722,2.592567075416566,3.308231305531958
671614.1770087384,-1459791.267116502,8.073994606297305,6.042547232694416
663285.7774268956,-1457503.4097426413,2.444420385392762,0.23422930475024017
661881.0081795661,-1456447.8929543677,0.5925867600952142,2.6811819718599565
668315.1126646248,-1441094.0171306757,1.8518336252975498,1.5465202408593492
671024.7980405549,-1445706.772646748,0.14814669002380199,0.2593293605627811
669151.1295888034,-1462371.607255638,3.1851538355117817,2.797071674042092
669629.7539847384,-1464444.879297364,10.518414991690072,9.850260126931598
666087.7003414535,-1458126.2207749803,14.370228932308972,14.431417592324925
664452.6777281784,-1465431.7035820927,2.222200350357058,0.9661735611057756
659822.4477308525,-1449814.0746423346,2.222200350357057,4.341284057047544
669552.2606510662,-1448106.2050986611,1.7777602802856478,3.222668281896153
670715.2131544403,-1443731.6879748506,24.888643923999048,26.14855040146965
663774.2918052486,-1456493.3692265102,16.073915867582716,15.846294275529939
668086.4178469353,-1444511.6030821675,27.85157772447512,31.63153755180781
669745.4102374206,-1443871.966200625,0.37036672505950774,0.35147972788011916
663042.6920952355,-1447256.4655383294,5.629574220904544,5.145203091564669
663063.7343418516,-1441151.6265280284,0.9629534851547241,0.694489998074161
672271.692042863,-1452600.4274677527,0.5185134150833157,0.6320864267681614
671006.3462787131,-1462282.6492142472,9.629534851547252,10.78883506161998
669484.6564413165,-1454318.4172883406,0.6666601051071144,2.782808206264141
668927.2521080337,-1461644.917918779,1.7036869352737436,1.8480682567565743
663828.0850108932,-1455337.4711820926,2.222200350357056,2.3302305262551606
662275.6261811843,-1448503.6793150436,1.0370268301666279,1.040189174385585
660933.5914523562,-1463152.9557467175,10.14804826663056,9.27224843127376
668156.1628093917,-1464774.0552258044,1.7036869352737458,0.7714423700842925
664085.490680964,-1458208.3389998008,6.44438101603547,6.847075223723699
665000.5459375095,-1439747.4885020354,3.9999606306427014,4.990841634042638
666107.0057444312,-1439563.27421619,3.111080490499883,3.6183991722144127
664416.8781001498,-1440916.4229258008,0.8888801401428239,1.267167572388951
663877.6658246135,-1457354.418631343,10.666561681713876,10.493824879699734
660548.0468329894,-1443787.6238587694,0.6666601051071139,1.2940440784896694
667101.10046557,-1451822.2316687156,0.6666601051071179,0.21073676827681886
657432.4739521687,-1442325.6269921288,4.222180665678409,4.100728864987315
666494.1748771674,-1448755.0315463128,0.7407334501190217,2.712254228998243
661068.14310259,-1456837.295288221,1.407393555226136,0.9918968500087786
668462.3284082013,-1459567.1983360085,1.0370268301666279,0.04866649225264297
661204.7267029306,-1457940.7141851273,8.073994606297312,5.447739521336507
660376.7729328154,-1441791.9087934934,3.4814472155593874,2.522880631040162
666984.0871095554,-1439397.0110179374,18.370189562951673,17.902113530096024
670250.1860659951,-1441934.2753671904,0.44444007007141195,0.09292289138161891
670352.6497624572,-1452015.4018518624,4.592547390737918,8.892726688387965
671043.9854739455,-1456224.2565108896,0.8148067951309219,0.0322933142903894
663043.9371449668,-1445473.4879163397,3.999960630642703,3.743174914754741
667445.5384767369,-1447563.7814878644,1.2592468652023339,0.2610646716897058
660184.8551886071,-1445705.7397109228,4.888840770785524,3.855657799839709
667400.9250789717,-1446694.7270478792,5.1110608058212295,4.470224175450166
667569.2637310163,-1449721.9452009257,2.222200350357056,2.5527265670365065
665976.2873894187,-1463249.6278102272,4.444400700714114,4.232026465202743
664414.015162772,-1455280.1539169534,0.07407334501190377,0.49075505571202527
665770.2114946439,-1450850.0021941,5.555500875892645,5.623559026826232
670064.9449416191,-1439937.3282232431,3.999960630642701,3.084979926735243
664580.5261054761,-1454361.887420583,1.0370268301666257,1.2557303168613094
669046.112495068,-1456428.3689804268,0.7407334501190181,0.6102123040934355
657923.3829858676,-1438984.8758932305,5.703647565916448,4.727983938908064
665113.5591582888,-1446141.7248825245,2.2962736953689613,2.386283641397692
665149.9698238431,-1446902.1764775056,3.0370071454879795,3.0042014546989195
663487.631680609,-1453212.0456147352,3.999960630642703,4.184400671111634
661680.4299382882,-1460708.0287171449,2.1481270053451533,3.373954857534752
671839.9001481053,-1448748.6269255017,2.8888604554641732,3.0016263669238024
673566.4696992852,-1459595.9772382781,3.9258872856308056,2.745038577653693
666092.689835741,-1452823.269546125,0.07407334501190377,0.3995647908028337
666845.0456024964,-1444731.573178574,28.221944449534632,32.541392439003964
660920.2579630099,-1450797.3073727754,3.703667250595095,4.003498844151996
658285.5044884214,-1443261.963844492,2.5184937304046695,1.9945246787747009
661972.361971108,-1450340.8390099332,3.481447215559389,3.804294192182888
667294.2381868623,-1457675.0960961743,0.44444007007141195,0.4475664896292275
669175.3100043382,-1463506.6335050422,1.6296135902618416,1.686269941930013
662000.2898902344,-1452374.3713866712,3.4073738705474894,3.2028852397793597
671714.3531358232,-1461031.9053832113,2.962933800476076,2.907296227129482
672778.519716369,-1460607.6313856295,5.40735418586884,6.627602087423382
672920.2470700324,-1456547.2234912575,3.259227180523683,3.2807791139103526
668384.3686747367,-1453629.4376040674,2.666640420428468,2.9552013941922723
665140.9152623555,-1450948.4466004572,11.036928406773386,11.313520145478755
672083.428165596,-1456797.3095725882,0.5925867600952137,0.3904968006298417
668055.0320599279,-1462736.1521116095,27.036770929344204,29.675414978507042
662868.0136404852,-1461346.1357285015,0.7407334501190199,3.6981800920488226
662370.6395036752,-1448356.0940532973,1.407393555226136,1.3818165738861676
669482.7340343648,-1453300.3039894556,1.5555402452499383,0.5108545477312578
662426.4625361153,-1460512.5530129927,0.07407334501190377,2.205901545535321
669933.3437801129,-1455371.583545186,3.629593905583193,5.386810653085216
659340.5425841387,-1453285.9164127796,0.07407334501190022,2.1549278667259166
668930.0446635443,-1445433.6171135535,2.0740536603332558,1.8087366081552192
664028.1326246125,-1463586.064476813,3.259227180523686,0.9558054342681466
660519.209431417,-1438669.4175468283,5.62957422090455,5.95234148656377
667767.1718887868,-1443568.3381680686,1.5555402452499396,1.940884761545714
661493.1604892852,-1465846.5115582016,7.481407846202096,8.033861001519343
664947.2817747778,-1458113.2207453977,10.592488336701976,8.795031344759943
662895.5243034221,-1457448.090709813,1.3333202102142359,0.19256739328351813
664313.7723587793,-1441059.932157202,2.1481270053451578,2.2226185045557383
663977.918027143,-1457212.7697583293,9.33324147149964,9.323645753733995
662857.6794259029,-1462492.2298448323,2.29627369536896,3.3801682778898936
660748.1882763591,-1455749.0371665384,0.3703667250595082,1.5063286185068687
667677.7716267277,-1442458.2678278189,1.8518336252975458,2.04520737788331
665316.0560033403,-1442132.7261838708,0.8888801401428217,0.6280970404599338
663798.4280717473,-1460473.7805003808,0.8148067951309237,3.976949654127985
662156.0960669392,-1458685.8310375104,3.4073738705474916,1.5657055758682823
660277.8876213587,-1441938.2619212912,4.370327355702216,2.918233082706767
660341.2919820949,-1453007.832595539,0.5185134150833139,2.5335997512452746
663647.6953639204,-1443971.1219406007,1.2592468652023339,1.2753736639801923
669228.1500005897,-1441322.4916724805,2.5925670754165675,1.6432093488191444
666197.1410858474,-1440947.4191955463,5.703647565916451,5.187015972467554
667156.9501165167,-1462643.3625082048,4.296254010690308,5.502678863492756
659921.6716623036,-1450827.6645045942,2.4444203853927635,2.532332015181753
661866.053080465,-1445393.818631244,22.962736953689596,21.729112451878752
663716.743725134,-1438004.748290586,24.07383712886812,26.53104933499471
674051.0888484882,-1461578.3599035577,2.0740536603332522,1.2540503858827137
669743.1162949881,-1449087.1830944598,1.8518336252975462,2.0429425802799184
665296.5652642447,-1465236.3540805853,13.407275447154248,13.122453408395156
664874.452165271,-1456336.0109918513,8.37028798634492,9.698049851452195
663432.4415321138,-1454269.0395264572,5.259207495845041,4.356865749170756
665298.0248756264,-1446998.5781471014,0.6666601051071177,0.8782819979231151
660126.711646497,-1451913.8341409415,0.7407334501190217,0.19176350765475547
663876.8081964882,-1456350.706051387,16.07391586758272,15.87722051320474
660670.1688565884,-1454993.397092719,1.9259069703094518,3.4829373967480057
659674.3582759342,-1438855.2829764616,1.4814669002380363,2.389282196520174
669293.0144597532,-1457513.8602639278,2.74071376544037,2.452580100206851
658804.464748011,-1450969.7081187912,2.370347040380862,1.6598633495685604
664343.8595720646,-1453113.4880369012,4.29625401069031,5.0278311931640305
664453.1330666002,-1447899.9230774092,0.4444400700714142,1.125535888437191
665473.6032554638,-1447848.0688362443,3.2592271805236868,3.047384968520668
669953.8122697638,-1450200.403921268,0.44444007007141195,0.7883701477316665
665761.8601146197,-1439746.2156914868,2.2222003503570558,2.1225338790839916
667712.2153589496,-1448545.0873769468,3.1851538355117857,3.964045740372411
671694.6405011335,-1453829.0658343337,5.333280840856939,6.238985567821437
673929.6322200727,-1460686.632199775,4.0740339756546025,4.366762969588317
660037.8087581417,-1444973.3579627557,31.851538355117825,29.671514153966797
669666.2284795009,-1459338.812053789,5.40735418586884,5.476460791209654
666187.2509736253,-1457983.2030386233,0.6666601051071162,1.3267226993328922
660682.4952473578,-1449675.5515629046,1.9999803153213511,2.769215253976485
670254.3211933795,-1452159.0463927847,5.703647565916448,9.561901412853164
673386.4637753805,-1458752.0236691535,2.222200350357058,0.16674457221458994
670975.8093539756,-1456988.3328019173,7.111041121142586,7.1328204525489145
661520.023402428,-1449432.2118974146,1.55554024524994,2.7727704929800208
663229.6369362972,-1452250.9525414023,10.148048266630564,11.871403048244947
666182.9811150127,-1447666.3991001304,0.07407334501190022,1.3094834744327812
661193.6540949072,-1447614.6930687209,0.3703667250595082,1.799218611726232
667302.339397466,-1447460.875335747,0.07407334501190377,0.4800528806537372
661095.3146241852,-1451629.7327193771,27.999724414498925,28.198665378480452
665968.4535841052,-1462214.183939243,2.5184937304046624,2.5439553393253966
658143.269490791,-1441089.7456803536,7.851774571261604,13.8102313402246
669105.7210999726,-1457167.1970285766,2.888860455464176,2.988015326130622
667800.4863695535,-1456523.146421818,3.1851538355117857,2.184066462512188
657999.9562281757,-1447070.970185603,1.1851735201904336,0.9550899459154647
668900.7553835113,-1456323.7424985603,1.407393555226136,1.2808738446670347
668117.2360860591,-1446431.2561816853,2.888860455464174,2.457584997889862
666522.5883036035,-1454766.8943750886,0.5925867600952137,0.05171275699947975
665992.5242880611,-1456004.761394213,2.5184937304046677,5.0779766829534285
672968.6392458747,-1462712.249510359,0.8888801401428239,1.9220107028892848
672295.5629797177,-1463868.542675198,5.407354185868838,8.848716410903117
657786.7189170017,-1445303.724706442,0.8888801401428212,0.4546969721568752
664228.8727038954,-1458315.017598105,5.11106080582123,6.020705145406964
669769.1860954768,-1456166.1057513738,0.8148067951309179,0.32350814543906203
671646.9635147384,-1460038.996241502,4.666620735749818,2.186652792818805
666812.2513889491,-1455617.279726399,13.481348792166148,11.994414064133718
663371.7863168111,-1458373.409159277,5.481427530880744,7.209936215002619
659437.8838403795,-1448856.8340445594,3.629593905583193,2.943316887815905
658631.3693553386,-1443047.91509995,8.518434676368722,8.375920142302427
673122.6841703006,-1456894.5810161154,11.111001751785288,11.517169521912615
661931.0442415661,-1456692.8228293678,2.148127005345156,0.1920645856541352
668361.2490456249,-1441339.715755676,1.9999803153213498,2.551694539832334
667055.2232062899,-1462789.5027617551,5.185134150833136,6.953095777390947
659868.9746038525,-1450059.6970173344,1.999980315321352,0.7419248246953951
662982.6685347788,-1463495.4198994618,0.5925867600952159,2.8074948634123693
668043.064102016,-1445428.4937297727,3.1851538355117857,2.7454091771631806
669591.7612770663,-1448353.058473661,1.2592468652023316,0.3926227763501844
667473.399719972,-1463853.232879967,10.44434164667817,10.315047198809786
674091.801521,-1462673.305584828,2.2962736953689564,1.3600041263459275
667717.5662525462,-1449823.546436044,1.851833625297548,2.0230827212713534
659119.7754508624,-1440813.7441346024,4.296254010690314,3.198715770341522
663732.0885532487,-1456246.96385151,6.592527706059273,6.889601959750229
668039.8458439354,-1444265.9930821676,1.259246865202332,1.6930648116306202
672582.5278394329,-1453832.7805661927,4.888840770785527,5.152150755465839
669799.9041704207,-1444115.944325625,1.4814669002380398,1.6017864247523974
668283.6953290043,-1463471.4500752685,2.2222003503570575,2.478011185659538
663101.6069678515,-1441398.6995280285,0.8888801401428239,0.7433254586665274
669280.9354270236,-1445234.2413345063,5.999940945964056,5.823577736727362
670963.1903407131,-1462036.4438392473,7.333261156178288,8.155377783550396
663401.3806337647,-1464566.9197685993,4.370327355702212,8.983329401242498
657835.0371116548,-1444272.6088704066,1.0370268301666257,1.0666255486095078
670132.9909672041,-1444946.9976182044,5.629574220904547,5.010524581057343
660893.0095783562,-1462906.2862467174,6.666601051071175,6.270914415274963
663567.2387603878,-1465423.314269224,1.777760280285646,3.2665491889585425
664588.4443226574,-1442940.258456109,28.296017794546536,29.525351694200044
667321.159349957,-1442644.3993813626,0.5925867600952195,0.5608462112079629
657381.8366981688,-1442080.8157421285,1.9999803153213516,1.9880528086492868
657191.627025713,-1441472.472219186,4.370327355702214,3.955322851202622
667052.91952657,-1451576.9270437155,19.110923013070696,22.028102327723595
671978.7611438917,-1451761.3748317244,6.148087635987862,6.537716927274927
660604.5962970338,-1453988.7840709467,4.51847404572602,5.128787742489125
663714.3146953378,-1445098.9487618972,4.222180665678409,3.4764619287403495
668415.0883472014,-1459321.7297110085,2.9629338004760797,3.6023969981997226
665478.2570318774,-1448734.473600998,4.296254010690314,3.0988983986740575
670409.0811784572,-1452258.6836018623,3.333300525535586,6.777380984259766
666961.9150938632,-1449825.062047633,0.9629534851547259,0.9774413370925509
661419.1212774091,-1449578.009400941,1.0370268301666261,1.908482910125878
662988.6107049668,-1445229.6970413397,0.2222200350357061,0.28985600310113235
665100.8850620539,-1444897.7880217782,0.29629338004760797,0.24909871116066817
667405.6162887368,-1447316.9928628644,0.22222003503570775,0.4377115330488355
661241.0021000516,-1451732.390855953,0.8888801401428217,0.6718437131387529
666258.2791089816,-1446640.0596713186,0.44444007007141595,0.4523867588963164
667348.6775169716,-1446450.2819228792,3.7036672505950916,3.1449520793761128
667521.4809240162,-1449476.5994509258,1.4814669002380363,1.8287284185357358
665931.3512684186,-1463003.8199352273,6.370307671023566,5.346885085101221
664551.1559124761,-1454113.715045583,1.5555402452499396,1.7469993485235333
670286.5110198585,-1459225.66475807,0.8148067951309219,0.7159097742500506
657979.3733648676,-1439228.3947682306,7.036967776130684,6.211951198472902
665198.8773838431,-1447147.2892275057,1.4073935552261356,1.3892652662297822
658719.6957640317,-1449194.7861083364,1.9259069703094491,1.7968708825019544
667372.6711151706,-1440492.3218952236,4.0740339756546025,2.7146812025591607
670654.7215331446,-1460315.115187188,6.5184543610473735,6.8404561437767875
661942.1059510398,-1444493.6541026125,5.851794255940253,5.761537934011866
668056.0902704571,-1457610.3605540006,9.70360819655915,9.211382045678375
669833.3864765249,-1455517.4994859025,5.036987460809331,3.03463746169437
665945.2429944417,-1456765.301230579,11.185075096797192,12.73871848158925
661927.3871735296,-1457707.0898433165,0.9629534851547241,4.204137390471363
662997.7452958093,-1457302.139047837,1.2592468652023356,0.8011583451969511
671781.2414484622,-1460139.2238133298,3.48144721555939,1.2229960657125893
666712.4803460286,-1455764.247888493,16.740575972689836,14.36896122853999
666791.1526990316,-1445644.3004272005,0.8888801401428239,1.007647619790366
661543.8180565992,-1453701.7312557953,1.5555402452499418,3.4897390498578487
664967.4272137948,-1450102.018330176,1.9999803153213538,1.9435790048949517
666082.8000918201,-1451815.0100447338,1.7763568394002505e-15,0.3110810929030139
665130.152941769,-1453087.974349476,6.592527706059273,6.595138073395486
666798.3109184965,-1444486.0018035742,27.036770929344204,31.339056577434036
662020.302407108,-1450586.1912599332,3.0370071454879772,3.2544231018263057
667342.3967568622,-1457920.4080961742,1.7777602802856436,1.9226258180630778
662049.1644602343,-1452619.5466366713,1.9999803153213538,1.7676101567696287
672830.2077163691,-1460852.2065106295,1.259246865202332,2.4936908510173232
668345.1122387368,-1453382.6088540675,4.814767425773622,4.3913987397269825
672122.1713435961,-1457044.2796975882,0.8148067951309219,0.5568341905945173
666506.2578398061,-1441648.821384543,2.29627369536896,3.343646343623135
671018.7935278319,-1443932.8821290839,4.666620735749821,4.513404819188219
663810.2666284591,-1450068.795911303,0.37036672505951174,0.7291950700337573
663568.8437477074,-1437905.6296249917,5.925867600952152,5.553454824746861
659199.873163817,-1445852.9760320773,6.074014290975957,5.230036288650952
667891.2897650383,-1444161.9404239417,0.9629534851547217,1.1947751305886714
672572.5695656321,-1452810.2358763255,1.9999803153213556,1.931973279768373
667460.3259765012,-1452644.860850742,4.222180665678413,3.544783201135787
662977.7174182441,-1450414.6799051422,4.592547390737922,4.458578664263637
657951.6291535728,-1446296.628251229,0.22222003503570598,0.37940969448657214
662906.9528154852,-1461593.0682285014,2.5184937304046624,5.231425367314467
660231.1722326681,-1451768.1636356334,1.629613590261846,1.0552195689503767
659526.4631277848,-1438753.068827401,8.962874746440132,7.413465329177793
667347.4316188483,-1459714.6355908155,0.2222200350357082,0.22758192997112436
666464.1584267705,-1460987.97056751,2.814787110452272,4.8580034470009705
671027.1424317043,-1463195.7796388995,6.962894431118784,9.350367790124698
660915.0569255665,-1464042.694514809,2.3703470403808637,3.5314343194234388
669887.859715113,-1455125.762295186,11.185075096797185,12.744390805673355
659290.0832061386,-1453041.1592877796,1.629613590261842,0.5393142401666253
665877.0699216358,-1457164.006756639,6.074014290975959,7.133827921708551
667710.8391407869,-1443324.8187930686,1.1851735201904297,1.5057348860073283
659530.0156168175,-1455146.1774492292,7.555481191213995,8.736001088005647
669423.9492820483,-1452281.7518266789,5.4814275308807465,4.73982649040902
666902.3688046926,-1461803.9051475795,4.888840770785526,5.761422685098616
668978.0770104176,-1440066.737795915,1.1111001751785277,1.8397015187459993
669531.029651681,-1464590.8072996386,9.036948091452032,8.682666262678538
662895.2817429029,-1462739.3724698322,1.9999803153213502,3.442082313554666
665262.7316253404,-1441888.4906838709,1.6296135902618394,1.4528398526613753
660915.9479296133,-1457737.0165085576,0.22222003503570775,2.3091405318734832
666145.5352728474,-1440702.8134455462,2.740713765440373,2.0648460699909688
667198.3149195167,-1462889.8996332046,5.036987460809328,6.813186813186812
659970.8770603037,-1451072.5476295939,0.5925867600952159,0.4893056707938004
668462.3843292047,-1443218.7881611837,0.6666601051071159,1.1012166163735797
674039.1023447625,-1463720.400983889,7.6295545362259,9.179112252694608
663768.067783134,-1438249.4166655862,26.147890789201377,28.408184045873842
669782.1609219882,-1449334.1149694598,1.9259069703094456,1.937948245048025
670844.6980109061,-1448900.5131269323,5.999940945964054,5.52384425768726
663723.8341743556,-1455483.055101256,1.1851735201904319,1.7122951997700486
666999.3227554294,-1450691.6490878507,27.481210999415612,30.505078148225955
664406.0750777669,-1454016.6065528826,0.07407334501190199,0.10605587232494118
663452.072139082,-1441216.4504372065,1.4814669002380398,0.3223865981747469
664827.2088542711,-1456090.5501168515,4.59254739073792,6.392805634127992
659013.1423150632,-1452195.8092062585,1.9259069703094482,1.3980852944048046
662819.7166137281,-1444386.8860266851,2.8147871104522735,2.6727322188355163
663835.3988244882,-1456104.1788013868,7.111041121142587,7.34894035673368
669250.6233407533,-1457267.5026389277,3.7777405956070016,3.4663947150766994
663288.0458196233,-1453504.4271415002,3.185153835511783,2.2344100721511078
670337.9912955097,-1454193.006032895,10.81470837173768,14.281643992793557
664510.6976066001,-1448143.1495774093,5.777720910928353,6.925408634239945
657331.7111275226,-1442468.3367007447,0.9629534851547281,1.017860299180545
668542.9638950331,-1464830.4462308679,4.518474045726015,5.733885381061051
659396.6802975094,-1441939.298237713,5.333280840856938,4.406683103168565
665519.0406354638,-1448093.8907112444,0.3703667250595082,0.7376258040247308
661498.8711390824,-1443437.2172710851,0.8888801401428221,0.8432432107408996
669274.2132485894,-1447132.6394652815,4.074033975654603,3.477200168772746
666567.5987489574,-1437686.058262298,4.370327355702212,4.044815359023902
671743.9971851334,-1454074.1327093337,0.7407334501190199,0.9822858718781535
665621.0404988553,-1448834.6355738055,3.037007145487978,1.787270106024689
671767.5239722456,-1455973.3303261432,0.37036672505950574,0.16674715645264881
660727.2722503579,-1449921.4810629045,3.1851538355117794,2.896065809676086
660849.6024438926,-1451675.6440989338,0.2222200350357082,0.5037835056317332
667006.4471078616,-1446636.7256096795,5.629574220904543,5.157425706718609
668713.7303944852,-1448478.8555727992,1.4814669002380336,1.6015765733551381
673358.5130973805,-1458503.6757941535,3.11108049049988,5.772681305862024
671014.0424149756,-1457235.3839269173,5.111060805821232,4.836206943209015
661565.905212428,-1449677.9402724146,0.29629338004760797,0.8817398350059031
666295.1463226001,-1453930.996402436,0.9629534851547277,1.020034872780749
661242.9896589072,-1447859.7664437208,1.8518336252975436,3.544252696028474
657814.3882834814,-1446190.402944091,0.14814669002380398,0.3822964479458779
665933.2087111054,-1461966.732064243,4.222180665678406,4.2777509846206065
665086.5475876379,-1451845.989140513,11.036928406773388,10.961080834522214
664826.2594914108,-1461122.9166778855,4.740694080761722,6.417463507574668
659384.936845146,-1455045.1614802098,8.370287986344918,9.493329628315928
666070.2961720062,-1445776.0117607391,2.5925670754165675,2.798668620350479
661152.6471913243,-1453656.4795506052,2.8888604554641724,2.480192773407172
672991.7534388747,-1462961.1693853592,6.592527706059272,9.37242578855065
672340.0034167176,-1464114.4711751982,6.888821086106878,10.48962039957735
664106.8418402981,-1462438.2542787245,1.1851735201904319,0.179942742118822
664189.9528958953,-1458068.109223105,4.888840770785526,4.929298642618562
666856.0703849491,-1455863.387226399,15.110962382427992,13.63191093449608
659472.1367143794,-1449104.4642945593,1.0370268301666297,0.23442179237495075
663418.0130608112,-1458619.0797842771,5.111060805821234,6.441097954050372
673069.0892303006,-1456650.3983911152,5.777720910928349,5.909090909090908
673155.0049560678,-1463838.6545016305,9.40731481651154,15.868970015574812
667096.0506332899,-1463036.1438867552,2.518493730404664,4.4141002580155035
663669.1888412763,-1449439.242256985,0.5185134150833104,1.1243033989291398
668608.6384581238,-1443321.2866454246,3.555520560571291,4.039550799649328
669673.187868617,-1442887.7451707167,29.703411349772672,34.44112554529722
662667.7124581663,-1449445.7554901403,7.33326115617829,6.447651090217273
663023.9844177787,-1463741.9793994618,1.4814669002380363,2.013280976968664
672471.9481485644,-1454728.2302568068,2.3703470403808615,2.117521274292773
664632.7847975551,-1460280.6829260471,3.629593905583194,4.434208256262702
663187.1896319599,-1440121.4868084576,4.740694080761721,4.747414646034558
674051.1957019999,-1462426.6399598278,5.185134150833134,4.961371835951306
667112.9670357631,-1452834.788174013,1.5555402452499418,1.1905557751405356
668211.3863563391,-1452640.2840094455,5.999940945964054,6.273862734886031
669399.7604675821,-1460418.9342716231,1.407393555226136,1.9864883406093083
668328.0785250042,-1463717.4743252685,27.999724414498928,30.289659061072257
657782.8060476547,-1444028.1477454067,0.07407334501190022,0.18854189272228083
669074.4093609655,-1452473.245383114,4.370327355702214,2.9418468068977006
668049.7678114835,-1461737.2191919754,0.22222003503570598,0.2903944240577898
670178.575596204,-1445192.7982432044,5.925867600952152,5.356113999133404
663608.2141993877,-1465669.9247692241,1.18517352019043,2.1133020450640156
664634.5353226573,-1443185.970956109,28.59231117459414,29.82986667396861
668096.3740473497,-1451783.1876524498,1.3333202102142332,1.8078758158351604
659742.2602426955,-1444778.335364718,24.592350543951436,28.52102846101128
670451.7527531197,-1443034.5382995124,0.6666601051071177,0.8678847951977868
657141.5186557128,-1441227.550594186,4.074033975654606,3.539201926533731
660243.9700993947,-1442839.1306613071,5.407354185868839,4.053426528764336
663752.4633193379,-1445346.0110118971,1.0370268301666261,2.6186078066363283
665403.312321452,-1440823.8537184687,3.9258872856307994,3.6291645826160126
665517.9108378773,-1448981.306850998,2.5184937304046677,1.254031134782025
662958.8679595646,-1446150.3038603992,2.5925670754165675,2.413914038161814
665672.4491545623,-1449727.7683061066,3.3333005255355834,3.2392874907540783
666923.3006508631,-1449578.068922633,0.07407334501190199,0.009326178009001929
672223.7936568437,-1456891.7443025336,0.8888801401428239,0.5914483444642151
662031.3299399747,-1463656.559961969,5.333280840856936,9.376135811607353
666369.0808710079,-1464190.2527041556,1.55554024524994,1.1169637228838898
668662.3298567614,-1460419.8936929717,4.666620735749823,5.305566110469267
665371.1405940934,-1464200.8877385368,3.703667250595096,4.217636192338128
664235.8059487734,-1452261.1986503701,11.333221786820994,10.268478428946962
658421.5213379549,-1448365.0378219439,2.962933800476077,2.4509048862792264
668903.8341277959,-1457458.3607740437,2.962933800476078,3.2928442720652527
660555.3902352778,-1448688.0840509688,2.222200350357057,0.7478480560061387
665710.2256263922,-1461013.6006120823,0.5925867600952124,0.8269530109936589
658299.1405342808,-1447266.2993064732,1.1851735201904292,0.745742029204874
670612.6461671446,-1460068.690687188,0.3703667250595055,0.2993848735743674
662387.504687882,-1443451.778299043,3.4073738705474916,3.5602647079557297
669787.3042935249,-1455271.7889859024,2.148127005345156,4.205687765303665
663142.3929091773,-1453405.1736986348,3.629593905583193,3.82577491891477
665981.6591144416,-1457012.632480579,10.81470837173768,12.512129172923268
664617.4026889887,-1448891.0809428887,2.66664042042847,4.183910795749863
662391.3537536642,-1453332.0333498535,4.148107320666507,3.8806883592260037
671495.1437678349,-1448946.0405667885,2.5925670754165675,2.6154282802831337
663039.8900488093,-1457548.556422837,1.629613590261842,0.45307302316444975
662705.7143283742,-1455331.5688039712,3.4073738705474854,1.7217333815625135
666751.2697210285,-1456011.1635134928,12.29617527197572,10.131175570692886
660540.2480885064,-1449574.049029759,3.1110804904998792,4.209627832436881
665294.6101998985,-1453959.5977721526,0.14814669002380398,0.38542794221822607
673275.8519990777,-1458896.8112571822,4.888840770785527,3.5546037122981575
668638.4569586862,-1454591.4866623098,5.036987460809329,2.931667999864164
664485.1799994411,-1460182.6138249724,2.2222003503570544,3.3449001108636054
666646.8273976578,-1453752.5155764734,2.5184937304046655,2.751895664114576
672964.4209832386,-1461709.2774209355,1.7777602802856478,3.7170465397761365
657902.1852962576,-1447211.6619951627,3.1110804904998814,3.089616358225218
671997.8073395446,-1462899.9003442964,6.2221609809997585,6.981942978431546
668312.4174892455,-1452495.8117515082,6.814747741094979,7.281070431601314
663619.3168747075,-1438150.4752499918,1.8518336252975476,1.6304089115697247
668296.286795513,-1447413.7899032421,1.7036869352737458,2.60881507047933
659240.8836628171,-1446099.5396570773,4.518474045726017,3.4790271784264792
662300.7478223623,-1441172.417464984,1.629613590261842,0.384958802083581
665622.4270558481,-1443083.3021135563,0.8148067951309201,0.31148517349508964
659365.0421754664,-1447859.4842726784,19.036849668058796,22.306456132451654
668098.9852971089,-1439214.5688038687,2.0539125955565396e-15,0.03023048654142385
665846.4559029881,-1455901.9218712943,0.7407334501190199,2.927216159248516
662619.9510225329,-1454570.9662814853,7.629554536225901,7.179854025324174
661495.1137768953,-1455768.0584161186,4.740694080761725,7.257754535158705
664729.2501264692,-1456236.4090721225,10.073974921618662,11.63148915408621
669730.9190502107,-1454275.5583290271,2.888860455464174,4.5766178645512925
657924.9898185136,-1445409.9417104246,6.592527706059275,6.402544291804254
668681.0073782102,-1461686.663594381,2.2962736953689595,2.4269731669930135
660270.527173668,-1452015.0185106336,1.8518336252975454,2.960105839252944
657923.7635915728,-1446048.199501229,1.777760280285646,1.7094263993067687
664376.7027547243,-1458420.5029261084,7.185114466154486,7.985121363785325
667386.9729308484,-1459961.3875908155,1.5555402452499352,1.8576520205915377
669913.8674475912,-1456267.4562423984,0.3703667250595122,0.028372966683970713
659542.6074778503,-1448711.4608223573,4.370327355702214,3.585624373816767
668402.0719699613,-1464729.0520277282,0.29629338004760397,0.9756219104892034
660911.0631873321,-1438730.7848498642,1.9259069703094536,2.5523224750200315
661783.8966499285,-1456593.2110318304,1.9999803153213556,3.721520093311507
663713.9049874858,-1462378.4638052084,7.111041121142584,7.528124087224796
666959.3596236926,-1462047.2972725795,4.074033975654606,4.410114888413567
667348.1009370789,-1451783.940976311,1.8518336252975471,2.685110929560107
669368.567983446,-1446991.4732305575,5.999940945964055,6.704885960276231
669018.1993254176,-1440313.3024209149,2.2962736953689595,3.299921275783206
669481.1413976809,-1464345.8547996385,5.259207495845037,5.312665603537227
660958.4295516133,-1457983.3695085575,2.8888604554641777,0.9172205421033421
662703.0825820016,-1438063.8092768397,2.962933800476078,3.84137204521083
672860.2400820779,-1454783.853172198,2.9629338004760752,2.3558124095522963
671881.1415924045,-1450910.3241395508,8.518434676368722,7.847590534061764
668507.0857052046,-1443464.7417861836,2.740713765440371,3.5224976603029816
660332.0792171856,-1447589.5120808184,0.22222003503570598,1.3928772464223647
670310.4862904772,-1439890.8753782292,1.5555402452499414,0.9030745692013138
669026.7934666122,-1461507.2837277453,2.592567075416568,3.078696402681775
663684.2754863556,-1455236.226601256,1.8518336252975462,2.2965336985369476
658986.1479500632,-1451947.2975812585,3.037007145487978,0.0910030169984477
659651.8967078738,-1443778.3987112741,2.8888604554641755,3.2053537295340915
661098.6499647391,-1446469.71705986,1.5555402452499374,2.257459898967247
663242.0371286233,-1453258.7067665001,4.444400700714117,3.6103237537142325
657283.9511905226,-1442222.9815757447,0.5185134150833118,0.5042106056232784
670976.4935794505,-1461145.2902435018,2.814787110452274,2.452364923434846
664779.5246134703,-1439911.9340292034,6.962894431118777,8.035528771136995
668317.3512412522,-1459475.5403076394,11.25914844180909,11.692647195893716
661254.5731294984,-1453509.2708396278,11.777661856892403,11.901547950777239
669324.7886945894,-1447377.3725902815,3.7036672505950934,2.9550650468593886
661392.7413422249,-1452573.5909857987,6.148087635987858,5.9219445854548125
666529.5919419574,-1437438.9876372977,1.18517352019043,1.1808104138032007
661729.4398010949,-1450397.2369867186,1.9259069703094496,2.2327318454163616
662246.8430363787,-1452333.1619630947,1.4073935552261339,1.1536494303606823
664893.6915680642,-1450985.587477774,10.81470837173768,11.098139348900471
661956.4478254833,-1451518.8916428103,0.7407334501190217,1.167814052745051
668671.3052104852,-1448232.5304477992,4.074033975654603,4.107501877019224
661092.5967546373,-1441620.2138088932,5.111060805821233,4.638332556844668
665514.6086042572,-1454809.8371660633,9.85175488658296,7.270413572339114
661718.7385257678,-1454578.7151672659,1.1851735201904292,0.039299472044559636
664849.3088009364,-1462387.0767974406,1.1111001751785246,1.3434314416080628
665132.369206638,-1452091.6011405129,12.74061534204713,12.453524936954198
665854.1574854748,-1444929.3866781755,1.4814669002380376,1.529815890314532
659680.3119950197,-1456274.1939216873,1.629613590261843,0.2719381500607865
670152.37820919,-1457352.8654593593,2.3703470403808633,2.1367152076356852
662183.9028449713,-1440314.1531014068,6.370307671023564,5.871305329194302
665232.319076095,-1452946.2453172076,8.37028798634492,8.518317084660872
658413.2480736393,-1442077.5548702641,2.7407137654403715,2.4186901379401293
663512.2137163511,-1460266.561324269,5.111060805821232,9.027416605775679
661041.7305199031,-1452762.3323392952,6.148087635987858,5.871966239242034
661489.4292891747,-1438422.1704347415,0.8148067951309237,0.7751022843522541
658640.4463697209,-1443799.5237588757,2.2222003503570575,2.8336408012789116
666699.026961745,-1444628.341277698,1.407393555226136,4.864870483590014
667430.5419531381,-1453808.4278272982,0.8888801401428257,1.0874907266972782
672926.337155985,-1460706.9940464296,6.148087635987858,7.331302069822597
662602.7983251517,-1438209.293396483,2.1481270053451578,2.767046981809643
668505.8337385533,-1442088.4203970805,1.851833625297548,2.193481174351886
668240.0618203462,-1453528.305696045,5.33328084085694,5.113440913103983
669473.3583559146,-1441274.1562244701,0.5925867600952159,0.05220577532015502
663627.2624642763,-1449192.901881985,3.9258872856308047,3.4520130374573608
659054.3211763012,-1445755.5949630006,6.148087635987863,5.329388662001925
666389.2654919948,-1459978.087677388,0.0,0.7782510649862378
662941.1376814386,-1440165.6927670399,1.9259069703094518,2.1352135803129046
669719.6846806171,-1443133.3767957166,0.07407334501190199,0.10341698536800387
662630.6349601662,-1449198.5531151402,7.33326115617829,6.473124611087581
659978.5470899614,-1440692.7875014562,2.5184937304046655,3.321284977403491
670503.2877869292,-1447818.3962410525,0.9629534851547255,2.0831219255869895
667070.6145967632,-1452588.414674013,0.3703667250595082,0.9731485936998112
668166.0176013391,-1452394.4486344452,9.111021436463938,9.441566007856405
659881.7298073077,-1451963.0990182797,5.111060805821233,3.852112676056338
663618.3700414831,-1461370.4858791404,2.296273695368958,1.0200662755023941
667738.147890495,-1459770.7593966604,0.29629338004760575,0.7218375404839308
659921.374643475,-1438816.8641651445,1.777760280285646,2.773374909066514
665046.9050369782,-1457968.6980202429,18.81462963302309,16.24956301868792
661267.7068158613,-1463864.6500208997,3.925887285630801,4.594164214976003
670755.7717664102,-1460168.4229109117,1.2592468652023356,2.114156300810114
669706.3629517325,-1450235.6116525908,0.6666601051071144,0.2526012276938898
670774.7115979635,-1449795.3062435114,8.740654711404428,8.433582540247524
669035.6334289655,-1452226.275883114,6.666601051071173,6.041770023983482
665165.4426987942,-1442030.3353219558,1.8518336252975496,1.5536111493037548
663694.3116668458,-1460615.850127155,1.259246865202332,5.717000410959784
669372.0292120692,-1440137.9072462542,1.5555402452499392,3.0199103255808355
670657.3720940307,-1442120.6890231888,1.6296135902618403,1.2117249163960508
668058.1566783497,-1451536.1415274497,2.7407137654403693,3.406128488989113
673683.449804061,-1460730.0488926824,2.2962736953689564,2.4907145348425654
659792.8171116955,-1445023.1128647178,0.44444007007141195,0.3655602263709446
660212.8371051622,-1453926.4258209069,4.888840770785528,6.199633992065733
671759.9394241795,-1454826.0675068526,13.407275447154248,11.41740903728059
662136.4162656079,-1445464.2597314403,1.9259069703094496,1.7827687665649756
670008.4345111297,-1452203.9790655538,7.259187811166388,10.543613840362315
667144.6157512083,-1450793.4690247695,23.481250368772912,26.399621799471888
673633.7204961295,-1458715.169600463,5.407354185868842,2.9774815536827486
666504.2844527164,-1453649.0108625595,3.037007145487975,3.318392675686782
662068.5527499747,-1463903.755211969,5.703647565916446,9.396706816809827
670497.8390359229,-1449086.8034831104,6.592527706059269,5.880524623112575
666339.0126900079,-1463942.5249541558,3.4814472155593883,2.597047814857021
663702.2416797115,-1454354.1093866965,3.40737387054749,2.743914798715468
664604.7479290975,-1447994.8445331105,3.111080490499886,4.140395396013461
668440.059523429,-1447515.0058178753,2.5925670754165697,3.15315676588318
657897.7690798127,-1441136.4466419518,27.407137654403712,32.11151924562216
658366.424714955,-1448121.201946944,0.8148067951309219,1.2263391813609807
670096.8564563766,-1450304.2192777721,0.5925867600952159,0.9878488808932286
660585.4257332778,-1448936.2618009686,1.7036869352737414,0.121190098604119
665698.5230012606,-1455798.3615678512,0.5925867600952142,1.3592822594579115
662475.3737608946,-1454475.0087521821,2.5184937304046633,2.917591867104113
658245.0864132808,-1447022.2759314734,4.148107320666509,3.7994444228620634
661640.5998028747,-1448537.514369518,0.9629534851547241,2.586996778641688
661534.4053811908,-1461821.171894723,1.1851735201904319,5.690761793057998
670058.2785919497,-1456368.867679777,1.7036869352737436,1.9857181072622208
666769.5537396021,-1454728.1105347034,6.148087635987858,4.757637243178346
671537.1383511984,-1447029.4007600788,0.9629534851547215,0.7915626696884921
664658.5097479888,-1449137.6725678886,6.1480876359878565,7.049240880280177
662432.2166276642,-1453578.6673498536,3.629593905583193,3.3168356295966466
667062.3362698981,-1456705.069169785,1.9259069703094518,1.689093520656538
667183.545400189,-1445708.6709935274,3.8518139406188974,3.807083775171404
662752.6010173743,-1455577.0743039711,0.29629338004760974,2.5674056441095585
662177.1345326556,-1456648.82891117,1.55554024524994,0.6034010860459578
671874.8369445673,-1455831.6774933403,3.259227180523683,2.9891785914328777
660580.7645255064,-1449820.717904759,0.8148067951309237,1.346705563143907
668548.0514546444,-1455497.4495297568,2.8147871104522717,3.2386305891140745
671277.2804479524,-1447840.3224227042,0.44444007007141373,1.1890900222912997
673250.8111870778,-1458648.0867571821,0.5185134150833139,2.3796245043169275
670122.1573472114,-1462324.1749150036,3.7777405956069963,5.207125675897688
668592.7851466862,-1454345.7096623098,4.51847404572602,2.5156677756651753
672760.0144608386,-1454928.7097515375,2.814787110452274,2.3410710934875296
667417.7738930265,-1437432.7395499581,1.1111001751785263,1.885299411528809
666775.7801284585,-1443746.8908550653,0.5925867600952159,0.07833114927466678
666687.5382786578,-1453999.1419514734,2.8888604554641755,3.088194936031673
673008.1245512385,-1461955.0760459355,2.888860455464176,0.43215445793408946
672034.6715835447,-1463147.1492192964,6.296234326011662,6.7195768571123775
663762.706947437,-1461474.0990835754,6.296234326011666,3.983253973586937
665585.9232418479,-1442836.0573635562,28.221944449534636,30.32407425722689
659416.5621104664,-1448104.0618976783,19.85165646318972,23.11257501506448
665973.3421533251,-1445923.3139386617,0.7407334501190219,0.8861287052825186
665890.2417779882,-1456148.0411212943,2.962933800476076,5.599427551136898
668143.0372331088,-1439460.6186788687,18.592409597987384,18.998955395985497
664677.7231234692,-1455991.7984471228,4.888840770785524,6.226482500210093
672857.5511011891,-1462862.8029908107,3.407373870547488,4.982527068548329
672192.6775224393,-1464013.3669476882,8.666581366392522,12.125719917654127
657894.9888805137,-1445161.7679604245,0.5925867600952117,0.480016210033654
661314.2542887337,-1464978.0390497444,3.8518139406188983,3.063668515758712
664333.1726917243,-1458174.4573011082,7.2591878111663934,7.614804506774725
662821.0874480975,-1460605.1411752093,2.1481270053451578,1.057983203511279
659584.2414166748,-1454116.0316597838,3.185153835511782,3.893212899551859
667757.723963225,-1461545.5088990282,1.481466900238038,1.8437815275395515
661882.6438033052,-1438481.5217858427,1.1851735201904292,1.3435899133610638
658527.0531721383,-1443197.7239628043,4.962914115797432,4.536716515467305
659577.8460438503,-1448958.9513223574,2.962933800476078,1.913340172527302
657185.6562573325,-1442365.339378315,1.4814669002380398,1.423482681340307
670334.381265176,-1445925.27952826,3.0370071454879795,2.6822061605978043
661830.9037189286,-1456838.7367818304,0.9629534851547232,0.5441434287571267
668924.2899973248,-1462530.6833007913,3.3333005255355874,3.4092888879793644
667299.9199980791,-1451538.636351311,21.62941674347536,24.50247648900688
660445.33448576,-1442556.569301812,7.6295545362259,6.176705756929639
669424.984674446,-1447234.9729805575,1.4073935552261356,1.7622425085860518
660357.6823608347,-1454027.8677429738,4.740694080761726,5.574972118548347
662751.0537100016,-1438309.1196518398,2.29627369536896,2.8626699186932467
668400.585197796,-1442234.04787688,2.6666404204284695,3.1811807060534316
663800.4096062654,-1446105.5815749778,2.8888604554641715,4.134754778258882
667373.7861349161,-1464002.377715715,7.111041121142587,7.300765609361232
673949.4835000188,-1462573.9332318539,4.074033975654604,3.935381527786358
667815.3381763312,-1449677.9912257856,2.148127005345154,2.4939876287726213
672825.820273078,-1454536.345172198,4.814767425773627,4.174029364415293
669878.3738993583,-1461356.6219476173,3.259227180523686,3.2426059292772784
662839.1543957943,-1440308.9470836592,2.518493730404666,3.1028802185038824
669549.2249677437,-1460519.4890350683,4.814767425773627,4.917759654984025
669174.9406339918,-1445383.4790794086,2.220446049250313e-15,0.1695527311310676
669192.5666693083,-1451436.232174776,6.814747741094977,6.481551849154299
664631.6054373225,-1454989.5232029525,3.999960630642706,2.051366066318584
660381.4954661855,-1447834.571205818,0.7407334501190173,2.0572951892757647
668661.2749036339,-1449508.3338743406,3.7036672505950934,3.589764239959825
670533.2827264376,-1459185.8148239658,0.8148067951309197,1.0329145753059703
663732.0212448342,-1443078.4928363482,0.0,0.250144421376544
658473.7415484567,-1449239.2202829055,0.0,0.0839999390331938
661695.7752512684,-1444536.192713857,0.44444007007141195,0.5540578265333451
659700.8777038737,-1444023.5339612742,27.33306430939181,31.1596362326737
660771.0807392993,-1443617.7395958225,5.333280840856939,5.201978529981019
671838.8777426751,-1450003.93139691,0.9629534851547259,0.12609243772099887
661137.6309627392,-1446716.65730986,2.3703470403808593,3.3280432610585042
670593.6693132301,-1443134.0197653188,25.48123068409426,26.586380075495867
660078.4599248935,-1458092.978118599,1.777760280285646,3.982975675906589
660800.2415176574,-1456759.7582232943,1.407393555226136,1.0177000340068485
664929.3622618893,-1444005.8057232716,4.962914115797431,4.4327906498355985
661299.5993754985,-1453755.112089628,5.7036475659164445,4.982807146174366
666328.0739948445,-1451766.7059646081,0.3703667250595082,0.05717352094868655
663944.3003239558,-1444952.1348927326,2.7407137654403715,1.7323542978464457
673537.7137093553,-1460630.335788763,9.407314816511539,9.987165510230257
661777.380237095,-1450642.5892367186,1.4814669002380376,1.6828607550597794
662295.7176063787,-1452578.3372130948,1.7763568394002505e-15,0.2816256526490486
669856.5300374755,-1439185.3908681525,5.555500875892645,5.952260017574247
664130.6966517335,-1452403.5626217115,8.51843467636872,7.946975591124241
664953.2119420641,-1451228.343102774,6.592527706059268,6.473373583027885
665760.4357157792,-1454764.3818497225,0.22222003503570598,0.6111485823579375
665991.7433400059,-1450683.9282601164,3.3333005255355856,3.401990970591466
666032.7739101821,-1446804.2182756446,4.666620735749821,5.183811869579264
658204.6163201529,-1447414.2601442027,0.07407334501190377,0.6539917068997498
665506.3442939995,-1460157.3540378562,0.9629534851547241,0.3282477093282452
672116.4149666158,-1462002.8169598968,4.740694080761724,7.490171667581038
662001.5304504833,-1451764.7868928104,1.111100175178528,0.7395432922871663
664056.600403997,-1451278.3144971407,3.1110804904998814,3.1150423528678477
662290.8874291569,-1464606.8908175065,1.9999803153213538,4.313871128568023
661762.3467187678,-1454824.8761672662,0.2962933800476062,2.044214612723559
662728.5904561379,-1450434.8288562372,7.629554536225901,7.554797965104698
669512.813468311,-1437108.6177991768,1.4073935552261343,1.7658723528893887
667593.8087043767,-1459672.398876903,0.5925867600952159,0.07016182606612942
664804.4406679365,-1462141.1721724407,3.7036672505950925,3.814626344486026
665816.1401734748,-1444682.3296781757,1.9259069703094496,2.2168254166919574
659636.3734320197,-1456028.0869216872,0.07407334501190022,1.5256000036739135
670115.65864919,-1457105.588459359,0.3703667250595122,0.9374083270289857
659775.8782154941,-1455100.9023351662,9.25916812648774,10.341096149139348
661100.6556709845,-1440720.3143125498,7.185114466154484,6.633211788285288
665276.2774510952,-1453192.3374422076,3.037007145487979,3.0904659520060553
663551.6336603509,-1460513.4256992692,3.703667250595096,7.588304152867424
669224.6557244197,-1440026.8153323722,2.3703470403808593,1.5801496515292826
658691.0305567209,-1444044.2701338758,0.29629338004760797,0.2849798520033088
667383.1999581379,-1453562.9928272981,2.9629338004760752,2.872103386809268
667954.0840583676,-1451680.8352202254,1.9999803153213493,2.5366839690633007
672981.8794029849,-1460950.7141714296,7.259187811166386,8.633388332431272
662654.0698851517,-1438453.9662714829,2.592567075416568,3.0110513398465857
668539.5508085534,-1442336.1090220804,1.259246865202332,1.6183874457536005
663471.6508538588,-1438053.866408825,3.555520560571293,3.289784718065103
667715.8259939386,-1444568.7637768858,26.073817444189473,30.324427820698176
659099.4024253013,-1446001.4814630006,6.222160980999765,5.4651135421165264
658571.9417705308,-1439143.8800394507,0.8888801401428221,3.139233236734343
662984.7466214387,-1440411.84951704,5.925867600952156,6.187795344312321
664030.5642952173,-1439850.964693035,3.8518139406188974,3.916407660450866
674285.233998341,-1463676.8193432568,6.888821086106882,7.889761383541805
663412.2357355622,-1447193.4222944723,7.111041121142582,6.719677833115512
660018.1337739613,-1440939.6170014562,0.9629534851547238,1.4268302646074786
670543.411343929,-1448065.1412410524,1.9999803153213498,2.593671053533332
662644.4909667016,-1448437.1897311187,2.6666404204284677,2.442976971781454
669258.020810571,-1453466.5918485285,0.8148067951309237,1.2780527673681696
666753.7298598769,-1450738.255717611,28.44416448457034,31.453846577516114
665523.8771746226,-1443839.9686778642,0.37036672505950996,0.43743292998752104
666602.3523385262,-1461087.926006439,4.444400700714116,6.539225695114524
667659.0781475885,-1460534.697628465,1.1851735201904292,1.0074424819838326
668821.3291223224,-1438959.9889153428,2.2222003503570553,2.688383096154361
663268.7128233176,-1442004.7667918364,4.962914115797428,5.606152901971424
668032.9109405901,-1440528.194602926,4.962914115797427,4.315622191624961
662573.5943598552,-1444430.4860501564,1.6296135902618416,1.490220372428112
663660.1610004831,-1461616.9666291405,10.148048266630564,8.727540151021039
664048.9252381015,-1440987.8486194843,2.518493730404666,2.1651589108674543
664247.7759898859,-1457294.5387667234,9.555461506535346,8.997411179525637
660520.2467668164,-1460634.3112086412,9.851754886582956,10.092854163925946
660594.4306021899,-1444652.2370749316,24.740497233975248,22.972103702147418
664513.999571884,-1449033.392958796,4.592547390737916,6.062766648109385
664537.6632909395,-1465163.9522268563,7.185114466154488,8.441101005787333
660075.8963619354,-1452943.6849144679,3.40737387054749,1.6397183192840394
670620.1905940308,-1441873.4866481887,1.55554024524994,0.4411340423813712
673639.571369061,-1460483.9572676825,8.740654711404424,9.424949582305596
660592.2508117787,-1442657.0628301604,6.7406743960830715,5.606306004074916
660436.6171790024,-1449720.6995091252,3.481447215559389,4.461290322580643
671800.1598671796,-1455072.8066318524,9.70360819655915,15.37605530261705
658873.8027736791,-1440858.0982954619,0.7407334501190199,1.5270588914809968
672229.8543893227,-1450710.2846252266,6.666601051071172,5.702240089664354
670297.3596089424,-1452932.934817465,11.99988189192811,14.882662375860114
667105.1040042083,-1450546.7338997696,1.333320210214234,0.9113942565622417
657554.8062874808,-1439053.6473159567,1.1111001751785299,1.6487995216767874
660131.4662072726,-1446613.3176174187,4.666620735749818,3.9718320656450308
661357.4159736489,-1442722.6120423437,5.70364756591645,5.219001004016068
664160.1678426294,-1451130.9986625188,8.962874746440132,8.922452925034316
662926.967472136,-1444242.664488045,0.29629338004760786,0.19768511462276273
666542.6775147165,-1453896.0292375595,2.2222003503570575,2.4033931957266756
659075.6404651395,-1451044.4020678606,5.70364756591645,5.792771621391522
664656.3245160975,-1448239.3352831104,5.0369874608093355,5.848678965757633
665689.8507605786,-1462023.3004416327,3.8518139406188965,4.834591036992499
668400.918466429,-1447268.1209428753,2.8888604554641777,3.8785104669573
664926.5287316442,-1440012.6022276995,0.14814669002380598,0.12523081561854243
668514.053190539,-1449410.738906309,2.6666404204284655,2.5896052033280395
670565.5727935693,-1454025.8833367862,12.444321961999519,15.28194915904025
665745.6237552606,-1456043.864942851,4.074033975654604,6.340134792542129
662519.8050758946,-1454721.023877182,1.9259069703094474,2.3607471990488627
661987.4159057881,-1440606.4074038982,28.444164484570337,29.081385354741272
670015.3658959497,-1456122.5800547772,2.9629338004760775,3.2735961841729346
660081.7363130634,-1457087.823517635,1.55554024524994,0.48012855271172583
666817.3157406021,-1454973.4890347032,6.370307671023567,5.05224474937867
666461.3201487728,-1452756.2165135797,5.333280840856939,5.705782232262781
666315.8459480316,-1445729.1015522005,1.3333202102142336,1.4610683201765613
666426.1209681008,-1437589.183747767,7.407334501190191,7.217521827460906
671698.4653667095,-1449910.6803111918,5.555500875892648,6.091114584629316
667104.8740258983,-1456951.372669785,4.222180665678409,3.7456945649507665
671013.7147904721,-1451024.3237663198,5.185134150833134,3.8955283091475916
667143.665769189,-1445461.9709935272,0.37036672505951007,0.37860456082946203
672822.2923140799,-1456690.149748132,4.888840770785527,5.083672546359114
670884.9480298173,-1455999.215033438,3.999960630642707,3.51770490069998
671908.2432035673,-1456079.4307433404,2.2222003503570575,1.8830016687049387
662057.7657272462,-1451378.186534165,0.5925867600952115,0.21411232450408857
668571.2863020641,-1448379.4586117119,0.9629534851547259,1.1344537815126055
661571.9943314628,-1454475.0173461093,2.740713765440372,4.743625090885322
672717.7054018388,-1454682.3915015375,6.074014290975957,5.469840674557018
663521.4333059371,-1448337.1112211123,0.0,0.06189232789118582
666731.5189454583,-1443500.8786050654,0.14814669002380398,0.5578895335551306
667802.1739447732,-1460635.6789376047,3.481447215559387,3.20301007570491
665100.5263148637,-1457194.4004147367,10.444341646678172,8.846690710005102
658264.7893685759,-1441975.983624613,26.59233085927279,31.993099614488806
657396.0351452704,-1443249.539481921,29.110824589677456,26.15157058003209
665920.111044325,-1445679.080938662,1.4814669002380398,1.6641380010454292
657539.3780807573,-1444084.8644322027,1.1111001751785263,1.1325955465298057
661263.9327257337,-1464733.1737997443,1.0370268301666297,2.22909823129638
667805.602902225,-1461790.8785240282,3.703667250595095,3.415071992724922
657135.0190033326,-1442120.5281283148,0.7407334501190177,0.689193374997721
656896.0119415288,-1441274.6501763435,4.814767425773622,3.838349413225264
660491.2249777599,-1442802.2985518118,9.629534851547248,8.510797146337243
669818.5906923021,-1442986.0803233362,2.37034704038086,5.774597328320812
659599.6566301428,-1449984.1992946719,5.777720910928349,7.103757731530386
660084.5617407712,-1440547.8616837787,7.036967776130681,5.062702985161947
662157.1248979366,-1446625.2020043232,1.9259069703094513,1.9860132403140467
666675.3019688649,-1449609.468363308,0.5925867600952159,0.5695463870317592
667767.5553693312,-1449432.6454757857,1.4073935552261343,1.7699894802718505
669498.9959017436,-1460274.6289100684,4.888840770785531,5.180554860844701
664414.399406546,-1447156.3037088504,4.444400700714118,5.283160153644487
670737.2935401273,-1462203.309532699,6.962894431118784,8.223141363025528
669152.4270473083,-1451189.494799776,3.555520560571293,2.766942344751066
668615.2553406338,-1449262.673624341,3.3333005255355834,3.1922808803569316
669178.2683332184,-1452327.3425320124,7.555481191213997,6.823496337012965
664175.2549289698,-1442116.5296334382,6.296234326011662,6.636662141819942
669196.6961064689,-1446137.3572590146,1.6296135902618438,2.762001166537055
663767.0207498341,-1443326.0254613482,7.629554536225894,7.622339898931883
658428.8011704567,-1448993.3162829056,0.07407334501190199,0.4252535245960676
661661.7638762685,-1444288.5215888568,0.8148067951309201,0.7257036202666747
667343.0427871132,-1448610.7999565047,2.7407137654403737,4.056014678970528
670752.6791191413,-1454999.2436109819,12.37024861698762,16.133323784652013
660814.2966112993,-1443863.9583458225,3.333300525535585,2.735679722671696
671799.236433675,-1449757.11389691,0.29629338004760797,0.6617929132328797
670556.80531423,-1442886.7861403187,28.296017794546536,29.220979143936034
657240.794879636,-1441082.712885023,0.37036672505951174,0.8029748046308716
669295.4056840928,-1459393.1073826626,4.814767425773627,5.066983475912602
670112.4566533924,-1451056.6749926703,0.44444007007141195,0.69508970407181
660842.9577076575,-1457006.0673482944,0.8148067951309219,1.8538571387115326
671567.4807527869,-1448043.970331204,2.518493730404664,2.897794797109999
668842.1399530862,-1455704.7982002902,3.555520560571291,3.7616772553488023
665815.5396618778,-1449824.5783807384,0.5185134150833122,0.5214143378812572
662042.8977585235,-1445612.0805768976,1.0370268301666279,1.0127094882115224
670057.2772417429,-1440947.5194972875,1.8518336252975476,2.4317163890006017
664984.7247480041,-1463375.224018501,1.9999803153213573,1.8196928093285436
670598.4946508871,-1448943.8332833825,6.518454361047366,6.025132846886494
663601.8239077354,-1454497.215887975,1.8518336252975462,1.0138225395096256
667625.6099160642,-1437151.393274258,0.29629338004760797,0.5729010378327182
664092.9287737334,-1452156.4401217115,2.2222003503570558,2.1150406523724907
665803.5697797793,-1455010.6233497225,4.370327355702215,5.232238947794134
666040.1931540058,-1450929.1758851162,6.370307671023562,6.505313028893321
664277.5561748318,-1453375.6352306192,4.740694080761722,3.960681288818851
658148.6808811529,-1447170.6062692027,1.111100175178528,0.8015547510019712
665458.0351709996,-1459912.069287856,0.22222003503570775,0.7102687034932664
665668.8528765496,-1443937.7079035053,1.0370268301666274,1.668059229043414
671384.4489854763,-1458944.6141925757,2.592567075416567,2.9809343045723464
666623.2200520209,-1454624.2157408507,0.6666601051071135,1.721174532732106
664015.9922159971,-1451031.6746221408,7.185114466154484,7.033042087092557
662331.867117157,-1464853.5046925065,0.5925867600952177,2.5594737993247385
661293.5910056215,-1448724.8806694844,0.8148067951309175,3.050291948016989
662690.1100771378,-1450187.8494812374,2.4444203853927613,2.02665745525014
669466.6666533111,-1436863.0092991767,2.296273695368958,2.9334997019310727
667633.3500163766,-1459919.150876903,1.1851735201904274,1.5599082645542839
662154.0980955835,-1457546.4400125467,0.2962933800476062,2.4137490117815403
671141.5906572541,-1446967.4907226271,1.5555402452499396,1.7516194723535432
671079.5581025548,-1446077.5576467481,4.740694080761726,4.867606713503729
661838.0491177642,-1440512.2198028332,0.29629338004760797,0.16174585313517387
661062.6072979847,-1440473.2920625496,5.111060805821229,4.490845118525036
659730.5632744941,-1454855.0538351662,10.74063502672578,11.715089868121693
667666.9173288681,-1454769.439678927,7.111041121142584,5.454850194355144
666031.6546014536,-1457755.7432749802,1.9999803153213516,2.189368096931933
669264.7780394198,-1440273.379957372,1.1851735201904274,0.11992989449207592
672737.2993625043,-1455829.4739750405,0.1481466900238062,0.05892927030557038
670028.5475372912,-1463347.6045105208,8.44436133135682,9.338737896180934
671623.9600823801,-1447654.044599946,3.8518139406189014,3.992557810768801
668896.9320217083,-1455315.3273294205,3.7036672505950996,3.9173568449877187
667914.4715053677,-1451434.0062202252,2.2962736953689573,2.8591549295774623
668493.8152187502,-1454492.6064321036,1.1851735201904319,1.9649632629680145
666741.0622767125,-1459805.2017485537,5.481427530880742,6.352989352818133
667669.2539909388,-1444323.153776886,3.03700714548798,0.38595508052098637
674239.3797433411,-1463431.1175932568,3.999960630642706,4.130128110716075
662337.2728509521,-1447598.1115281363,1.8518336252975462,1.4641134510957894
664075.3616032173,-1440096.911693035,2.222200350357059,2.0727273436849014
665728.4240974939,-1442936.6317238058,27.77750437946322,30.728463351203455
667268.1511728796,-1464783.6150921779,4.07403397565461,4.264330694273866
668779.0389683177,-1461540.0114002167,4.1481073206665116,4.46899531368742
669213.8966165709,-1453220.5354735283,0.07407334501190199,0.9229391310045294
667700.5992245886,-1460781.213003465,4.222180665678411,4.1098328298601
668865.1560833224,-1439206.1009153428,0.14814669002380376,0.31999446503675344
667361.0968053546,-1441474.528659884,1.9259069703094474,1.884873202415497
663323.2566283178,-1442248.6086668363,2.1481270053451595,1.8418747609724093
659067.4425670145,-1453207.1589873345,3.7777405956069927,1.4327861783806224
663195.2839218343,-1465470.493808792,2.66664042042847,3.649691857732547
660951.0808960473,-1462006.9218341913,4.888840770785528,5.936835507378108
659189.4188636254,-1454050.5840718485,2.814787110452272,3.500914198603292
657530.9437652326,-1442184.3898832863,0.22222003503570797,0.23963137394486245
670730.5466158866,-1461189.8751028208,2.66664042042847,2.6467077457225905
659249.210070737,-1442956.497178847,7.481407846202092,7.420206659012629
664642.6472250844,-1443806.3705027956,0.8148067951309198,0.8042553329452519
661142.5032639306,-1457570.9303101273,4.666620735749824,1.3951083282919239
667040.2192375553,-1439767.7573929373,0.37036672505950996,0.3493145382493133
664555.9913898841,-1449279.831083796,5.555500875892644,6.333421783538968
664575.9475969395,-1465411.0016018564,1.8518336252975476,2.791013626330438
670145.1926062871,-1446992.109455575,0.37036672505950996,0.5129955050552555
670862.4096967172,-1450923.2340811065,2.148127005345154,1.0733038070907863
669676.1750722283,-1448089.805843643,4.666620735749824,5.863135754532018
660634.7528197786,-1442903.4054551604,12.81468868705903,13.020082557893478
664733.2614118343,-1444969.0749768384,1.777760280285646,0.9289119589528791
664192.8776870593,-1446168.958122483,3.7036672505950996,4.890838155041313
666549.8139969211,-1465180.1530646258,3.1851538355117848,2.9534017219199615
666602.0782119215,-1447843.3249102826,0.9629534851547259,2.427567401951583
665053.6867792888,-1445771.5678825246,3.2592271805236854,3.408808349050071
670358.0824789423,-1453175.1893174653,4.1481073206665116,6.519274292591726
664013.8156238594,-1447076.5431388202,4.814767425773622,5.829191503379725
660172.8206482728,-1446859.8606174188,4.444400700714115,3.667896843935254
662327.6668902223,-1442465.4221004448,1.999980315321352,2.913150941771738
667002.3402856161,-1440551.127695072,3.4073738705474916,3.516120963227676
658617.0967584382,-1449340.8009054577,3.925887285630801,3.844468581092901
661838.450553664,-1444637.5694642593,1.8518336252975516,1.8555945963892801
662579.5208670124,-1443164.1388453958,5.481427530880744,5.1198985073750345
671194.1964392144,-1452896.662868823,5.111060805821232,5.014112220610295
660995.3406951777,-1446617.6420338762,3.1851538355117857,2.601222559224661
660416.5000158533,-1459051.3255906887,7.851774571261605,8.609287081180852
665379.063764381,-1452051.2318910793,8.51843467636872,8.380598966298871
664877.1719156441,-1439767.5398526993,7.481407846202092,8.393993667628008
661764.7146650238,-1443515.2035193052,2.296273695368958,2.166483491878312
662392.2952154699,-1465857.3036643737,0.29629338004760974,2.7850682610712933
670608.2549255693,-1454272.024336786,18.14796952791597,21.62137976592699
661938.5862767881,-1440361.4719038983,0.22222003503570603,0.26098162359575705
661287.7725196264,-1452718.2728914502,1.4073935552261356,1.2259950215676083
666508.3444607728,-1453001.7465135795,8.592508021380622,9.001741013707033
671472.4922707933,-1453995.7238112413,0.07407334501190377,0.8144510438017787
670902.6423919157,-1455101.1869308474,4.740694080761721,7.157254202737234
670357.3601218446,-1464448.423829551,4.444400700714113,5.717729847871915
672680.4380456068,-1460752.0399953602,1.333320210214234,2.5779297009875037
671298.8565023516,-1452100.6658205139,0.5185134150833157,2.2252919430993945
665684.9820773816,-1454024.3424135176,4.814767425773625,4.841937072910765
666170.2188600111,-1446906.8186102035,4.814767425773625,5.432293438202153
667277.7554759328,-1446716.0212572063,5.629574220904543,5.060972546006516
671967.6995663289,-1461902.7215825925,3.999960630642697,6.547217138119539
662102.3571032463,-1451624.1745341648,1.2592468652023356,1.840050153001239
661617.5028324628,-1454720.832721109,0.8888801401428221,0.5586977960395849
668546.0456832008,-1437382.327828388,0.07407334501190022,1.6379108094834187
663481.776679937,-1448090.3324711123,1.7777602802856434,1.771712882127304
667846.2858267731,-1460881.7461876047,6.29623432601166,6.27167278360459
672383.3802311891,-1462943.3331158105,1.55554024524994,1.5828298024514744
669320.4626823378,-1452430.003362394,3.629593905583196,2.1168977847012034
658311.956615576,-1442221.425499613,1.2592468652023316,0.9775564955916409
660207.8646813587,-1441569.8694212914,2.8147871104522757,0.9425837320574173
660271.2034780949,-1452639.453595539,2.592567075416568,1.0871850618310734
670697.1067170552,-1442986.6283521643,0.22222003503570997,0.4098934487335919
659004.7756450223,-1444893.3703156267,29.555264659748868,26.68078878720436
669297.6131477895,-1463480.8923388538,2.2962736953689595,2.375435207699942
668303.4539284729,-1451487.9595259922,3.1110804904998792,3.7789906620273426
666828.9518882339,-1462954.4767333292,0.5185134150833139,1.1087848209311115
665156.1032676841,-1440861.0371395939,2.444420385392763,2.1325437340490803
669249.0985376284,-1442082.3219090633,0.07407334501189977,0.04037892227515738
663488.5077700194,-1449090.1644974411,12.148028581951918,11.15795313219475
669867.4591933021,-1443231.2430733363,1.999980315321352,9.132393707986278
661172.3063894643,-1458843.3339441293,10.296194956654366,12.661904529460035
663121.217091003,-1446371.659688482,3.185153835511779,3.0820209736745445
660120.7310517712,-1440795.2130587788,7.703627881237801,5.803057097382855
670399.7807175466,-1447965.2236830625,5.25920749584504,5.7291260377227875
670699.3309047625,-1448799.9656551,3.629593905583191,3.2478916268572355
666898.4875686101,-1450837.1540794622,26.29603747922518,29.108437646357935
668014.8096094737,-1450642.1087157212,1.7036869352737396,1.944241104870855
659813.9043150949,-1445760.3499081433,6.59252770605927,5.5635682278632235
660599.6529105883,-1454625.141342719,8.814728056416328,10.488680121721295
662714.390452417,-1444531.7144370065,0.07407334501190199,0.030692228383581988
669605.9752805494,-1453279.5538467767,3.11108049049988,4.074214172397019
658866.708514011,-1451339.1666187914,0.22222003503570775,1.137032092241549
662197.8021157258,-1447503.6264148895,1.4073935552261343,1.0937499999999973
658870.7014396496,-1450192.768236198,7.555481191213995,7.7899183309467945
661525.3942791455,-1460470.3635000237,1.0370268301666261,1.7328989430338346
668881.6954430807,-1450480.5826199916,2.962933800476077,2.216157769852736
670918.0478507061,-1449893.1619760594,3.481447215559392,3.618043292877349
661394.5706342125,-1448581.7216158514,0.37036672505950996,1.5393012533139796
669236.2371154691,-1446384.1747590145,0.14814669002379954,0.6526901222636736
659601.7844714015,-1442787.9415484453,7.555481191213994,7.437551022569153
670804.1473051414,-1455243.8694859818,3.333300525535587,5.903919842123072
672626.4918855887,-1458725.1151218053,2.222200350357057,3.5280347558502
664540.3961364,-1443951.615362316,0.22222003503570376,0.29320043759431147
670147.3242183924,-1451304.2242426702,4.29625401069031,6.374856817074216
671657.3382722754,-1454972.153202124,22.444223538606284,27.45531435507194
660826.8805401302,-1449776.8625884382,0.22222003503570598,0.4335572934914307
671523.6412597869,-1447797.869956204,2.518493730404666,2.753920210253305
668795.1086350861,-1455459.27907529,3.8518139406188974,4.13632838421279
665857.8338278777,-1450070.9693807382,2.296273695368959,2.283756505288701
661988.3862615235,-1445368.1540768975,23.333103678749104,22.068214089874736
673497.6986236887,-1458608.8768983902,3.185153835511784,0.8594225770357102
664847.8261345404,-1438017.757967608,7.555481191213996,7.982954545454547
664940.8052550041,-1463129.1693935008,3.185153835511789,3.11413388475947
670643.194391887,-1449189.7990333824,4.074033975654601,3.599324595527721
663556.1869747355,-1454251.419762975,6.666601051071174,5.701771341390324
667665.3667220641,-1437398.178899258,0.9629534851547223,1.6666510378327164
665689.6164558055,-1437733.0366825878,2.148127005345156,2.8402721944024947
669170.1056569726,-1457536.6034035766,2.888860455464176,2.701495834557412
664220.2886118318,-1453132.3258556193,3.7777405956069963,4.436131441496214
662480.586203112,-1441397.3886569673,9.185094781475838,8.179216052454725
662939.2144138135,-1451431.963501085,0.5185134150833139,0.645762261428402
671452.9119904763,-1459184.9433175754,6.370307671023563,6.702980564257288
666669.0978030208,-1454869.9583658508,4.222180665678409,3.356105410354475
659979.631564243,-1457235.116517047,0.5925867600952142,1.780720751369083
666218.5238081014,-1445874.5177641436,1.1851735201904319,1.2981833546759591
668965.5377064456,-1439057.1466749376,25.03679061402285,24.395870758795198
666208.4530697028,-1456838.264126901,10.444341646678172,12.45593274768186
673102.6035631341,-1462813.6253107185,3.8518139406189,5.5710560081394505
672438.7679830544,-1463969.4055197765,7.851774571261606,11.3980149104768
659337.2231484579,-1454154.3920440723,2.814787110452272,3.6002618946803047
662195.8701695835,-1457792.9158875467,3.777740595606998,6.730401761365355
659331.9004354638,-1449003.436255705,3.4073738705474916,2.4106662212187406
662649.0763943185,-1455724.9363625948,5.111060805821234,8.336418488559207
662076.8617947641,-1456794.0963411068,4.444400700714117,2.405648332085761
669171.6662118034,-1462494.867505638,2.9629338004760757,2.588775115151443
667630.6612738679,-1454522.118428927,8.148067951309208,6.634708050231104
664433.7505421784,-1465308.1458320925,1.333320210214234,0.13401560628924258
666875.6160467309,-1443603.134866082,1.7036869352737458,1.0399085255720224
663072.4556002354,-1447377.8190383294,2.6666404204284695,2.3385665370165762
662302.3066009522,-1447350.5866531362,1.4814669002380363,1.002306480086765
665684.7514704939,-1442690.5867238056,27.925651069487028,30.894780611419336
671031.446466713,-1462405.0923392472,9.629534851547252,10.78883506161998
667303.8083038796,-1465031.0447171777,0.8148067951309177,0.6639840826984396
669506.8661903164,-1454441.4275383404,4.888840770785524,6.759310626864801
661165.8790975106,-1464876.2879543127,4.296254010690312,3.676999516557128
659025.4530070145,-1452960.8618623344,2.8147871104522686,0.12411212562250995
665025.9361265094,-1439869.8768770355,3.9258872856307976,5.078564458740673
660909.1115280474,-1461760.4869591915,6.29623432601166,7.8210146443044035
666131.8705584313,-1439685.7710911902,1.9259069703094478,1.702424181029222
660525.5822689894,-1443664.6618587696,0.7407334501190239,0.3240162917780305
669572.1441692994,-1447341.6671725437,2.8147871104522695,2.0798147491672383
661045.9931645901,-1456714.2770382212,2.37034704038086,0.24464690776561682
668485.4143462013,-1459690.0460860087,1.0370268301666279,0.01711720657960747
664683.8619140843,-1444052.9462527959,0.37036672505950785,0.37509808739899725
661182.8091459307,-1457817.6543101273,6.296234326011665,3.2609593364806866
667002.1878595552,-1439520.6796429376,3.5555205605712934,3.441135139859508
670269.0706289951,-1442057.8269921904,0.5185134150833122,0.490689363416589
670177.271917287,-1447240.037205575,0.7407334501190177,0.05215903043339143
670918.6800187172,-1451166.7780811065,5.629574220904548,4.64604320502367
671401.1054280816,-1451955.2008073758,0.7407334501190181,1.3577674133177737
670350.8971401044,-1441143.11820305,0.7407334501190221,0.48044539890979543
667465.221294737,-1447687.2203628644,0.8148067951309219,0.06110418913760185
664779.2934188342,-1445214.7902268386,1.55554024524994,0.7377260069056373
665548.5503456141,-1437633.569561102,6.296234326011664,7.01574079528911
670087.9523796191,-1440060.191598243,3.999960630642701,3.0442322552639567
666500.2911249211,-1464935.2931896257,6.370307671023567,5.369340423637182
663459.5715391876,-1455406.7528343326,2.74071376544037,3.0514055423609
669067.0956860681,-1456551.594480427,0.14814669002380398,0.18454060456887422
665094.0770282887,-1446018.2632575245,2.9629338004760792,3.0517184157768567
662298.9922612223,-1442217.1469754446,4.296254010690312,2.6433877907551047
658575.2685154383,-1449094.3410304575,3.407373870547487,2.748833970473603
662536.0947782993,-1464558.4996808427,2.5925670754165697,5.177170384282292
661801.4596806641,-1444390.3572142594,1.92590697030945,1.8222052737216758
671239.7769492143,-1453142.4704938228,8.740654711404426,8.252137636055066
663510.7318096089,-1453334.8874897354,2.8888604554641732,3.152159964778357
661034.9476361778,-1446864.482408876,1.4073935552261378,0.2546733518546942
661664.7214372882,-1460584.0203421449,1.7036869352737432,2.918656669779242
660383.7901438533,-1458803.5217156885,4.962914115797429,5.275960968698855
671862.5703951054,-1448871.5321755018,1.1111001751785299,1.4241499242990505
669970.6729852995,-1450954.8740743566,6.29623432601166,6.008577486381265
673588.0738842853,-1459719.085988278,1.3333202102142359,0.27068344836171754
661881.0650041485,-1462646.1399112386,4.296254010690312,7.0138657678475855
656744.2399173884,-1439409.290652015,3.333300525535588,2.528464013580276
660897.3184580099,-1450674.4348727753,0.7407334501190197,0.808725484022172
658443.920695476,-1444081.9502286003,0.6666601051071158,0.6415645670687897
666896.9974721356,-1444342.5732675549,2.6666404204284717,2.548284634741711
661920.6967726728,-1450732.2622816605,3.0370071454879795,3.2279065923965935
669198.0408213381,-1463629.477130042,3.9999606306427027,4.02077745067872
671694.7859478232,-1460908.4618832115,1.1851735201904354,1.0347146356625245
670318.5853698445,-1464201.470454551,5.259207495845037,6.7610022444072
672735.9802926069,-1460995.7601203602,2.444420385392762,3.880015963596179
672065.3494145961,-1456673.6258225879,0.37036672505950996,0.12597860707871567
663381.0675897398,-1449236.3018349032,7.333261156178291,6.407699532944461
662313.2728771373,-1463852.874878841,5.333280840856938,8.76584575258227
666138.9793262098,-1450782.1663159144,4.51847404572602,4.6252626083923385
663884.1021284591,-1450436.446911303,3.552713678800501e-15,0.4075061099029842
666134.820417011,-1446659.5912352037,0.5185134150833137,0.5144599126558722
667225.5079139328,-1446471.5761322062,4.2221806656784056,3.7357004499324624
665360.3022663917,-1460062.3728538407,0.22222003503570598,0.08735192558354399
672018.2970073288,-1462147.5360825928,2.7407137654403684,5.494782832778704
667962.7885800382,-1444530.0222989419,1.2592468652023296,1.503059343970673
665635.3768666602,-1461278.6783042806,8.740654711404424,9.448687926375886
662397.9613156752,-1448478.0599282975,1.7777602802856443,1.670488816254382
669504.2459133648,-1453423.4297394557,0.5925867600952124,0.27935524247853394
671290.4238744994,-1447069.7286606375,8.888801401428228,7.870652112059545
660541.1984264171,-1438792.4660468283,5.185134150833138,5.417553164070859
667794.6445117869,-1443690.2646680684,2.2222003503570575,1.9282078493171433
661519.7034272853,-1465968.6500582017,6.444381016035468,7.322795355498746
664293.5331647794,-1440936.584407202,1.0370268301666279,1.2625738444645869
664001.208027143,-1457335.5755083293,8.888801401428228,8.790032258185711
669281.686750338,-1452183.033862394,5.925867600952155,5.216821001786985
666978.1782354095,-1451844.909692159,0.8148067951309219,0.37244862777547816
662837.095865903,-1462368.9380948325,4.370327355702212,5.718287404069573
672879.6841848688,-1455928.400845705,0.5185134150833182,0.44058386939980276
662134.5202569391,-1458562.7070375104,3.7036672505950996,2.0307477009042127
665362.5883097623,-1441744.358787951,0.14814669002380398,0.053498702325165404
660254.0329953588,-1441815.5604212913,5.407354185868841,4.151979331050778
660318.8663570948,-1452884.864720539,3.333300525535588,1.9062129677220483
670661.2949010553,-1442739.2103521642,0.074073345011898,0.13814012976020318
671148.0227733039,-1445063.0264159536,0.8148067951309197,0.8454139818961639
669206.9120625895,-1441199.3156724805,0.37036672505950996,1.7478381487254726
659051.2137080223,-1445139.0189406266,27.703431034451324,24.45183790531225
667897.3270420389,-1462515.9045513885,0.5925867600952159,0.43390911108425245
665111.5050216841,-1440615.051764594,1.4814669002380394,1.0601577519631271
662920.7204981344,-1445494.3770073513,9.555461506535348,8.99837190960243
669294.3949756285,-1442328.1745340633,26.888624239320396,30.625163867376134
661891.8551434649,-1445516.096131244,0.07407334501190205,0.07779238231984797
664175.3637842971,-1439950.060818444,7.5554811912139925,7.426743521643895
663691.633911134,-1437882.300040586,21.92571012352297,24.405744639113028
674074.617540488,-1461701.120153558,1.9259069703094482,1.706459244216946
669723.2363589881,-1448963.7745944597,0.3703667250595064,0.5197983506808583
670442.3666075466,-1448211.5603080625,5.111060805821234,5.209377452235042
664458.2007057668,-1454387.5980528826,2.220446049250313e-15,0.03770933928942588
670744.4547647624,-1449045.8561550998,7.555481191213994,6.806978454264135
666858.9758216101,-1450590.4189544623,1.4814669002380354,1.7974215903238038
665320.7678872447,-1465358.962205585,13.555422137178052,13.541933817525507
667972.1393514737,-1450395.7847157212,1.55554024524994,1.8392262485300437
666446.1293854974,-1442682.5725126755,1.4073935552261378,1.3877521399622634
663455.1666541139,-1454391.9544014572,5.407354185868844,4.604580545231689
665272.2552486265,-1446876.2762721016,1.3333202102142339,1.1210221793635478
667266.9821820972,-1441620.976907312,0.5925867600952137,0.4712061647091246
660108.139576497,-1451790.2271409417,2.51849373040467,1.8361897657509445
660647.9492265884,-1454870.4109677193,1.7777602802856478,2.9584299714581404
659649.7872169343,-1438732.7289764616,0.5185134150833157,0.2948772351003477
662680.4477024169,-1444284.0506870067,0.1481466900238081,0.0865191975396199
658830.207261011,-1451091.9063687914,2.0740536603332558,1.9648279034333935
664371.4376960647,-1453235.3814119012,1.6296135902618403,2.4434482642098567
668480.8113960332,-1464460.7431058679,5.407354185868841,4.6921340936558735
658823.6593726496,-1449947.3223611983,3.703667250595097,4.111077057686864
664411.5895985559,-1448290.0675433716,7.259187811166393,8.110579120352158
670875.1750687248,-1461292.138230355,4.074033975654606,4.081630229829919
664277.9865270478,-1464458.6166864072,4.814767425773624,7.082699339768807
661556.1215311454,-1460718.465000024,2.444420385392764,3.410869798642546
665449.9156894637,-1447725.3384612445,5.333280840856941,5.244356824369165
670088.455349281,-1445970.1101523186,3.7036672505950974,3.503317849177229
668826.9095690807,-1450236.6749949916,2.074053660333253,1.6753185022560562
665785.4634886197,-1439868.964691487,3.6295939055831914,3.556559259199405
660787.4909083627,-1460683.8577297982,16.22206255760652,16.10834561798776
661439.0821922126,-1448827.7254908513,0.5925867600952159,1.2509659319354718
670958.2776117059,-1450139.8948510594,0.3703667250595082,0.47751717876752586
663379.1845581245,-1443259.464851692,0.0,0.15412455565197813
659640.2512174015,-1443034.9607984452,8.370287986344916,8.187132951049282
667734.7643589496,-1448668.0327519467,3.1110804904998837,4.052161848576203
671260.5153798738,-1450984.4831101047,8.222141296321114,7.10492768492724
673679.3558412958,-1461627.3280429046,4.444400700714118,0.3896042421309467
670207.9188110894,-1453075.531274172,5.85179425594025,7.9364091732709365
664810.8003845402,-1437770.530717608,10.37026830166627,11.018939165327
663250.4845022971,-1452374.2010414023,1.037026830166627,2.1824816535429976
666206.5169930125,-1447789.0892251302,1.851833625297548,3.1791449108821777
661171.2631579072,-1447491.7213187208,0.4444400700714084,2.103591849424956
666440.4452641255,-1454036.9646370679,2.074053660333254,2.2380208389453378
658120.228427791,-1440966.8993053536,18.740556288011188,17.06660054624187
671584.4752544252,-1452945.852114797,10.370268301666268,10.67410837600008
667818.8193075535,-1456646.793296818,6.22216098099976,6.425748447239105
670460.8901779859,-1454170.257486973,5.7036475659164445,10.127672927595258
661369.7981870093,-1465866.6158982571,5.999940945964056,6.473308868320126
658511.5495044533,-1441935.966173387,21.110903328392048,26.943645879404393
662888.1486618137,-1451187.247501085,9.333241471499642,10.034316493504624
661376.4689143569,-1443462.4604722057,0.3703667250595082,0.36555092247519205
666165.2926991014,-1445630.2847641436,1.9259069703094496,2.0761926504388697
659938.1439362431,-1456988.5875170468,2.1481270053451578,0.10503047343776828
669011.7181404454,-1439302.8079249377,26.073817444189476,25.5572487561089
659288.992022458,-1453909.0961690722,2.0740536603332558,2.7726247925053222
671632.7258227384,-1459914.830991502,11.925808546916208,9.858067302348891
663349.3588778112,-1458250.439034277,5.85179425594025,7.864502157831351
658613.7474813387,-1442924.1647249502,8.518434676368722,8.375916538760945
667034.0789562899,-1462666.317511755,2.8888604554641724,4.2847789698880305
659845.0882908525,-1449937.0060173345,1.2592468652023339,3.1687605862713184
662963.5159767787,-1463371.9062744617,0.29629338004760797,3.6989672345628026
668067.358602016,-1445551.0978547728,3.4814472155593936,3.219857765523845
663626.0100769147,-1448190.9755381048,29.184897934689356,28.917785191622162
663753.3324912486,-1456370.14260151,15.703549142523208,15.606202234393141
668063.6194069353,-1444388.7087071675,27.555284344427513,31.32855335031273
669772.9829214206,-1443993.883450625,1.259246865202336,1.3548694784690891
665200.1484372737,-1457049.7915838598,9.185094781475838,7.498531795296337
670983.4615307131,-1462159.770214247,8.740654711404428,9.57328823131159
663378.1186347647,-1464444.1056435993,2.592567075416566,1.0388402256408984
669463.0901953164,-1454195.2924133404,1.3333202102142305,3.6691513126900137
670109.7694672041,-1444824.1773682043,6.518454361047368,6.054531703828758
660913.5076353562,-1463029.5873717174,12.148028581951912,11.364901927401476
664423.0963195577,-1442083.8012092537,9.111021436463933,9.190620562954065
663519.8507628184,-1443363.4938349896,8.66658136639252,8.665705924725756
664565.5105106574,-1442817.381081109,28.147871104522732,29.381346088856763
664976.0991865095,-1439624.9157520356,1.92590697030945,2.647366750627942
660568.7981409894,-1443910.8806087696,1.2592468652023299,2.142282515531292
667077.5113995699,-1451699.4814187158,1.0370268301666297,0.1307427011350457
672000.0395178918,-1451884.4999567245,6.59252770605927,7.023658614914835
660582.8439230339,-1453865.6926959464,4.296254010690314,5.189311914516766
663695.3903223379,-1444975.3945118971,2.2222003503570575,1.3447063469141436
661088.70935459,-1456960.586163221,1.777760280285646,0.5915101969390673
670592.3906784944,-1443754.9130936018,27.99972441449893,29.23427568463311
663015.6572095646,-1446520.895735399,4.666620735749818,4.600325659821827
670377.4876204572,-1452137.7982268624,4.518474045726014,8.585425003563161
670302.2816391045,-1440897.90070305,1.7036869352737436,2.147730447569422
663016.6782069668,-1445351.5040413397,0.29629338004760786,0.23687642626245753
667425.6282267369,-1447440.3781128642,0.1481466900238022,0.823994889320355
660205.3826936071,-1445829.0423359228,4.592547390737916,3.57392366490671
661218.6565950515,-1451609.4538559532,0.6666601051071157,0.46018225932285794
666279.3600509816,-1446763.1991713187,3.2592271805236877,3.6070462904714446
658778.5030150072,-1450337.678835025,4.888840770785526,5.34091226827606
667375.8613919716,-1446572.2870478793,4.8147674257736215,4.213667462324796
665951.6923914187,-1463127.117810227,4.370327355702212,4.0180712270494325
664340.1046675823,-1452118.9973661252,2.7407137654403697,2.619719463409708
664398.024914772,-1455156.2270419532,2.074053660333254,1.380718290458196
665794.036682644,-1450972.7044441001,8.296214641333012,8.3765920499186
670042.162128619,-1439814.4248482431,1.9259069703094474,0.8420101392605535
664567.714978476,-1454237.5552955829,1.3333202102142359,1.5430544406061024
669024.374988068,-1456305.277605427,2.37034704038086,2.242057407659159
670677.4905961447,-1460438.0205621878,7.481407846202098,7.7644132732289695
661902.5452328497,-1461750.3210050194,1.629613590261842,6.018333686211708
671631.0982408172,-1458904.0632300042,3.777740595606995,4.056524293987273
661906.9397985296,-1457583.7813433167,1.4073935552261378,1.3395661131509566
671769.5857664623,-1460014.7801883298,4.962914115797428,2.616628437502662
666689.6087220286,-1455641.3641384928,16.22206255760652,13.828706949208062
670007.3618052994,-1451202.1635743566,3.999960630642706,5.956830256763128
673547.7813872853,-1459472.4068632782,3.9258872856307985,5.559497164768064
664950.7465297948,-1449978.1429551756,3.40737387054749,3.1930800781821773
661935.7242461485,-1462890.0457862387,2.7407137654403684,5.017661737855844
665958.8146750755,-1449921.5259687898,0.44444007007141373,0.3871716218273722
667581.551117942,-1455667.5964490818,8.29621464133302,7.693724645710101
666116.547772741,-1452945.9706711248,0.29629338004760797,0.6104734375239369
656691.4922563885,-1439165.045777015,2.740713765440372,2.2483424246302564
660943.5863400098,-1450920.1052477753,2.7407137654403715,2.920860660673478
671737.4039508232,-1461154.7228832114,3.11108049049988,3.0231554134744414
665169.3402083556,-1451070.1374754573,1.7036869352737456,1.7180436084370825
672102.2659685961,-1456920.880822588,0.07407334501190199,0.21586576254343193
667520.9408261785,-1437291.9900054475,0.7407334501190181,1.5617578255755298
663834.916879459,-1450191.335536303,0.2222200350357042,0.09911753066818996
662379.2535423622,-1441538.9153399842,5.111060805821232,2.7063690408836276
667916.2165770384,-1444284.412298942,27.851577724475124,28.435413396206517
665586.8274226602,-1461033.4424292808,2.8147871104522757,3.5728050633397075
671296.0644167827,-1459081.1310382583,5.407354185868841,5.777550165255384
666589.0731976889,-1442784.5116398246,1.6296135902618394,1.556247594951874
662886.7731324851,-1461469.7178535014,4.296254010690308,7.68363155213788
662343.6232576752,-1448234.0808032975,3.5555205605712894,3.619165988485709
669460.1217193648,-1453177.3733644555,1.333320210214234,0.0757583938851063
662447.7919751153,-1460635.7152629928,3.4814472155593883,2.050222136520018
662297.5158750092,-1457647.4115013764,1.7777602802856443,4.025832435950565
659313.6192701387,-1453163.8587877797,1.111100175178528,0.8749311435175304
665859.7437306357,-1457040.217131639,11.5554418218567,13.3166487666075
664136.8846749419,-1464352.7916017808,0.6666601051071144,1.6081877287968585
671238.4489994994,-1446825.2066606374,9.555461506535348,8.533983988217557
667738.2309517867,-1443446.7356680685,2.8888604554641737,3.2872435796642616
661466.7850512853,-1465724.3369332016,6.96289443111878,7.551818969633731
663955.1158411431,-1457089.8688833294,9.259168126487737,9.144375306645042
666929.9972964097,-1451599.605067159,18.96277632304689,22.189814187222254
672841.0908068689,-1455681.443345705,2.2222003503570598,2.0631682613978723
666426.9997793057,-1441922.3208803248,29.777484694784572,30.75318828619983
662177.9137539391,-1458808.9115375103,0.2962933800476044,3.1808666175170046
671112.0789623039,-1444815.7235409536,27.0367709293442,28.567951860684044
666171.3131538474,-1440825.1209455463,4.962914115797431,4.41573881362654
667933.0611590389,-1462763.3169263885,27.703431034451317,30.39025359913787
659949.3639893036,-1450949.488129594,0.14814669002380398,0.06110081310005633
662865.3940581344,-1445250.5861323513,13.333202102142344,12.451690821256037
664979.6620280095,-1444927.6653766325,0.29629338004760797,0.5277682963187713
661842.9982674649,-1445270.970881244,22.74051691865389,22.397635880582023
664219.0054092971,-1440196.1753184441,7.481407846202092,7.45669932950313
667162.4709992751,-1464928.7990412544,7.333261156178288,6.599588755246058
669762.7111699881,-1449210.6374694598,1.7036869352737423,1.7955738901101919
664428.8305127668,-1454139.4256778825,0.5185134150833117,0.5289783709516498
664853.6297193337,-1457233.6154336922,9.407314816511546,7.8180192200339125
663434.0420800821,-1441092.7594372067,0.3703667250595082,1.5447470473087872
660928.8417903907,-1445737.8427930828,6.666601051071172,5.718869412710314
663410.3615941139,-1454146.0059014573,5.481427530880743,4.5828909939294915
665321.1628086264,-1447121.3890221016,0.29629338004760997,0.4939140091055898
667210.6231840971,-1441377.4449073118,1.4814669002380398,1.324634314670671
659028.5906930631,-1452319.8483312586,2.74071376544037,0.3377079800773579
660147.494517497,-1452037.0820159416,0.9629534851547215,2.1791356424523762
660625.1772523301,-1455771.2288519037,1.0370268301666261,1.102006972836758
659700.3791529343,-1438977.5417264616,2.37034704038086,3.3330533123321358
661052.7335151908,-1461857.293269723,5.111060805821232,6.302984411904131
664320.8548200647,-1452990.6692869011,7.333261156178288,7.677131108859096
668525.0576460331,-1464706.7428558678,2.5184937304046677,1.5801178286055029
659372.7720485094,-1441816.607987713,1.9999803153213511,0.8602450081369692
670831.2274527247,-1461046.041980355,0.14814669002380398,0.06256407439898837
663770.8434788466,-1443949.709708448,31.110804904998805,30.79588727670138
665497.0437554638,-1447970.8448362444,1.3333202102142376,1.0030940587177843
670123.390166281,-1446217.6210273185,1.1851735201904319,2.182905921343681
665736.9953006196,-1439623.718816487,2.814787110452275,3.198289474159643
660901.0307463219,-1456615.7762785924,1.851833625297549,0.16407779142497247
661518.8799500823,-1443560.571896085,1.6296135902618438,1.4979659162516015
669245.1585645895,-1447011.0749652814,1.1851735201904319,2.2948160776912863
667143.4824293277,-1439620.4574210197,25.555304029106168,25.440110826939474
670284.5593381475,-1447096.4596097488,1.1111001751785317,0.23911152585417783
667690.8312319496,-1448421.9410019468,3.1851538355117857,3.7637524544367125
671718.5809991334,-1453951.7463343334,3.3333005255355874,3.936802142881023
669646.5326055009,-1459215.380053789,4.74069408076172,4.683373248151524
664094.8625594972,-1446312.0782375769,0.3703667250595122,1.3150938157647154
669988.3307319568,-1440199.8290606881,2.518493730404665,1.3865240090774291
670254.3357030894,-1453320.832524172,2.074053660333254,4.227333077452707
661854.9648472508,-1451660.1431149463,19.77758311817781,19.39937832436329
662192.0981623849,-1442363.7116596422,2.1481270053451507,3.250060630481718
670995.3898549755,-1457111.7889269171,5.555500875892644,5.34177445439386
663208.4001212971,-1452127.7706664023,8.148067951309208,9.904930454139407
661190.7582764078,-1441474.7487721415,25.999744099177573,26.525575445997813
661217.7953439073,-1447737.3351937206,0.4444400700714102,1.8264365380634926
657827.9481564814,-1446314.661319091,1.0370268301666279,0.5944040412549283
665952.3268941053,-1462090.2386892429,0.1481466900238093,0.08349735634829614
658168.2670547911,-1441212.2169303535,8.148067951309212,14.37181379104059
664850.2149884108,-1461245.5578028855,6.666601051071172,8.11795321137053
669360.86700786,-1454335.3601193149,0.7407334501190181,2.683440936197888
659406.9720951461,-1455168.2006052097,5.48142753088074,6.614296726386902
658558.7167514535,-1442181.408048387,6.740674396083074,6.027010230676053
661591.9219816156,-1438276.1551861311,2.148127005345156,1.9882342665233184
669408.43272315,-1464615.1898412532,9.40731481651154,9.032317394764984
667970.4920948423,-1455721.2329193628,6.370307671023569,6.0225400892223915
671801.4598524049,-1460766.8898413433,3.7777405956070016,3.769998725313144
663394.1597498112,-1458496.386159277,5.555500875892646,7.055392581431686
663004.5782095643,-1456288.0846707218,0.8148067951309201,4.76148761517454
673095.5592333006,-1456772.5598911154,7.036967776130685,7.333696394268424
658757.5378784639,-1444930.1189896145,0.07407334501189988,0.040399073614235226
667075.4437592899,-1462912.8546367553,3.6295939055831923,5.595286919582087
668585.7017701238,-1443198.4172704243,2.5184937304046655,2.8210617658697346
669622.2862648801,-1443280.032545955,31.0367315599869,34.709635494258556
663003.2968447788,-1463618.7045244616,3.111080490499882,7.448557258829577
668021.387354016,-1445305.4012297727,3.2592271805236854,2.7538972033411024
672491.4300835645,-1454851.6636318068,1.4814669002380394,1.6466405045299624
664655.2474185552,-1460403.633051047,2.0740536603332558,3.0602329345176393
659039.6370850177,-1446914.1889075297,6.074014290975957,4.825172363884161
662545.9357216714,-1448578.1042974943,1.2592468652023299,1.130112492253081
668240.1261410962,-1446408.399082785,2.888860455464176,2.6173335480039395
667768.322649189,-1450683.8229587544,3.111080490499875,3.4160185591352765
665110.3104149783,-1458338.231020243,11.333221786820994,9.841684496887199
664152.2836134932,-1440837.0818580983,1.3333202102142359,1.0153647404654258
664148.2134324278,-1457438.3528570055,2.8147871104522686,2.9354914373942353
659272.8191661413,-1441955.8725614517,8.370287986344916,7.033101852824253
663424.3966987646,-1464689.7791435993,3.999960630642704,0.9759837448687172
668237.372620974,-1441356.4079118518,2.6666404204284677,3.132209001886751
657808.3355506548,-1444150.4943704065,1.0370268301666257,1.0885141194884196
663635.4158488458,-1460245.514002155,1.9259069703094482,6.191646191646193
670673.5781361858,-1449945.2425029017,2.2962736953689618,2.264912754781893
660107.7825252383,-1441716.96145191,7.481407846202096,6.189258798239548
660874.2012083563,-1462782.7187467176,7.777701226249701,7.505018249893451
660173.8223874946,-1452792.0005987366,3.9999606306427076,2.5604272738987284
663587.2529443877,-1465546.697519224,2.740713765440372,4.06742321433576
664611.6068846574,-1443063.092956109,29.036751244665552,30.270232870754757
669065.8636193302,-1441094.9741170644,0.3703667250595082,0.9357727935817453
667307.921347957,-1442520.1152563626,0.4444400700714084,0.6166325121392706
669755.237126742,-1462399.784203711,5.2592074958450326,6.288712729841654
659715.6121156956,-1444656.209864718,31.036731559986904,35.49508280833817
657166.2941537129,-1441350.068344186,5.111060805821234,4.645038565333378
660222.0129743946,-1442716.084286307,3.7777405956069954,2.0670116376491006
669394.1851809281,-1442182.0321266877,1.1851735201904297,1.3936313855781401
669503.5286482774,-1459106.2465115567,0.5925867600952177,0.8032246348311958
663733.7311973379,-1445222.4286368971,0.37036672505950996,0.8979025033431718
656595.8968986878,-1439302.4558198382,4.666620735749824,3.7635948615713453
665498.2558378774,-1448857.8624759978,3.703667250595098,2.3312445558466113
661320.1582200865,-1458946.4435233811,8.81472805641633,10.95722670772525
659242.3955358143,-1440789.5055706545,4.740694080761724,3.806271366779036
673972.5211482949,-1461841.7697784363,0.07407334501190022,3.5656629428023656
662980.4165815646,-1446273.412360399,3.1110804904998814,2.924833995971515
672459.1919017141,-1453853.0193678979,5.1110608058212375,5.324709111056492
666942.5561528632,-1449701.5727976332,28.14787110452273,29.906664523249052
672204.9558538437,-1456768.1730525335,1.4073935552261356,1.1978109076374888
661443.0038394091,-1449700.693025941,0.44444007007141195,0.9916448422756741
662962.3007709668,-1445107.5237913397,0.44444007007141184,0.36139879322361357
665123.4125690539,-1445020.733396778,0.9629534851547259,0.9402657002898973
661366.1690319587,-1447838.89170061,3.777740595606993,5.365850558212129
668682.6860477615,-1460543.2239429716,1.55554024524994,1.2469420957714799
666233.4891709816,-1446517.5507963186,0.5925867600952118,0.7006574031577384
665390.4730310934,-1464324.3226135368,3.555520560571292,3.7821375915459825
658722.747716007,-1450094.1405850248,4.51847404572602,5.280618014432383
665913.9650154187,-1462880.0424352272,4.1481073206665044,3.132547789421457
660537.0115432779,-1448564.5005509686,1.3333202102142359,0.26910009120340295
665734.5486263921,-1461136.2078620824,0.44444007007141195,1.1882328403607012
660693.6142441764,-1460839.1119220578,17.555382767820756,17.71444692586146
661540.1644987448,-1448683.6798952443,0.14814669002380842,2.2430301727806246
670633.0844781445,-1460192.0074371877,3.2592271805236894,3.787186184905126
671699.5612458172,-1459144.3923550043,7.555481191213991,7.778570553672215
665963.6844904416,-1456888.931855579,10.518414991690072,12.435736918717408
671388.3710168945,-1446927.876689382,3.185153835511781,2.807123024860087
660033.6507170137,-1458999.6968097629,5.555500875892648,6.108730750856032
661948.7118725296,-1457830.2572183167,2.074053660333254,5.656218862734772
666733.4277180284,-1455887.4716384928,17.851676147868364,15.466203819570424
664986.3420917948,-1450225.5674551758,0.8148067951309255,1.055972848393571
664706.751396568,-1437915.7941418083,9.555461506535345,10.250000184390647
663148.4626314128,-1452516.6819005415,3.555520560571291,3.2326512537803413
664510.1971234411,-1460305.0753249724,3.777740595606998,4.794744654260613
663413.8779552822,-1448481.65952384,0.8148067951309219,0.7502976280876488
667564.9297671786,-1437538.0408804477,1.4073935552261378,2.0028196091190846
672935.7311692385,-1461587.6174209355,3.4814472155593883,5.679136548091725
657930.4294212577,-1447333.424495163,3.8518139406189014,4.010481403214728
668334.5303072457,-1452618.8353765083,3.481447215559389,3.75431785636344
668317.0363565129,-1447537.042278242,1.2592468652023339,1.8505064460997636
662330.2713833621,-1441293.871964984,15.629475797511304,14.257593927980905
659337.7613614664,-1447737.4998976784,16.296135902618424,19.322684490510536
665822.0580249882,-1455779.3336212942,1.18517352019043,0.8069284293735244
662597.3737725329,-1454448.0247814853,6.814747741094979,6.359291204227412
665438.8963594701,-1442735.89345313,27.555284344427516,29.213424586424342
666547.1174396889,-1442538.1077648245,1.6296135902618438,1.775650517622426
669753.1287992108,-1454398.568579027,7.111041121142584,8.553120285151952
662928.7831944851,-1461716.1444785015,2.5925670754165644,5.062321995954113
669935.1874545912,-1456390.6234923983,0.6666601051071179,0.32616080114727275
661412.7441365826,-1464837.0827185437,2.666640420428468,1.6134851454629615
658472.9995461383,-1442826.6483378042,5.25920749584504,4.905975674212265
668381.3509069614,-1464605.812652728,2.8147871104522753,2.377673644509952
661758.1597149286,-1456470.8930318304,2.962933800476078,4.751337098691855
659271.6297101385,-1452917.5616627797,0.14814669002380398,2.4318294475206628
664171.8209859419,-1464600.3294767807,1.1111001751785263,3.615061738746471
669027.2643059908,-1462388.2332571247,1.7777602802856456,1.4566600568685923
669001.0438864175,-1440189.5600459147,4.444400700714112,5.722545861493433
669506.950397681,-1464468.1526746387,10.444341646678172,9.644997838137748
660291.0705538348,-1453658.836742974,2.1481270053451578,3.077541322761947
666384.2526553057,-1441676.004005325,29.703411349772672,30.500896168165816
660936.5119946133,-1457860.3096335577,1.1111001751785299,1.269559642752478
659699.9540010182,-1449838.8686271175,0.8888801401428195,3.24977611378013
667302.721262916,-1463634.309965715,9.481388161523451,9.893704780049749
666120.6135198474,-1440580.3260705462,3.9258872856308007,3.3408847480985187
668774.1271489887,-1444169.6120924186,23.184956988725308,25.149765842250552
672883.067206078,-1454906.738047198,3.555520560571293,2.991204607305544
665025.6940350095,-1445173.3806266324,0.5185134150833139,0.7189542483660132
668785.5901316438,-1460399.161391461,5.85179425594025,6.6358542239753175
664205.4622300561,-1463176.2772313408,9.407314816511548,7.432095685075579
670883.1606239319,-1462303.8421771931,11.185075096797194,12.075423398162668
663231.8575320018,-1464337.3834473991,4.074033975654608,7.5142462117947355
664682.5866203227,-1455360.6950779525,4.444400700714114,5.2138201320597695
670333.4937284773,-1440013.7387532291,1.5555402452499414,0.8623268977300276
669051.3325266123,-1461629.8456027452,0.3703667250595082,0.659302186242793
663705.0462373556,-1455359.482851256,1.92590697030945,2.248910776875638
664809.5125373338,-1456987.5799336922,7.999921261285406,6.837186356593309
657552.8461819215,-1443485.031691634,3.629593905583193,3.276971442070803
661056.4371194976,-1463129.8662773622,8.814728056416326,7.836122842840343
658999.1175720631,-1452071.6119562585,3.1110804904998783,0.03638502097539131
660663.5205083301,-1456018.2596019038,2.666640420428469,0.6898149076322753
659630.4123328738,-1443655.2669612742,4.148107320666507,4.510217607712153
661555.4709840505,-1444434.9057562612,0.1481466900238022,0.11189489212785375
663265.1372576233,-1453381.5486415,5.555500875892647,4.6425644600475096
660671.0921392189,-1443765.7351818862,1.7777602802856434,1.227062613811455
666370.5605259123,-1448773.5460004678,0.8148067951309237,2.6384399354334294
657309.0566295227,-1442345.4283257448,1.4814669002380376,1.4311294702760127
659419.6983625094,-1442062.156862713,3.703667250595097,2.60455231390112
660138.3031937534,-1458850.6820794512,4.2221806656784135,4.689444495779575
663804.8406008466,-1444197.378083448,31.851538355117828,31.530160897356865
672148.5624575547,-1451984.7119022107,4.740694080761722,6.536291145490814
660945.5715543218,-1456861.7709035925,0.44444007007141373,2.0399874092889867
668341.2718012522,-1459598.2266826392,6.0740142909759545,6.660655493704041
661475.5438220822,-1443314.424271085,0.1481466900238022,0.02605577413082827
673343.3121802707,-1459769.6880309498,2.5184937304046624,1.3203690807770094
669301.5752555893,-1447254.5747152814,3.4073738705474876,2.647827373998893
667106.7829293278,-1439373.1877960195,11.851735201904312,12.100562352691107
660651.8925513249,-1450721.7572843002,1.6296135902618396,1.6937051599188628
667569.1336744924,-1447545.123287379,0.37036672505950996,0.6241759535936708
660061.1318494306,-1445723.5386029924,5.259207495845034,4.006916248441602
666590.4434329635,-1449875.6666157786,3.481447215559391,3.6020851420090976
664869.1046750641,-1450863.0501027738,11.036928406773388,11.5288951009214
661788.8845673667,-1449515.951558116,0.6666601051071162,1.9488539200305093
665893.4672147466,-1450829.2404171124,3.4073738705474916,3.513155163788482
669941.1334219568,-1439954.3333106881,3.851813940618897,2.8991269712190384
660871.9479488926,-1451798.581098934,2.220446049250313e-15,0.2921220518158383
669169.5106879111,-1456408.4893446337,5.259207495845037,5.39603634630598
668380.3317539046,-1446508.949173876,1.407393555226136,1.081061489979513
657800.0825944813,-1446066.232569091,0.5185134150833122,0.7356126635652682
665911.1264041052,-1461843.709314243,3.5555205605712903,3.5377992731210988
665112.0073286379,-1451968.2982655128,12.073955236940012,11.94048225419992
662205.2020939712,-1440437.2059764066,0.8888801401428212,0.35793734121264453
673689.7248839412,-1459575.6255563227,5.481427530880747,3.5256452355362846
659361.657154146,-1454922.3521052096,6.96289443111878,7.9882904453692465
665213.500890095,-1452822.6881922078,3.703667250595095,3.918605425282088
661023.4852089031,-1452638.6732142954,6.074014290975956,5.780723053665833
666721.6243327449,-1444751.2666526982,27.70343103445132,31.80613337529615
661176.9318153244,-1453779.072675605,1.7777602802856443,1.3079002365829808
673380.786123625,-1463670.5780926768,10.740635026725778,16.489565965661036
669358.54446915,-1464370.2373412533,5.629574220904545,5.662316735623675
667451.2334611381,-1453931.7005772982,1.5555402452499418,1.7423215585358411
667925.9600358421,-1455475.3035443628,2.9629338004760775,2.9881197993673165
671838.0596044048,-1461014.1440913435,2.0740536603332487,2.3091669785752345
662580.1439481517,-1438086.3821464828,3.40737387054749,4.272813952526785
663043.6377245642,-1456535.011545722,0.29629338004760797,3.294030098224498
673043.7521653005,-1456527.9962661152,2.8147871104522713,2.912580957176399
668261.3325083462,-1453651.456946045,3.037007145487978,3.389565374356387
669452.1204179146,-1441150.9802244701,2.3703470403808615,3.443253272864772
658803.9759414638,-1445175.7676146145,1.7777602802856456,2.2693499555063448
669494.4942825019,-1442034.638883702,1.1851735201904319,1.3667490742301989
663645.9184022762,-1449316.470006985,1.2592468652023339,0.8113709040981103
666369.3526749946,-1459854.6893023879,1.5555402452499436,2.288450090215605
662920.6084944385,-1440042.39339204,1.777760280285646,2.0936898596204445
668630.4031461237,-1443444.3708954244,4.592547390737921,5.242342809799137
671224.045164346,-1464279.7746382533,10.888781716749584,12.198102749309593
666557.9452075261,-1460715.590756439,2.6666404204284673,1.1354576292679504
659078.6991460178,-1447161.0659075298,8.88880140142823,8.13245376799602
662493.5543476715,-1448333.6846724944,1.8518336252975476,1.748150762085952
667725.652391189,-1450437.4989587544,2.9629338004760752,3.311003702794465
667091.3447177631,-1452711.682174013,0.5925867600952177,0.08000761480777285
659863.1577373078,-1451839.4920182796,6.888821086106882,5.880065949462038
667716.334704495,-1459647.7123966604,0.5925867600952159,0.13415925701901799
659896.8035844751,-1438694.3101651445,0.22222003503570598,0.6789699476466877
665070.3550399783,-1458091.4685202427,12.888762032070934,11.176908576857457
671394.1195377775,-1463118.9992311387,9.55546150653535,10.843985177204242
660601.2733948163,-1461000.4287086413,12.888762032070936,13.36125178005914
661285.7103198613,-1463988.3453958998,5.111060805821233,5.668908303824879
664191.1599314931,-1441084.0134830982,3.925887285630804,3.48204984576968
664101.2813684278,-1457192.8067320054,8.518434676368718,8.335701524984527
669686.4833887324,-1450112.2026525908,0.37036672505951174,0.7847703714492349
663674.8357928457,-1460492.378377155,0.5185134150833122,4.752533738737938
670713.8078971857,-1450191.9753779015,0.8148067951309219,0.8756133593279305
669349.0623360693,-1440015.0849962542,1.777760280285646,0.8629340171665989
660155.2438982384,-1441962.4119519098,6.222160980999762,4.700480779227451
660219.9164514947,-1453037.7049737368,0.1481466900238022,2.236591766204125
668077.2652973498,-1451659.6666524499,0.8148067951309175,1.4099234056830188
673706.264245061,-1460852.9426426822,3.4814472155593883,3.535660073380013
660045.31994789,-1450809.3849699325,1.9259069703094496,1.9668221835953872
660190.3698561622,-1453803.462945907,3.407373870547488,4.619872642848341
659282.7725988143,-1441036.2073206545,4.370327355702216,3.3730336791140747
673927.3363362949,-1461595.9072784362,1.92590697030945,1.3554149846145993
664601.0707232347,-1438057.3840321838,5.999940945964054,6.307323829696991
669866.8391501759,-1449069.4079973612,0.6666601051071179,0.7086290780626552
672414.8583397141,-1453607.0087428978,10.444341646678174,10.745921032646716
663291.4816284794,-1440990.0577994045,1.4814669002380345,0.358432059394314
665173.6716323562,-1465259.1365419338,15.925769177558912,15.467496346316818
662464.0883972248,-1442564.3146955501,2.0740536603332558,2.36011254915722
665420.3159272663,-1446972.7186945898,0.07407334501190199,0.21986662156652437
672243.6990318438,-1457015.1431775335,1.6296135902618438,1.3641482976021644
668328.0051061311,-1457686.5632054124,2.814787110452272,2.6193753079921143
666358.2163110079,-1464065.8473291558,3.11108049049988,2.5144497455776946
658927.0961576278,-1450945.5030401335,3.111080490499882,2.4046424403239435
668641.6223557615,-1460296.6245679716,2.814787110452273,3.2175985645402134
664467.3555414393,-1453094.187696251,6.222160980999759,6.616840157405317
668463.1058984289,-1447637.8564428752,3.0370071454879817,3.3229351117792927
657874.7280168128,-1441013.6002669518,0.8148067951309199,1.2346873591556944
658394.418526955,-1448243.024196944,1.1851735201904319,1.226082324865649
670077.2333963767,-1450180.7696527722,2.1481270053451573,2.55475637901014
660570.3441732778,-1448812.1790509685,1.1111001751785299,0.5047966377982229
665687.0010053922,-1460890.7837370823,0.4444400700714102,0.5712532041983351
662452.2779518946,-1454352.162377182,1.9999803153213493,2.3269620860951505
666765.2109053186,-1448837.538361412,0.6666601051071197,1.5989312064082792
660638.9099941765,-1460595.1904220576,14.518375622332776,14.585730769546092
670707.4317807918,-1454128.9590510223,16.51835593765413,18.959392113209713
670275.6654063456,-1457332.2819163715,5.555500875892648,5.274029274941402
665356.146471872,-1452929.190965762,6.2962343260116675,6.46763303362626
665998.9853054415,-1457136.422105579,5.333280840856939,6.32930832802432
664637.5139959888,-1449014.4518178888,5.3332808408569345,6.621051887615215
671336.4553298944,-1446683.335189382,3.0370071454879772,2.534610581779271
662411.4390666641,-1453455.4083498535,1.4814669002380354,0.9875104122703284
662730.3215183744,-1455454.1126789711,3.5555205605712956,6.121372322524798
670780.1245751801,-1456143.3762632401,2.2962736953689578,1.5160178958985462
660559.4522745063,-1449697.558654759,3.185153835511781,4.037584821684193
671300.1408199524,-1447963.209547704,3.037007145487981,3.801056174770631
665314.6298238984,-1454082.9726471528,3.2592271805236877,3.1502678648529137
673263.1511820778,-1458772.4636321822,0.14814669002380576,1.5684384075770943
663106.1659414128,-1452270.2892755414,12.814688687059036,13.904192768501279
662543.1413908793,-1442163.651615353,3.3333005255355896,2.07131430186279
664459.5362474413,-1460060.2940749724,8.148067951309212,9.328186779356747
663379.7848302822,-1448234.0398988402,29.036751244665552,28.76012337048958
666666.0523376578,-1453876.0175764735,2.5184937304046655,2.703579551416288
658266.8914537329,-1441071.2775831898,26.59233085927279,31.257742885452476
668122.9180891532,-1457344.1732678828,7.407334501190192,8.116270145246055
666590.5058740482,-1443397.646493644,1.4073935552261339,1.756067776143075
672990.1236092385,-1461831.5245459354,1.703686935273744,0.6042589974179098
669664.4352472732,-1455294.767268844,10.962855061761488,11.608483459091193
672017.0385875447,-1463023.4088442964,5.333280840856938,5.831664048422462
668289.1615522457,-1452373.0000015083,6.592527706059273,6.922021129333814
663741.771377437,-1461350.8655835756,2.222200350357058,1.1351167007243745
668277.8952995129,-1447290.157403242,1.5555402452499418,2.5758601471738833
665169.3632297812,-1457943.718765338,19.629436428154012,17.146995569722787
664457.8058875846,-1461191.2271593087,5.185134150833134,6.553803842285534
659392.1614284664,-1447981.5002726784,2.2222003503570553,1.5788762698523178
662472.2927851621,-1465583.5313743602,1.5555402452499418,3.6315161658618926
665869.1587789882,-1456024.836996294,3.4814472155593883,5.787780962457742
668119.7686701089,-1439337.8101788687,9.703608196559152,10.044009431305517
662641.8050875328,-1454694.0399064855,7.407334501190195,6.916135872282662
672172.4368364393,-1463890.057447688,6.444381016035466,9.570938733615062
669709.3528042107,-1454152.433454027,3.5555205605712903,5.462960970977165
663123.8126574111,-1462574.4677769362,2.37034704038086,3.3168176681660437
657910.4200045136,-1445285.7965854243,3.333300525535588,3.432613730155008
657617.9836407574,-1444451.5093072024,1.407393555226136,1.2972447438828967
664352.6894387244,-1458297.8943011083,7.185114466154486,7.94992364599705
666682.3176635145,-1461952.2735862653,3.407373870547488,3.9618737608393886
669892.2747585911,-1456144.3358673984,0.5925867600952159,0.9617172757634411
658509.1814841384,-1443074.0102128042,5.185134150833138,4.813888170225083
659560.9609198503,-1448835.0998223573,3.7777405956069954,2.8976230582783455
668419.9782189613,-1464852.7554027282,7.3332611561782866,8.289625120155758
661808.1957769284,-1456715.8229068303,0.22222003503570775,1.8780905411777633
660889.0741923322,-1438607.7363498642,2.3703470403808655,3.087110797512943
667023.7786780135,-1457596.6488677133,4.370327355702213,4.574652569406203
663737.1856134858,-1462501.2729302086,1.2592468652023339,0.7730163668475498
666932.1219899982,-1462811.155592514,1.4814669002380434,3.2975650214715664
667324.511871079,-1451661.190726311,1.4814669002380354,2.3436314601482424
669397.622667446,-1447113.0377305576,0.7407334501190199,0.9328697138121991
660335.9299868348,-1453904.776367974,4.51847404572602,5.635496290575988
659746.4808740183,-1450084.4910021175,3.3333005255355896,1.8334327679628095
663260.7079901712,-1446471.476589717,3.407373870547485,3.4420799001811817
668823.8518429887,-1444414.6014674187,22.222003503570583,23.970555011835145
667351.200071916,-1463879.497965715,10.518414991690076,10.48776499269154
673969.1485630188,-1462697.369981854,2.148127005345154,1.579587829262758
667840.4000513311,-1449800.4514757856,2.074053660333254,2.2879764265538833
672840.758147078,-1454660.419797198,6.814747741094976,6.119974188375032
669898.3500213582,-1461480.0049476172,4.370327355702216,4.6649217980181525
659425.8882971185,-1446966.89109652,7.481407846202094,6.343505569852189
669676.9113031095,-1444138.2512656022,3.481447215559389,3.7318237295094203
669158.5326919919,-1445259.5708294082,0.44444007007140973,0.6873247180370283
664253.1890380562,-1463421.637356341,7.407334501190196,5.156357126034804
670840.004685932,-1462057.6368021932,8.88880140142823,9.441966120093083
663277.4444620018,-1464583.185447399,12.222101926963818,16.531483806065133
664644.3578703227,-1455113.8643279523,2.074053660333254,0.3897892588383165
668688.2714016339,-1449630.3776243408,3.1110804904998774,2.8764242395135033
663662.0499823556,-1455113.220601256,1.8518336252975516,2.7601927634990027
657520.2283679214,-1443237.2039416342,3.259227180523683,2.8872262613142174
661015.8552454975,-1462883.196777362,5.33328084085694,4.834788826841548
664711.6787490686,-1442919.3396156316,0.37036672505950574,0.35577757164989
659675.4702028737,-1443901.1482112743,1.3333202102142359,1.532244832016516
663219.8575676233,-1453135.6948915003,4.370327355702217,3.677035738017021
657258.4193755228,-1442100.6170757446,0.7407334501190199,0.6815465860620153
664908.9403868894,-1443882.4860982716,4.14810732066651,3.645124012886343
672101.7829585548,-1451739.2451522108,3.259227180523686,4.582577343007941
662127.1860362408,-1462602.2822458919,3.259227180523686,5.937674187475254
670253.5016645903,-1451158.4512688667,1.55554024524994,3.0184601250561407
664704.8937811967,-1450023.4638977542,2.37034704038086,1.908535661897366
671997.7095876355,-1455809.4070852012,3.2592271805236814,2.78524064552587
656937.6306645682,-1439122.4893928159,3.185153835511781,3.3670359657914855
661753.965239095,-1450519.8033617185,0.22222003503570598,0.35889044379292834
665566.2311830698,-1465311.6727306596,9.111021436463936,9.22072226705074
660101.4514074306,-1445970.2612279924,4.370327355702211,3.1123994090919007
666551.8289899635,-1449628.6734907785,2.592567075416567,2.6339699829255485
665808.329478832,-1463025.9403845333,1.1111001751785299,0.5885607875889622
664922.1165140641,-1451107.2783527737,1.4814669002380396,1.5026628118587995
671858.464854161,-1456975.7892904584,0.9629534851547241,0.5697985497332345
661838.1932543666,-1449761.0201831157,0.22222003503570598,0.5662847722431339
665940.0889037468,-1451074.8431671122,0.37036672505950596,0.40874323376636523
663588.3410032578,-1450232.4851867452,2.296273695368958,1.5428247542861655
665530.1401659995,-1460280.0666628561,1.111100175178528,0.6779819322898284
662271.1203631569,-1464483.4655675064,5.925867600952154,9.148170623048923
668345.5933149046,-1446261.383173876,1.0370268301666243,0.9298643992207634
662751.7549531378,-1450557.6518562376,7.851774571261603,7.955354314261213
669538.5117813111,-1437230.9460491769,1.0370268301666261,1.2619339262499736
658018.3086794112,-1445141.4383773035,1.48146690023804,1.248978900484662
667569.0418293767,-1459549.8836269032,0.37036672505951174,0.9474322677115534
664826.1479229365,-1462264.2455474408,2.0740536603332504,2.1266058699348225
665149.594706638,-1452215.3990155128,7.03696777613068,6.907639056592428
665834.7676744747,-1444805.9258031757,1.5555402452499396,1.8325121145461323
659658.4737460196,-1456151.1170466873,0.29629338004760974,1.1481792968078857
665253.7527000951,-1453069.3863172077,5.777720910928351,5.7847438434322385
663531.5763453511,-1460390.0461992691,8.666581366392524,13.539602310559053
661059.2717739032,-1452886.0930892953,6.074014290975956,5.777461921210827
669198.4706654198,-1439904.592582372,3.925887285630797,3.3196598237213872
658663.9159297209,-1443922.2625088757,25.333083994070456,31.67818675554074
666674.889648745,-1444505.695277698,26.518257514260892,30.60379751372622
673420.980190625,-1463917.320217677,10.44434164667817,16.06910511377476
667408.0992061379,-1453685.4792022982,1.111100175178528,1.1105037319567286
671690.7090753801,-1448023.025474946,3.4814472155593896,3.764986208309713
672953.0498449849,-1460829.0970464295,1.629613590261842,2.6799532451025314
662628.1150761517,-1438331.692521483,2.740713765440372,3.2941118260092015
668523.6449915534,-1442212.1323970803,1.111100175178528,1.4527552076247936
668222.0760723462,-1453404.6281960448,4.444400700714112,3.957034759562868
669539.7907205019,-1442280.491508702,28.14787110452273,31.951534019331177
668178.1452216902,-1462715.0491792576,26.888624239320396,29.50917133186827
671745.4358915044,-1462054.262555243,6.592527706059274,8.924298617023487
659701.6215038721,-1450982.8167010483,2.220446049250313e-15,0.1844927531093261
659077.4943633012,-1445878.4262130004,5.925867600952157,5.071431459818529
667767.692098133,-1444180.5566841331,0.6666601051071179,0.8514185316686472
662962.5196124385,-1440288.8427670398,3.851813940618902,4.1083109077113695
674312.9318743411,-1463798.6803432568,8.88880140142823,10.482631790408105
663441.9992405621,-1447314.7757944723,4.148107320666507,3.9130412785674182
667409.0824668519,-1464888.2152756616,22.81459026366579,20.43034006542805
671184.973723346,-1464032.8880132535,5.40735418586884,6.921720106229188
666586.8027125262,-1460963.907881439,2.37034704038086,4.517976335155483
673204.301052786,-1462543.6212611552,2.296273695368958,1.5680728926432703
668010.7035695901,-1440405.1839779261,4.296254010690311,3.606958988694057
659902.5126783077,-1452086.3468932798,3.40737387054749,1.8647405412587172
660548.3769508163,-1460756.096333641,12.37024861698762,12.563607233500699
661249.6156278613,-1463740.9671458998,2.740713765440371,3.287991547612031
670584.656728307,-1461087.095541874,1.8518336252975462,2.3049288906088723
665139.2871347943,-1441908.1110719559,3.0370071454879772,2.8776229850239003
664493.8882648841,-1448910.0220837959,1.9259069703094518,3.6256255562440334
670639.0751570307,-1441997.0382731888,1.6296135902618403,0.8389005144163413
673660.547803061,-1460607.1741426825,7.925847916273501,8.342500474291965
666021.5610514341,-1440718.773024444,2.222200350357059,1.8135182515398274
660094.5253458901,-1451054.2680949322,0.07407334501190199,0.07620416079256565
672248.2175803226,-1450833.9177502263,5.481427530880744,5.121584148395758
666131.1718861959,-1465001.1619087076,4.962914115797427,3.9522159036871525
664564.0449732345,-1437810.1567821838,8.814728056416328,9.343308449569445
669905.883777176,-1449316.3398723612,0.7407334501190173,0.6036347428307618
667122.5125692084,-1450670.4851497696,25.036790614022852,28.17631637748078
670018.8959628744,-1443948.869017967,0.37036672505950774,0.19593585284179138
670500.1598776834,-1453275.430750184,1.407393555226136,3.4241851221804556
663328.8394254794,-1441237.2350494042,2.5184937304046624,1.2445439378022911
662437.4105152248,-1442315.81832055,2.0740536603332522,3.381765223323617
659136.47317144,-1452175.496296625,0.22222003503570598,2.9816007950984478
664179.2935926293,-1451254.5210375187,0.5925867600952159,0.5692589819362146
662943.057158136,-1444366.621863045,2.5184937304046655,2.3428429350644033
666523.4525747164,-1453772.5272375597,2.2222003503570575,2.4517093084249635
662657.5134960123,-1443530.8404703957,2.592567075416567,2.4682307803510204
668273.0937921309,-1457442.7149554123,3.259227180523686,3.028897044330411
666312.5603150078,-1463820.3904541559,5.40735418586884,4.316829363315074
663410.7920479733,-1453480.8166225865,5.481427530880739,4.446785879174647
664632.8437750975,-1448116.6027831105,5.0369874608093355,6.136815920398013
665708.9689435785,-1462146.807066633,0.5185134150833193,0.640337408720189
668419.309962429,-1447391.7534428753,3.0370071454879817,3.9114653902627463
665722.9208792605,-1455920.9498178512,1.3333202102142359,3.4795699893329033
662497.9510108946,-1454597.9502521819,1.7036869352737414,2.097029046007351
666716.3809063185,-1448592.357361412,1.777760280285646,0.6766042251105837
660963.210310285,-1444584.2577568402,4.888840770785528,4.114793432590655
670238.9458463457,-1457085.0049163715,2.8147871104522717,2.1999057402767312
665400.1048468722,-1453175.2830907619,0.9629534851547277,1.0397819009714437
670036.9585849497,-1456245.7004297771,1.9999803153213493,2.283505941725523
668679.728258637,-1459379.3170660532,3.03700714548798,3.54130162069357
666445.4733981008,-1437712.6569977673,8.592508021380624,8.15513361065178
664679.5058139889,-1449260.8899428886,6.296234326011662,6.891707023044798
670985.6796014721,-1450902.5198913198,1.6296135902618403,0.4740386260592828
671235.8570173517,-1451731.011320514,1.8518336252975516,3.6969213842721356
672848.7623170798,-1456812.311248132,6.148087635987863,6.50827803153663
671891.2232015673,-1455955.5973683405,3.407373870547487,3.1840370065194037
660604.2292775065,-1449943.488154759,1.9999803153213496,1.6276962419683771
668591.0583630641,-1448502.8634867119,0.44444007007141195,0.6197478991596634
672737.1873368388,-1454805.8248765375,2.222200350357056,1.705678895734282
666056.5599914885,-1461947.2266099483,5.777720910928348,5.344252025171581
659284.4819647009,-1446863.8591470579,7.481407846202095,6.335271202153765
667782.0544407731,-1460512.3149376046,2.888860455464171,2.639756330109164
667185.9081776419,-1456686.2753321293,2.2962736953689618,2.3439347540225626
663783.562336437,-1461597.3463335754,10.073974921618664,8.612489725799058
658238.1361805759,-1441853.860249613,26.888624239320396,31.90419480865784
672258.3052930286,-1458796.1247459315,2.370347040380863,3.290340581907272
672571.8411865946,-1459620.6466405685,12.29617527197572,11.401392383765238
662514.2547241622,-1465829.96774936,1.1111001751785299,3.2771793732358123
657412.0464622704,-1443373.499481921,0.8148067951309201,0.5235261556556843
665947.8129023251,-1445800.9516886617,2.3703470403808637,2.5953241217917276
672216.8772734392,-1464135.985947688,7.925847916273506,11.211842722289294
657875.5669415137,-1445038.3372104245,0.6666601051071179,0.7762196803037189
657564.9075837573,-1444207.2110572024,2.074053660333252,2.0325677732959444
667781.540278225,-1461668.218274028,0.14814669002380576,0.5271054324056479
661859.0066793053,-1438358.8455358427,0.4444400700714102,0.2927521794654693
667068.6856311354,-1444565.5496160812,26.444184169248988,26.987532380552427
659595.2137938503,-1449082.7300723575,1.1851735201904319,0.28011562191251027
667072.6979290135,-1457841.8143677134,0.44444007007141195,0.4740697605348327
670000.3000111454,-1462351.9327870877,4.740694080761722,6.135495219806131
666972.9494169981,-1463057.796717514,1.1851735201904283,0.7585695020961225
672557.157467996,-1460772.6802562026,0.07407334501190022,1.0976052965851224
656920.7874395289,-1441397.1679263436,5.85179425594025,4.944186052024911
668609.4510583783,-1453463.7711811736,2.3703470403808637,2.1135694768483004
660469.2678527599,-1442679.252176812,7.999921261285405,6.524382255222008
663546.0153980192,-1449460.5199974412,2.66664042042847,1.7948934445868456
668732.2323202885,-1443302.6192188305,0.9629534851547259,1.666901857431807
658997.065371633,-1440837.4810318954,0.5925867600952142,0.1344437521647528
663225.4673621713,-1446223.9932147171,1.8518336252975476,1.76658823633087
666694.557470865,-1449732.9722383083,27.629357689439416,29.346444314226293
673928.5427440188,-1462450.7043568539,5.036987460809332,5.180955538868137
667790.2187433313,-1449555.5474757857,0.8888801401428204,1.1632339996413856
659968.1568133901,-1451690.0404456353,9.036948091452032,8.82413666122419
659750.3384859958,-1438591.0197715894,0.8888801401428221,0.03431201282328722
669856.1699523584,-1461233.6206976173,2.0740536603332522,2.280500314424735
671294.433213626,-1463269.247148917,5.7777209109283465,6.89644055137647
668436.9254161662,-1460588.9185973986,0.9629534851547237,1.1148310989475019
661180.376066239,-1464125.1529300646,5.703647565916447,6.161480941114738
669522.8629677437,-1460397.3120350684,4.222180665678409,4.4882950743971435
668350.1059394918,-1440185.4366399213,0.07407334501190599,0.6253181364829716
669173.3274193085,-1451312.7297997759,5.851794255940253,4.97251150478695
669790.3060879263,-1449970.5081994957,0.14814669002380576,0.403542892890961
668636.5434036339,-1449385.8258743407,3.0370071454879755,2.9393495575400994
669197.2852682184,-1452450.8865320124,3.9258872856308002,2.5163139262557
664152.1117379698,-1441993.6951334383,6.074014290975956,5.852921497561888
669178.6739834689,-1446013.6698840144,4.740694080761723,4.207077139700474
663749.7785618342,-1443202.222461348,0.6666601051071179,0.8888241746332346
670387.2945468652,-1460237.549755335,2.740713765440371,3.155339411651175
664757.7697490687,-1443165.0521156315,0.07407334501190194,0.05126259188132665
665534.9870545373,-1441966.7865992133,23.110883643713404,21.90810266672958
670725.5264281414,-1454877.2293609818,12.073955236940012,15.654935109935835
671819.709119675,-1449880.4110219101,0.44444007007141195,0.958154959947259
670574.4235022301,-1443010.5365153188,1.1111001751785299,1.255871673891584
657264.5427546361,-1441205.431135023,1.7777602802856456,1.389813333645606
669316.0321740927,-1459516.3908826625,5.036987460809329,5.240094663041793
662181.8452782407,-1462846.1881208918,1.7036869352737423,3.941470157483513
665395.7923487278,-1449007.93061756,0.5925867600952159,1.074876010457995
664740.4893431966,-1450270.8883977542,0.2222200350357042,0.22857156789124033
672031.1158466355,-1456057.1603352013,2.2222003503570558,1.679063722797931
665794.6211038777,-1449701.3427557382,1.333320210214234,1.32142728381611
668448.5587364499,-1448403.181941357,1.8518336252975436,2.0101468987228612
670082.0306817428,-1441070.0424972875,1.4073935552261356,1.94686696383808
660505.392602304,-1447818.0124967135,0.8888801401428212,2.0610253022686678
661448.6208092256,-1454495.0723681557,4.148107320666504,6.181121441221185
666245.1739172052,-1464206.540634173,0.6666601051071179,1.1679411367918728
665522.3525580699,-1465065.7671056597,8.962874746440136,8.831257178923462
664112.2196507335,-1452279.9372467115,8.296214641333014,7.512177390318948
657976.7380655161,-1440865.199899788,0.37036672505950985,0.5919697417572872
665781.3899687792,-1454887.6088497224,2.9629338004760752,2.251024159986093
669026.8192714567,-1457436.017063712,3.9258872856308002,4.062844293528936
660679.1463242484,-1448670.5692901276,1.4073935552261352,0.20535682255621257
665833.2666721859,-1460991.6305943904,3.40737387054749,4.007251738221617
658176.9250061528,-1447292.3687692028,0.3703667250595082,0.11931029398753878
664073.8243483896,-1453029.045182357,8.888801401428228,8.957814180101717
664236.7611014607,-1448066.2235648865,7.036967776130685,8.096445491419415
660200.8449451088,-1458067.7731224245,2.888860455464176,4.941856876425021
671351.0055014763,-1458824.1858175755,1.0370268301666279,1.6111111111111125
658141.6293361742,-1441997.315304615,27.0367709293442,32.362062150467715
661271.2121356216,-1448601.9011694845,0.6666601051071179,1.1940474985844016
661719.6465796125,-1455602.921154017,6.370307671023563,9.9079926576219
669487.7969673111,-1436986.158799177,1.1851735201904283,1.6818257979345983
662514.3010724683,-1453309.4926714227,0.22222003503570598,0.2611100871137328
664784.5546099364,-1462017.7814224407,2.5925670754165644,3.13933441304321
662583.1124613185,-1455355.9068625947,2.4444203853927613,0.6986117278791655
665794.6866084747,-1444559.2080531758,1.7777602802856478,1.9820102760931368
661079.9726729846,-1440597.0688125496,7.555481191213994,7.014890245253943
663571.109534351,-1460636.8974492692,4.444400700714116,8.55277082508927
667688.810700868,-1454892.493803927,6.59252770605927,4.988357121034214
669980.3420648852,-1439168.2930406437,4.14810732066651,4.52099910985954
669247.6226004198,-1440149.637582372,0.9629534851547259,2.302694691218152
658718.5434307209,-1444166.1981338756,27.110844274356104,34.13421759466457
670050.4840942912,-1463470.661010521,1.259246865202332,2.10813088677952
671646.86958238,-1447776.925099946,3.4814472155593914,3.621111621453019
668918.3609057084,-1455438.4732044206,4.222180665678409,4.45001614719147
662403.9113577656,-1449364.278194612,29.40711796972506,29.57761492867931
