x:,y,ridge_diff,ridge_diff_velocity_corrected
667682.1821990698,-1454448.7997611878,2.6172183057564844,1.0669461895289682
663176.2583811355,-1464722.9555505253,3.9998996748353814,6.730208419309726
666680.3708385616,-1455959.6581329517,7.555366052466827,5.535082178960048
668531.4292229635,-1454358.0368804487,1.0863925042762759,3.706765126673986
669219.9143912045,-1452193.1340666595,5.777632863651104,5.035865216088656
669594.6670877065,-1453218.3575130228,3.654229332565656,4.840950247392952
662022.7308821388,-1458648.7123536202,9.925676970887794,12.638641323610894
659872.4469063699,-1451900.5911857304,5.135673656578761,3.8857957114494717
665300.3138266976,-1447940.4402796917,6.222066160855037,6.431042571224446
668700.7723452102,-1444434.6291180728,4.098662629769586,4.720927859253144
659814.0790252348,-1445761.3287135172,4.938147746710346,3.7007938201179886
660583.9429097602,-1442975.7398193353,10.61701765542724,9.865796134815554
667870.4376750254,-1450539.4456939944,2.4690738733551703,2.8476881040013566
664186.6379015283,-1453263.9618417653,1.925877621217035,2.6236681607234997
662280.8914694723,-1464544.6356719276,5.234436611512969,8.474918668068149
661789.3167418574,-1449515.6553256111,1.382681369078898,2.806583849702565
670046.3875076857,-1452069.7052108217,6.765262412993172,10.657697065643776
670743.5279141413,-1443853.5986957578,3.5554663776314497,3.471705971147958
660895.2394469834,-1440624.1246682582,10.41949174555883,12.791651959016566
663649.2573092051,-1465536.830449718,2.8641256930919994,4.502220051892996
666923.3097907074,-1456600.1504718382,7.110932755262899,6.862363744458043
662308.1460717118,-1457708.9409191145,2.0740220536183482,4.60041090377859
667874.7301488812,-1439384.1545387032,1.2839184141446922,1.267469779942421
669210.385962717,-1463307.8498344691,2.7653627381577954,2.806977492578934
657420.5789318724,-1443434.9624205865,0.34567034226972937,0.2515004274035113
663753.8670393004,-1462244.543424519,4.148044107236689,3.9072244784092423
659921.230293467,-1450827.3351327474,0.44443329720393177,0.8424077705450932
664953.0480838162,-1451228.4898245533,13.03671005131531,12.825962721784629
663463.608592621,-1465562.8360129592,3.111033080427518,4.060153689081357
663472.2735196457,-1454137.0651156295,9.135573331414138,8.066729829808963
670101.5283378308,-1463402.7320791315,7.505984574999726,8.65667928026864
661644.4270029896,-1444609.1064919655,1.2345369366775882,1.018796786461932
664262.3723498546,-1447050.6739547737,5.2344366115129635,6.183900680584784
660144.8743417498,-1450982.4981783433,0.9876295493420693,1.3432855796747556
669455.7047469448,-1442169.7289029802,1.2345369366775838,1.3026324356172474
664830.8684835485,-1457110.7463121186,8.888665944078621,7.334624685087986
673184.6325914725,-1456886.409236065,8.987428899012826,9.18227488514228
665803.7139804908,-1455010.4271849683,6.913406845394481,7.991585917464575
661143.8643888244,-1447683.8291500607,1.28391841414469,3.1104854236742403
659062.1638160778,-1450984.06739164,6.320829115789241,6.00928634806329
669218.9389289387,-1445247.1554800065,1.2345369366775878,0.8028480524242916
670059.9547298906,-1444897.8047192828,6.172684683387926,5.626711861933484
662594.705982193,-1465557.6741251615,2.9628886480262064,4.496818826829944
663711.6490567585,-1461166.5576650985,2.6172183057564826,1.8493741016348029
661365.8117319753,-1447838.1585963245,3.7529922874998642,5.46664880740853
662258.4953200959,-1446482.656430095,3.1604145578946206,3.482738273147883
658707.6336474068,-1439183.8533244543,3.555466377631449,6.099966502805891
663296.0332624763,-1446275.3291352834,3.5060849001643453,3.3287310049584673
660162.1421240706,-1446797.7351523982,3.4567034226972444,2.3144074983351564
665922.296669085,-1439595.5385202994,2.469073873355174,3.0144554376456476
669258.0028714146,-1453466.7072054658,0.8394851169407573,1.3164626723258657
667220.5432932083,-1457624.6517496656,0.29628886480262506,0.306494932161708
663080.6494802515,-1446125.3548878985,3.1604145578946183,2.930576106941879
668018.8490372237,-1462490.2169095443,26.27094601249903,27.974542066210848
665613.0209625184,-1453972.4638211846,6.617117980591864,6.529499761952051
666652.3868609625,-1443387.3842974924,2.123403531085449,2.542693762633997
667327.4347854382,-1441608.990824571,2.8641256930919976,3.0921228308862725
660210.9346260561,-1458129.8720733768,2.6172183057564844,4.864863093040567
661821.5175273515,-1438491.3830241477,2.172785008552551,2.1721765823907617
659276.3888489187,-1446802.6780968234,6.715880935526071,5.243533389028741
672922.5974906457,-1454773.1160562579,2.222166486019658,2.744170543712243
667989.9157065859,-1444336.4182992445,0.44443329720393154,0.5821643753533411
668450.1431575562,-1459505.3740081955,5.6294884312497935,6.8150140639803976
665108.8618371892,-1463355.2273597852,2.6172183057564826,2.317363239858878
660375.2403291708,-1453772.1438032093,3.012270125493309,3.947680960246542
665456.7609999601,-1454186.7259130483,4.839384791776138,4.97438384431699
664434.8926549962,-1448094.046206188,5.135673656578758,6.28150415854866
657799.5767333081,-1439006.4017221425,6.567736503124758,5.9831532027261884
672001.0219476209,-1451884.077991019,7.357840142598413,7.78199171369255
661293.5263933789,-1448724.7549532447,1.0370110268091706,3.391157939374737
661609.9175428781,-1443352.9919028925,0.24690738733551676,0.36074696565435893
664889.4978652769,-1463200.883351214,3.06165160296041,3.0811351730868726
658328.7991445432,-1449138.7500088732,3.2097960353617214,2.448119174193512
658143.7698497456,-1441090.284048499,27.258575561841102,31.812808214285756
672154.4612201676,-1451665.6997641763,3.654229332565656,5.146083217194191
672143.3071329728,-1464084.4611982047,7.901036394736552,11.165949170674672
661239.9938878869,-1464927.5227445546,5.431962521381383,4.620889778306575
666067.2349875565,-1456739.2243042456,11.357739817433792,12.998659672200048
662363.497909288,-1447336.8678177875,2.469073873355172,1.926096781937022
669714.0045340768,-1461517.5226340112,6.468973548190553,6.435618332055945
662946.7339916711,-1457375.059520645,0.4444332972039309,1.5411224302884268
669348.7311269739,-1446297.7456849115,4.1480441072366885,5.284280192939307
663345.674079913,-1442372.385662504,1.3826813690789006,1.0750942776617975
659244.4720820545,-1442148.5086077577,5.234436611512967,3.560964004964836
669867.031075697,-1461294.9181590383,2.96288864802621,3.058862323266979
669100.4138425596,-1440045.1169248158,2.123403531085449,1.3690969919701086
660942.1559799884,-1451848.519999077,0.24690738733551476,0.042360659280742174
665625.3050796944,-1460900.4626463514,0.19752590986841234,0.7641176810589005
667368.6622481846,-1453819.3875145235,4.049281152302484,3.656006087828655
661843.0347388953,-1445270.6784885442,23.45620179687414,23.104805664684296
660282.3189888311,-1447658.9832337038,0.6419592070723485,1.994318553449058
674267.2008271945,-1463870.498983264,10.370110268091722,12.691787009440063
664565.6720244588,-1448961.870410189,3.308558990295932,5.009755953233194
672142.9648841759,-1450984.1315448899,6.271447638322137,5.6379887042857035
663379.0623153215,-1448233.9590064054,0.09876295493421042,0.1102312755277712
658995.7684406019,-1446151.6696689073,3.8023737649669638,2.3130144550400953
671075.5746757207,-1451014.243068695,5.036910701644553,3.6688278178078946
659424.9180640846,-1453077.8302277667,1.530825801480205,0.3677367365872133
661580.3987607919,-1465957.9831798845,8.592377079275996,9.418758036946917
669451.6330093201,-1437120.871353319,1.135773981743382,1.554013982403415
665122.8609560237,-1440044.8715642535,0.4938147746710362,0.3160052796293966
659210.6222877607,-1452928.831939714,0.8394851169407556,1.846783618657991
667553.618491766,-1442478.5236788238,0.9876295493420715,1.2554651380447375
665461.9401976215,-1442858.3936085238,28.542493975985792,30.28161694194647
663379.1342264261,-1443259.7225906742,1.28391841414469,1.1105207836868605
666039.4185006993,-1446866.8840602492,5.481343998848484,6.093855955203762
663248.6118812636,-1458394.998068871,6.271447638322134,8.117129209079458
669246.2203761004,-1447011.999085785,1.28391841414469,2.6031145784867853
658177.4959586008,-1442180.7963987824,27.55486442664372,33.832121410771634
657637.2793025605,-1445135.0245122504,3.950518197368277,3.2815410255961748
663590.3397677764,-1443416.0712921284,5.975158773519519,6.1928532845759205
666195.8085715326,-1446650.0752523234,2.3209294409538592,2.486053316177806
661208.9101590231,-1446766.317290698,0.09876295493420617,1.889346923049425
665969.4129179643,-1455882.0404847509,1.1357739817433785,1.518178725880981
658729.6819507433,-1449255.6680310196,4.197425584703789,3.9444152066451075
668310.289158192,-1446458.6184990713,3.8517552424340664,3.4351883679891184
662582.3152948017,-1460691.9858236164,1.2839184141446882,1.2110336995495707
665085.8959372587,-1445157.7165173728,1.1357739817433798,1.244330352161703
664106.250492109,-1458331.9177563202,6.0245402509866235,6.894798955178992
663398.8085483874,-1460349.0909854756,3.0122701254933126,7.798609222326466
666656.5586502622,-1453814.0217968612,2.3703109184209636,2.585537088199284
659963.280288063,-1457795.9996643662,4.790003314309034,7.172367984344263
664261.3238852595,-1458121.2676018956,3.8023737649669638,4.164793016636597
671460.7876665721,-1464179.806848842,9.382480718749655,10.859796926478035
663532.9178947515,-1438041.1350075593,3.5554663776314452,3.22171131080602
666502.6549137628,-1454027.8552627026,1.7283517113486218,1.9274514751813365
666806.7054347276,-1450664.2944247453,2.666599783223585,3.002362580543519
670270.545123546,-1452219.3002018356,6.024540250986622,9.69568066502063
667949.772863037,-1445253.1572375642,1.530825801480209,1.8443447862460203
664008.7386413533,-1462581.2418407097,6.715880935526069,8.597437792213388
673426.1044180873,-1459497.300043275,4.543095926973518,3.685957545582079
662678.0542413499,-1450501.826917342,8.691140034210207,8.6288710881643
665104.4843519704,-1440932.4796534444,3.0122701254933135,2.6909867102287124
669086.6688671461,-1450251.9676460829,2.320929440953863,2.025690349166994
662672.4395359785,-1444222.5791443198,0.19752590986841456,0.12708765713341363
665985.414229868,-1440849.4710591496,5.036910701644548,4.867185479702491
661486.8973664555,-1460667.7873424836,0.049381477467106194,0.773800592930078
665706.0537134444,-1444781.5781775883,0.8394851169407604,1.1468991528595667
670498.8881000958,-1453275.670732392,1.6789702338815182,4.045247286298174
668240.4356521422,-1463922.0466690809,0.6913406845394503,0.6349220682535976
659569.2094395582,-1448896.4559312924,2.271547963486757,1.0962056020511195
658082.97203515,-1446338.12341453,1.8764961437499315,1.8991736106955326
668548.7104916763,-1453474.3233675829,2.3703109184209623,2.189137158790934
664383.7865883588,-1442215.110726993,7.357840142598413,7.41845547047212
667932.2530890604,-1457631.0308463357,11.209595385032479,10.728223688890134
666449.5941244098,-1454716.6056478382,1.4814443240131023,2.377416914563341
668444.3444031277,-1442543.166819504,1.6789702338815173,2.163510851696941
670039.2646149765,-1457435.4298179853,3.654229332565658,3.245744227496388
660278.0655221769,-1441938.301574241,4.493714449506416,1.7629325096442603
665339.5530089498,-1465100.7646854203,12.295987889308757,11.971981444242978
670693.7010909519,-1449117.7201847904,5.827014341118206,5.1250530407410535
663250.7075438735,-1452374.604280868,5.135673656578755,6.2915318102829465
667717.7632902015,-1449505.3486052952,1.9258776212170368,2.253199337378855
660770.7174023257,-1456953.6889379984,1.2345369366775873,1.5775876463449734
668383.6570660906,-1441462.4877924593,0.7407221620065547,1.487806431590183
664865.2657034587,-1439706.6659114645,4.2468070621708955,5.0705902292379355
673311.7178566082,-1458638.064547933,0.1975259098684159,1.9259475343786434
670349.1173665685,-1442170.9910591603,28.394349543584486,29.939717212261094
669198.4784974791,-1441136.7137016095,0.5431962521381397,0.9858581178397392
664560.5433086504,-1455382.2242637472,3.6542293325656576,4.116938872682736
664989.4188008299,-1462107.3186175677,0.4938147746710335,1.6568281327180507
660593.6201870941,-1460676.1206998252,17.826713365624343,17.92421043317283
670506.0741978586,-1441955.3045228894,27.406719994242415,28.23719645775367
659320.5459012022,-1443010.1081667026,9.036810376479934,8.960635079766732
664655.7659855445,-1448239.4910532262,5.086292179111655,5.999945239058195
669603.9936766308,-1448036.3179204906,3.9998996748353806,5.731756307889011
659540.3261697355,-1443858.801969898,1.2839184141446864,1.8039179291085077
665625.6382202287,-1443691.9711352095,0.3950518197368251,0.2813325669575959
667018.2867373709,-1455701.866873877,6.814643890460273,5.975263188380611
667898.1187389654,-1455669.7297201636,5.629488431249794,5.466597889290275
664099.3432849342,-1445994.4411351574,4.246807062170894,5.447884074075523
668892.6572359693,-1456642.28458928,2.320929440953864,2.236502858451649
661987.8342623336,-1440606.776165889,33.92507501990007,34.571042429539055
669032.8487876897,-1444189.9446350993,3.3579404677630347,3.8522948567774513
668255.7225951864,-1447546.270476061,1.6295887564144103,2.2789608516630775
670543.3627381383,-1460399.790691513,8.83928446661152,8.891391376201934
671859.254243179,-1449742.2173188734,1.0370110268091697,0.44359675032477774
663093.8464082088,-1462389.176346961,4.148044107236689,5.284176255999142
659999.2398896094,-1445732.1855156082,4.543095926973521,2.9138897081873
672078.928234066,-1462135.4984089788,6.518355025657657,9.679441325568234
659725.2824243361,-1455173.892910206,10.172584358223313,11.547302638175406
658731.052307291,-1444227.4664667393,28.542493975985792,36.144469277631984
663165.9608653078,-1463454.5007552058,0.049381477467106194,4.020109215592971
666122.4029415941,-1464228.7743961345,1.28391841414469,0.44444444444444464
668669.009714941,-1461626.043788415,5.530725476315588,5.771616932806383
661938.0725947057,-1457768.9908419834,1.3332998916117926,4.916986763072172
668339.0897982663,-1457748.2517085099,3.160414557894618,3.179698367171553
659507.7072084682,-1455023.126177684,9.777532538486486,10.931254659320626
663013.5235301487,-1463679.9250593116,5.6294884312497935,10.62292196431986
670521.8960365328,-1459124.6707655368,0.49381477467103796,0.7234372411358909
670925.6818871144,-1461218.5136383777,4.641858881907723,4.346925780520003
659191.2757367445,-1440863.417260645,0.09876295493420706,0.9672408832044965
665333.5972729941,-1446863.3655603866,24.19692395888069,26.79800799051437
665189.6563099127,-1441836.697757242,2.913507170559104,2.674933752241316
657605.8244724115,-1443410.0733450244,2.419692395888072,2.200209238439011
658265.4020933714,-1447400.9261220566,0.24690738733551854,0.8963051483859115
666724.3347349963,-1444434.6022590823,23.95001657154517,27.97960811955144
667112.0892084006,-1451884.274365088,0.8394851169407573,0.1018182348275758
672199.7907097503,-1462983.11264202,0.9382480718749662,0.904091483708374
667277.0072486843,-1446716.2041094834,5.036910701644549,4.419884027680719
669804.8947248304,-1449078.3703869898,1.4320628465459988,1.5443613789470492
667132.0789523451,-1452577.6784185292,0.4938147746710353,0.23532030617743693
658726.4887879243,-1451238.388311658,2.4196923958880685,2.6916626998462867
663468.0247384068,-1458548.0144548956,6.1233032059208305,8.016938496826736
669271.5678559795,-1442205.0135763017,2.123403531085447,2.230012832548315
663142.0326718022,-1464538.6123838588,4.197425584703794,7.282842210014849
669627.4957577065,-1453402.9482630228,3.752992287499861,4.590101031876689
663488.6683446418,-1449090.2845448318,6.123303205920827,5.5274180446540395
672999.1921275056,-1456913.919760968,10.56763617796014,11.05630110248553
669404.064881546,-1452158.3409535983,7.752891962335242,6.9071533040454955
667316.5939712233,-1452544.403476798,2.172785008552551,1.233547639077786
665265.5006586977,-1447756.2114463584,3.061651602960416,3.0694193602443844
662206.7708376537,-1458612.9457585923,7.999799349670759,10.474859245828382
668662.8632178769,-1444251.0169514061,3.7529922874998602,4.283114339727628
664693.2206062269,-1454977.6594122106,3.2097960353617214,1.1084546902010555
663030.2944866684,-1441346.8306737542,0.987629549342067,2.718224848753154
664608.0759164428,-1450230.374017472,0.24690738733551854,0.07658138991448915
669924.4653932846,-1438797.9204893652,3.357940467763039,3.412068302220507
665485.1676444338,-1447909.4816527248,1.432062846545998,1.1430703039267636
660029.5708579682,-1451678.608328897,9.283717763815451,9.033027824800776
665193.318540626,-1452081.2275741375,13.38238039358503,13.059890536945373
659184.3593821949,-1452040.370391667,0.7901036394736529,2.210217728472637
660398.9415431803,-1443005.9419044354,9.975058448354893,8.635491854103662
671247.2170575946,-1464023.1316220341,10.814543565295658,12.679797188041764
669141.2547655401,-1451128.7400809997,2.7159812606906915,2.015258525715927
670666.4370281643,-1448041.7235560825,0.9876295493420688,1.9667422271498332
665259.5586986193,-1463140.3823395567,2.5184553508222756,1.8292551596573272
672803.7301451061,-1460729.7949765227,3.3085589902959303,4.917873179244209
668619.5190213174,-1443383.1204515025,3.950518197368279,4.64334916663286
663699.2110477567,-1450150.9205089204,0.29628886480262295,0.988886815244939
670670.4476268739,-1442801.7261805302,25.678368282893796,27.047133920926427
657271.2245028596,-1442161.8062007271,2.9628886480262078,2.8630148994203823
662277.4034417119,-1457523.9890857814,0.5925777296052388,1.3199952818160696
669456.0523881875,-1454510.9116777582,3.9998996748353806,2.1267351389931815
672480.8036014122,-1463833.5139528136,5.777632863651103,9.04014320101968
670238.0745993245,-1446133.2120012026,2.0740220536183447,1.7181861745509466
667108.6497156869,-1456571.8361288384,2.814744215624895,2.9202273600459288
668907.6465651927,-1455376.5648837495,2.0740220536183425,2.795661359884522
657854.3476481887,-1445994.9673022353,0.88886659440786,1.031510779673832
669026.4104898126,-1463343.8543969004,0.29628886480262295,0.2842926812720048
663433.1999272876,-1465377.823929626,2.1727850085525517,3.379102009141304
665138.442169332,-1451200.4815637683,11.209595385032483,11.017802217971951
664866.1056448817,-1457294.8791454518,10.765162087828553,8.905495829053985
661829.0078815538,-1444576.218392324,0.1481444324013106,0.1830835016250436
665770.9970658242,-1454825.8115183017,0.1481444324013088,1.115846778916879
664253.0151684757,-1463421.6337499758,7.209695710197101,4.823881171026384
667633.2898361725,-1459918.5962835704,4.345570017105106,4.349789583590706
669186.8671382722,-1445062.5413966733,0.9876295493420679,1.671786027923
668075.4089967906,-1457416.1612273888,1.9258776212170314,3.21249143347854
669639.8114028887,-1442134.2878614059,29.233834660525243,31.564061442733713
661328.9019393087,-1447654.3359296578,2.913507170559105,4.493353135617383
669035.3516567072,-1445285.2213669282,0.6913406845394503,1.1904628014099488
660131.5650007372,-1446612.7564857313,4.148044107236692,3.1622803922869496
665051.2717822412,-1457265.4243125506,12.740421186512693,10.899921665826671
671121.7094210288,-1444877.6344074327,0.8888665944078626,1.0156375536097109
663111.8343969181,-1446310.1840545652,3.802373764966964,3.612714422726594
673867.9493859941,-1460697.25707628,4.444332972039312,4.869871995430692
670362.228714724,-1447207.8762076437,0.1481444324013106,1.194045251291362
669358.0034379603,-1464370.1740030118,5.827014341118207,5.844960143300283
662103.9227247073,-1446695.4459354803,3.5554663776314497,3.5710045110571444
667225.0676974298,-1451486.5313852075,2.1234035310854473,1.5354591946236926
664426.6209812397,-1443093.8750388313,4.987529224177448,5.099895999282479
670204.7409306266,-1464283.354217121,3.6048478550985497,5.4402103379291
668024.0458352525,-1444520.7677992445,0.6913406845394483,0.8336707503086684
673927.247892306,-1461595.9203229516,0.5431962521381362,2.820412029779831
665427.7934946268,-1454001.4910797148,5.283818088980071,5.093652691038948
664392.2079876629,-1447911.5066228546,0.5431962521381379,0.06633510488872041
664645.4153398033,-1443247.4775672273,0.6913406845394476,2.2597709120236686
668128.9457958869,-1451586.107854215,2.9628886480262056,3.7001424501424482
667804.5779644267,-1444364.739019786,0.5431962521381398,0.5546419192767646
667030.4310562912,-1439705.6994852494,1.6789702338815156,1.73923184630332
668268.1940616344,-1459550.3692467948,14.962587672532349,15.434302031180838
658511.312771999,-1441936.3058641986,19.752590986841376,25.669111820063137
664923.7762359435,-1463385.1667678808,2.1234035310854456,2.0246629188348386
670545.5816566371,-1447168.9667653781,0.4938147746710353,1.4600510191778766
666865.4877950453,-1443541.54445446,0.19752590986841234,0.4053255731246779
657615.4244607321,-1439041.529678239,3.8517552424340704,3.435429972896297
672185.4803441677,-1451850.518180843,3.7529922874998576,5.405743834124538
660050.3551078273,-1456903.7305202647,3.012270125493309,0.8568244016095186
664198.2668079828,-1464343.9203439518,2.7159812606906915,5.461223718187332
667680.0439371681,-1455519.1732277581,2.715981260690689,2.2819775032902383
672005.7341703048,-1455870.3469964354,4.2468070621708955,3.8895949878096876
668537.3543868379,-1455435.579185465,2.5184553508222782,1.2227846100294624
672338.342211665,-1451629.223906806,2.0740220536183465,4.0204355226890325
658545.4535268121,-1449290.232049571,3.999899674835376,3.644537471752291
666224.6617443438,-1451914.324021353,1.728351711348619,2.1872277145291994
662495.1931414471,-1464693.9103897798,5.0862921791116555,8.425100065480102
669319.3812063071,-1446112.5838515782,3.0616516029604144,4.370000791953747
663310.1810045796,-1442188.3394958375,1.3826813690788935,1.8274666210767325
669897.5986170304,-1461479.867575705,4.888766269243241,5.136875080012887
662341.6777221389,-1464914.6678385942,0.9876295493420688,0.9890438465434297
663131.1315882746,-1457341.102348,1.3332998916117944,1.3326024952788256
668717.852714747,-1450319.6830311315,2.0740220536183465,1.7366559676281268
660582.5626826044,-1455906.128879237,0.6419592070723441,2.4330650139162966
672840.6537141564,-1455682.3324982882,4.691240359374825,4.460362239994618
665660.6847876944,-1461084.5848963514,0.04938147746710264,1.456586522063704
668082.24452715,-1440451.1846789808,3.160414557894619,2.599175658019335
670057.4216507014,-1440947.7189415628,1.1851554592104838,1.8297120343817368
663405.8719406547,-1448419.4840064053,1.4814443240131008,1.3945337911192524
671035.0929643874,-1450831.2062353618,2.2221664860196544,0.9398523108450245
670254.3669430567,-1463200.093663647,0.3456703422697238,2.1716101425783627
664504.8098406534,-1465359.6649309495,0.4938147746710353,0.8646900330899978
671159.0903887767,-1462070.8563527686,8.246706737006273,9.211088615792972
662176.8598462602,-1456648.9909484377,2.222166486019658,0.15898116069408275
672285.3609216269,-1456880.0077102287,0.9876295493420715,0.5346417760258912
666977.1430903998,-1444772.2517426054,31.85105296628172,36.69079612264405
663563.8253870023,-1448202.2077027508,0.6913406845394483,0.688441546473974
665845.4666565757,-1461052.93817766,3.851755242434068,4.618012217771868
664259.1312847601,-1440061.4231871474,10.024439925821998,9.89988543208191
659240.916997094,-1453113.7447730475,1.8764961437499288,0.24519433115309042
661395.5871846273,-1465989.469776963,5.086292179111652,5.898967550584295
666819.8127951444,-1454657.1051204924,4.049281152302483,2.2339743589743595
665490.9481582881,-1443043.5545251905,1.8764961437499288,0.1559729226232136
670278.5202964371,-1445047.0091153954,3.2591775128288285,4.011450985887304
663944.815125076,-1444952.3470041887,1.925877621217034,1.0022135996464931
673106.0337994725,-1456519.7592360652,4.88876626924324,5.205016766542226
667738.6351423529,-1442448.115290739,1.6295887564144138,1.8222595525473952
663731.5421124526,-1449429.85175916,1.28391841414469,1.9961941889908346
660380.4786430341,-1446950.1264286013,2.320929440953864,1.6056436999593098
663564.3166011098,-1443230.3890421283,2.2715479634867553,2.028816596869219
666224.1915335327,-1446835.196085657,5.036910701644553,5.5750539057426085
659522.7609362344,-1454125.7705354677,4.5924774044406185,5.464031007202209
661179.387867023,-1446581.1576240314,3.061651602960416,2.2019749887261897
663773.2306520918,-1461536.460331765,6.222066160855036,3.1952437537592484
659056.1132138243,-1453145.1832284937,3.85175524243407,1.379538729173838
659724.0235612867,-1438784.6023888355,0.987629549342067,1.8790666062133616
665051.5123512588,-1444973.4038507063,0.3950518197368278,0.5076807993374466
662551.181500135,-1460507.1004902828,1.0863925042762776,4.068176556692428
660270.9705935873,-1452014.673431364,1.8271146662828315,3.022593416496248
661107.0627622578,-1456701.1229569174,1.5802072789473076,0.47571151548030244
664291.9653019261,-1458306.1852685623,3.999899674835378,4.898828702650992
668074.8913198903,-1462860.9564095442,25.233934985689864,27.634841463319468
660223.672248341,-1453988.0904591992,5.0862921791116555,6.338590704468746
667246.9167867716,-1441242.8159912378,3.7036108100327576,4.078929942470975
663959.1470556005,-1461512.499867686,0.9876295493420688,4.262639296333557
666471.3395384294,-1453843.0208460358,1.0370110268091732,1.2346730158579513
660147.2341240561,-1457760.3334900434,4.641858881907723,7.1624650704330595
659336.5048889188,-1447172.6674301568,10.172584358223313,9.348067857920656
665042.8078845225,-1462986.1637764522,5.925777296052413,5.704380529035165
667981.9242783703,-1445437.8489875644,2.0246405761512447,2.322529532446746
666991.040772554,-1450630.1064258646,0.24690738733551498,0.6183309623053921
669266.5038868662,-1459209.0466363647,1.432062846546001,1.3502424935165007
669127.0095751463,-1450435.0560627496,3.259177512828831,2.624715630601017
666285.7427919926,-1453869.5906443454,0.4444332972039291,0.5098863180866164
661464.0306164555,-1460481.6893424839,1.0370110268091715,0.5773780528495625
661104.6481196856,-1441681.5068534743,2.9628886480262038,2.5553480568559026
664156.8481875045,-1462365.8721106984,0.19752590986841412,1.6081224924261068
662171.9411068005,-1441451.024227267,0.1481444324013106,1.4811008412597095
663119.5819363012,-1453282.3205180862,5.5307254763155855,5.618006378562084
662267.9212346699,-1453352.7519166884,4.148044107236691,3.7529846004546052
664349.6125030254,-1442030.7569769928,3.4567034226972417,3.49941204538983
669312.1605969749,-1457256.3283335334,3.8517552424340664,3.704075443473382
667517.9521722015,-1453599.1066573556,3.506084900164346,3.224712647135341
668363.9744798539,-1453506.3711586474,5.87639581858531,5.711769067574385
664780.882992049,-1449112.3389426111,1.7777331888157253,3.214654282765741
661128.755333225,-1452492.3875324316,7.209695710197101,6.864132926834767
672598.5667579852,-1453956.3419327873,4.148044107236691,4.290115103476889
665558.7569957478,-1441770.7324609782,0.29628886480262095,0.14503375739465885
660254.6211312196,-1440837.600480059,7.110932755262898,6.188900798147028
660357.2327381645,-1448026.3680670373,1.333299891611797,2.791977823400475
670224.1609701193,-1457404.343465602,4.049281152302486,3.7618654635213167
672087.6049255092,-1450613.2796282233,10.863925042762757,9.271336720847724
674188.8989978612,-1463503.9761499306,6.172684683387931,6.753973227434411
664626.7686937922,-1449331.828160189,4.592477404440624,5.63102573973574
660738.4120703258,-1456769.0042713317,2.1234035310854473,0.42499081755775947
667753.7938682016,-1449689.3233552952,2.7159812606906906,3.047235723937421
668601.4320048442,-1442325.2856402502,0.6419592070723468,0.9180734185679356
666188.5782202887,-1457983.2887069015,0.39505181973682824,1.111961279276116
666477.3197235515,-1441847.0367735852,31.20909375920938,32.11048882873743
660591.8450743981,-1438720.7332610919,3.3085589902959347,3.865386536470841
667901.6636943375,-1449468.8906900436,2.320929440953864,2.6685925102522106
663098.9887155623,-1458614.1406982983,7.456603097532623,9.053364827603508
671332.4779105613,-1463132.5589186149,7.555366052466827,9.354354354354356
666069.8668466625,-1445776.4238226926,3.901136719901175,4.17248289691951
668197.8900923217,-1441487.8712672945,2.1234035310854513,2.729401679399368
665050.3802846904,-1439676.9773975867,2.419692395888065,3.3002793634383254
662867.9332358779,-1461345.8655082306,1.1851554592104776,4.300834705996428
660416.1147810497,-1460736.3712307883,2.962888648026208,4.480098145960275
667186.2709585116,-1439483.7017422304,5.678869908716894,5.511585698520059
669324.4740841005,-1447378.576585785,2.5678368282893786,1.291426033255516
665657.7797182286,-1443876.675218543,1.3332998916117926,2.0682103150482347
668913.6065929863,-1462469.0481571094,0.7407221620065507,0.3457049328397428
665810.0643518349,-1443658.4519432036,0.1481444324013106,0.49485661582620866
660969.4365982958,-1461747.092876698,6.765262412993174,8.268064710388057
661295.1704365152,-1464049.3856039618,6.814643890460278,7.300527811861378
669065.0128104975,-1452412.241396796,4.098662629769587,2.7854258539427335
663914.2576958551,-1446024.3731927413,3.357940467763033,4.5814268035771715
669077.7768671791,-1456612.755812409,1.6295887564144138,1.4927106687321166
668599.3548702893,-1448564.748007927,1.9258776212170359,2.019830035890805
664913.1703651379,-1456202.665134226,8.542995601808899,10.351130294806726
662171.5233006005,-1440569.8580771224,27.949916246380553,29.02648033244663
660454.0109827875,-1448890.0378512393,2.469073873355172,0.5133545187768931
668847.9281542297,-1444220.906045259,3.2591775128288307,3.7551749778379806
672041.7658960661,-1461951.7365756456,6.370210593256344,9.098346878090524
661907.3299647059,-1457584.03900865,1.3332998916117944,1.636571141109652
672042.2353264999,-1449702.1843748055,1.77773318881572,0.999337322266574
671893.6740749835,-1462162.4697485561,5.036910701644558,8.101994095305665
659540.8524564682,-1455207.6676776838,8.296088214473382,9.70799699985363
662982.9125688153,-1463494.9458926448,2.469073873355173,6.532300586305523
670556.2770351995,-1459308.9831822035,1.6295887564144111,1.575031248529449
665854.3470085354,-1444542.2805965776,2.5184553508222782,2.771792617459898
659156.6806554112,-1440679.1911773116,0.6913406845394494,1.6317973515631188
662092.6454808994,-1457555.6562027521,0.3456703422697256,2.128123234313372
666760.4810663296,-1444618.5814257492,28.04867920131476,32.22011182411262
663852.3118534791,-1451187.4639102574,6.765262412993177,6.551051202940337
658081.3017927702,-1447435.9546393668,2.0246405761512403,2.536461292906904
672579.0824909006,-1459682.6924549732,0.34567034226972737,1.6214702555325022
662482.9245573194,-1449477.6914317484,0.0,0.23068215989370477
658578.6735800342,-1448209.470840955,4.987529224177452,4.523548139030131
665825.7275077447,-1448927.8975845075,0.7407221620065538,2.483601537885381
663513.7833059751,-1449276.049044832,2.271547963486759,1.8523510212982268
669982.4238303096,-1457064.7860679852,1.185155459210482,0.4647595439838401
664130.8444105291,-1452403.5988991137,8.938047421545722,8.3593026305678
671987.6896064742,-1462838.5241502381,6.370210593256342,7.483525211178176
667348.4363445565,-1452729.1718934644,3.6542293325656514,2.8835234135354506
663704.6628417365,-1455359.8955356795,1.827114666282828,2.15026517830208
662174.5668023203,-1458428.232675259,6.962788322861588,9.182539872686208
663001.7221173351,-1441161.5494237542,0.5431962521381362,2.264539471698262
664714.1006855604,-1455163.9357455438,0.09876295493420528,1.6481808706412178
665450.3544764337,-1447725.2528193914,4.5924774044406185,4.504693514906825
662391.2532740801,-1458579.4941543005,12.641658231578482,15.445583831353744
665160.3626292926,-1451896.779490804,10.617017655427238,10.561644683517729
659205.7416695282,-1452226.6281416668,0.5431962521381344,2.493826171293767
664508.7821466504,-1455011.2204304137,4.2961885396379955,2.6733319085857676
664792.7186005947,-1450197.803385685,0.6419592070723485,0.556769079351815
669844.3825286445,-1460406.6395757543,2.9135071705591065,3.180755109497329
669663.5728426308,-1448406.5467538242,2.0246405761512385,2.979027866188038
668957.3156872406,-1451164.8156748307,1.8764961437499341,1.3163023128460454
670138.6542378459,-1438959.9569806547,0.5431962521381397,0.4061643993278574
670697.5294595405,-1442987.2535138635,26.02403862516352,27.059771674877958
668666.2201032544,-1459641.1046190197,1.6789702338815164,0.9054002596258499
668827.6140226359,-1456272.9814226134,1.3826813690788944,1.2072836545760524
668941.5733658593,-1455560.9526337492,1.8271146662828301,2.4178866975372344
670093.6446114825,-1443998.4558818333,1.1851554592104816,1.4279176950265584
672296.5792046413,-1463868.2642292734,6.2220661608550305,9.728215452424925
661922.1197510003,-1440238.038832556,6.073921728453726,5.891216769127337
660215.1266019305,-1445890.4851015918,2.271547963486758,1.0423863973227139
670422.3954951107,-1446098.9429276655,1.7777331888157237,1.3841543148864683
668722.7221492842,-1455407.4621433346,3.7036108100327576,4.116266378253944
670479.7626621382,-1460030.2437748467,0.7901036394736547,1.3402485889719093
672360.4497774002,-1452713.9391686462,2.4690738733551747,2.468744830388033
661021.6014198379,-1445530.0496762926,2.320929440953863,1.7186893154014975
673130.421034954,-1461937.4146066639,3.85175524243407,0.24467079111676782
667781.4928906637,-1461667.7973867604,0.8394851169407573,1.2599167339668185
662206.9214536566,-1447565.5334956744,2.715981260690687,2.3757511668725595
669787.7622773647,-1450350.3040102178,1.827114666282828,1.3684964005618916
665276.1965416562,-1464416.317571415,5.382581043914275,5.548387764474121
659656.6900070027,-1454805.243910206,10.765162087828553,11.920653903065173
666065.4948629275,-1463858.968229468,4.9875292241774485,3.4945829952062635
670425.6278987417,-1440877.1385519882,2.3209294409538637,2.7176537977078294
667448.682182017,-1459951.214686777,4.098662629769587,2.8146864954782114
664068.1425811718,-1463452.8626332222,3.950518197368277,1.3974442324609662
668259.7343382663,-1457381.8668751766,5.876395818585311,5.559234615536359
669003.2798660407,-1445100.607283595,2.913507170559106,3.6650968817572402
663494.7149239609,-1442156.2570306635,1.8764961437499288,2.5379678166730475
671147.6457156956,-1445063.2494074325,1.0863925042762794,1.1365783117648571
667521.2831398579,-1437291.9230722412,1.135773981743375,2.018564894700363
664209.4552348424,-1457428.0237410725,10.073821403289104,9.864231373295194
665186.9781199999,-1447085.929367128,0.5431962521381378,0.429504364114367
661595.1336976287,-1454598.159318644,2.024640576151242,0.7287108982706414
665475.8466134884,-1461115.7321209288,3.160414557894617,4.029318835008267
659179.0972496086,-1446112.3797171493,4.0492811523024805,2.9214037746527275
663890.763394322,-1440131.5151009443,5.580106953782688,4.857327346045565
671891.7612715976,-1456777.2053638902,1.3332998916117922,1.035533999431565
670936.0688845441,-1444903.7181682088,0.6913406845394459,0.8070351926713766
667262.4896994298,-1451670.2508018743,1.9258776212170332,2.9089968126331263
669396.2468972935,-1464553.7083363452,10.172584358223308,9.426167549627742
670234.3945112933,-1464468.4688004542,1.9752590986841376,3.5500743075997008
662928.05646075,-1446347.3072986486,3.752992287499862,3.5836324685712446
666704.4269622401,-1449795.3481194102,0.49381477467103563,0.5279568210840453
658185.1740533714,-1447034.7200387232,2.074022053618343,1.6675879477597757
669673.3552760683,-1437267.9434158774,2.4690738733551747,2.622937622690433
667039.9913270671,-1451516.3026984213,5.135673656578758,4.460096127454851
669173.7457922869,-1464404.7976373013,2.3209294409538614,2.7909722009917317
664611.5670078034,-1443063.0624005608,28.78940136332131,30.04727825182973
668158.4701225535,-1451771.2451875482,1.827114666282828,2.363876831350459
667838.7080930934,-1444549.088519786,0.296288864802623,0.30313554432143724
666860.7929717281,-1449585.8312505926,24.196923958880692,24.896798880989287
673741.2984774162,-1461619.7700261462,0.19752590986841412,3.688151366223355
656988.9254242076,-1439366.498613372,7.55536605246683,7.756682305760511
662191.1277976744,-1463878.1724873106,8.197325259539172,12.277547075406412
666503.6574172203,-1460789.452123722,1.9258776212170332,0.2610735211254678
670521.0548233038,-1446983.0843487114,0.5925777296052459,1.579561296167204
665354.7779322581,-1458284.744079505,12.839184141446898,11.477097783500161
666899.1913750452,-1443725.9598711266,0.3456703422697247,0.4364917562754105
667389.9367768411,-1442695.928933871,0.24690738733551676,0.16535362926365327
660573.8877222517,-1454818.92783706,2.567836828289378,3.5361042994463316
667944.3033111235,-1451618.5237688096,2.9135071705591056,3.571686529433009
673041.3501142932,-1462825.5351471142,2.7159812606906932,4.411438343048875
659902.8610723699,-1452085.578019064,2.9628886480262064,1.3378063512400207
660846.3006952917,-1462148.2218808914,4.296188539638003,5.393862849268013
668125.9800214162,-1446493.0402010607,3.7529922874998594,3.2023290530949104
672369.361335665,-1451814.0423234727,2.172785008552548,4.2800961396193795
665299.1258975576,-1460075.3625372373,0.04938147746710442,0.025323036564639523
665333.9837466977,-1448124.8795296918,9.580006628618069,9.884959431890012
660725.2604461475,-1449540.9682948925,2.765362738157793,3.6973407847699447
662737.6722307784,-1460489.5324046584,1.2839184141446918,5.376726229029753
666195.8698243438,-1451729.0551046864,0.5431962521381379,0.6402973107250967
660086.7144066348,-1452049.171995564,1.2345369366775873,0.09864939203431966
666040.4017539334,-1451948.7733934135,0.09876295493420617,0.6705090888400873
664147.5143155283,-1453080.690008432,7.160314232730002,7.633714884881376
662311.1788474722,-1464729.6694219275,5.975158773519521,8.98610026972499
670086.074259019,-1452252.6881274884,6.271447638322142,9.591221352012342
668758.1934227471,-1450502.7714477982,3.0122701254933144,2.3356812490621497
666949.0855800407,-1456785.7916385047,8.691140034210209,8.767616970906857
666903.0705358409,-1461803.411313184,4.839384791776139,5.715801349086272
668902.273237773,-1450285.8853020454,2.370310918420963,2.0039159390085564
673349.3971944193,-1463866.1250399088,11.258976862499583,17.236942157173516
661672.7208376641,-1460648.269931474,0.44443329720393265,0.6936637062336022
663787.2243166338,-1462429.041924519,0.19752590986841234,1.0008071025020175
664476.1630113202,-1465174.3679309497,3.8517552424340673,5.428285143611243
671192.30147411,-1462255.350769435,9.382480718749653,10.846982529725961
667166.8923830201,-1456942.1056288383,3.4567034226972426,3.080619007087674
663590.6350123356,-1448387.7327027507,0.8888665944078629,0.8163235201730494
665881.7126172425,-1461236.8976776602,5.678869908716896,6.383071897778953
663494.6433446209,-1465747.7450962926,1.28391841414469,1.8682145835939128
661617.0325036562,-1444423.6449919655,0.7407221620065503,0.5797514074012877
664225.7261600933,-1439876.9344371473,9.975058448354893,9.781475791711316
670067.8518831641,-1463218.2869957981,2.370310918420966,3.903354736250691
670973.6783085188,-1462098.5046028253,8.49361412434179,9.156117663245984
664304.3793111879,-1447233.4059547735,3.456703422697243,4.092398870738557
661992.3024385972,-1456682.0349005214,3.8517552424340717,1.5467832589745907
662130.6975293688,-1451430.2541414616,0.29628886480262295,0.7380955790330077
666634.5260686846,-1454685.8113291329,0.5431962521381397,0.5994862588341512
670094.3461065573,-1445082.1171359494,3.7529922874998585,2.882949722631934
662625.7359828596,-1465742.5743751614,2.5184553508222756,4.144790782968734
662220.5905727625,-1446299.080180095,4.296188539637998,4.407805375671394
668597.3070266542,-1437308.7930576736,0.6913406845394476,2.5639495093388707
659688.7273139535,-1438600.4668888357,0.5925777296052397,1.720901927014101
660195.7754547372,-1446982.1838190649,3.950518197368278,2.913748593317856
659855.753898432,-1440713.8808047897,0.7407221620065498,0.08762027653333426
667257.0229185417,-1457808.5669996655,0.29628886480262095,0.31046341999965565
660426.4255597092,-1441719.0193368432,5.28381808898007,4.291333558451445
667533.0590594279,-1449537.3796968898,1.67897023388152,2.0292573519884805
659538.9634025563,-1438814.640504936,7.752891962335245,6.120924715829951
662363.9211743259,-1460511.6888058584,0.4938147746710335,1.434521563273595
663927.8867536004,-1461327.6252843528,2.320929440953863,6.174556308526505
662035.216771374,-1446326.9802688137,4.444332972039309,4.417200481116879
660923.2624434412,-1456738.012897796,1.5802072789473076,0.7439169941329284
661787.1391946848,-1438307.1625241477,0.7901036394736547,0.7134886455416947
666818.0869366378,-1439554.658311997,1.6789702338815173,1.6570352204285648
660408.4927425042,-1453956.6686365427,4.493714449506415,5.400813817566231
664472.2387969962,-1448277.676456188,7.110932755262899,8.080146470430156
660776.8433335556,-1438690.249756144,2.6172183057564844,3.379496125970344
657843.0097279749,-1439188.6832221425,6.271447638322137,5.609931678507418
664837.7053658306,-1462325.98187788,1.8271146662828297,1.9672126242415864
660814.3447062795,-1460807.065003947,15.209495059867862,14.962896456038745
666973.6505936246,-1439335.0670685824,2.617218305756482,2.5930160936069977
660598.899552366,-1461800.7277174601,3.9998996748353797,6.101878407117004
669295.8651395327,-1459394.2253863646,4.493714449506414,4.769081976391401
667567.6149170195,-1443537.5682238205,3.8023737649669638,4.4308418774810345
670155.3596367533,-1462509.5191526676,2.0246405761512367,3.504942330856691
666540.4170424643,-1447854.6387662853,3.3579404677630365,4.9207043289964645
666094.9019008898,-1456924.6688875789,10.76516208782855,12.642219297393126
662978.5437430043,-1457559.837270645,1.0370110268091715,0.9052387165627032
664163.6660472833,-1442054.773711106,6.320829115789242,6.03099022005995
669979.8946189089,-1451016.1557509329,1.086392504276274,0.082149828987653
671707.8056512652,-1449971.3614472018,4.246807062170895,4.872999493828786
658505.6962569596,-1444072.206461444,0.0,0.13624191811088227
667333.9887481846,-1453635.1565145236,1.5802072789473112,1.6826676052243794
668179.6812844977,-1453540.7293773633,4.88876626924324,4.711998116287067
674224.3566698611,-1463688.0340665975,5.62948843124979,6.817178671380713
664596.7427737921,-1449146.7727435224,4.691240359374831,5.8975319251631255
671115.0205117207,-1451197.4469020283,7.752891962335243,6.866482185340963
661541.7141341253,-1465774.5489298846,10.863925042762757,11.370526275466846
669416.4162986532,-1436936.7785199855,1.7283517113486226,2.357901446280687
666909.2201750665,-1444403.5574926054,27.456101471709516,32.1497698169199
667937.6942723375,-1449652.8654400434,3.111033080427518,3.4626288968107763
658972.5067577565,-1440714.2006346537,1.8764961437499323,2.5595881622259187
665412.169597354,-1441989.0890303734,0.6419592070723482,0.4977504707165503
670871.4139862142,-1457129.1179005934,4.444332972039309,3.8423332530691434
666108.5484566626,-1445959.879656026,1.777733188815728,1.9418861515618533
666294.2426580745,-1441887.499921777,2.913507170559104,4.4808395416204085
665425.4371122881,-1442674.545441857,27.80177181397924,29.45174472898931
663283.1858372635,-1458579.270318871,6.962788322861587,8.666726456443445
665886.0941529258,-1445813.5979940677,3.604847855098552,3.884787811901176
669287.730750767,-1447194.7969191181,3.851755242434071,2.946141085356207
663673.6073171193,-1449059.5858424935,5.382581043914275,4.672216080860331
669509.6836680812,-1447350.014994383,0.6419592070723437,0.5014508561166666
665842.205849835,-1443843.156026537,1.5802072789473072,2.2817343639168475
668283.5112001919,-1446273.0598324044,0.5431962521381344,0.4460082233614937
664075.6090754424,-1458147.0000896535,5.827014341118209,6.1607632691645975
663428.209551054,-1460534.265652142,2.864125693092003,7.937399919378585
661109.3403034119,-1464073.140843846,11.55526572730221,11.232956238781304
668812.6464882297,-1444036.7603785922,4.049281152302484,4.510951481260036
660430.6861481208,-1448704.017017906,3.3579404677630347,1.580732448179063
668415.224113657,-1448600.12185459,2.666599783223587,2.742782055692796
671432.4948745721,-1463994.4957655086,10.370110268091722,12.105901199491276
662533.4428655754,-1443552.8633599284,5.1356736565787555,5.375370919596051
669767.0728432145,-1439010.0225706534,23.85125361661096,23.731869720148616
671140.1294841038,-1456017.0762323386,0.4938147746710375,1.1564065305975162
671856.5117369835,-1461978.7079152227,4.888766269243245,7.520899647827955
663256.2644380627,-1447343.7091355012,6.222066160855037,5.951693052190059
669641.2452006156,-1454482.0981628876,7.6047475299339355,4.969012133504894
662646.4739080167,-1450317.0555840083,5.728251386183999,5.555506922252838
666651.9900335419,-1437413.7571690981,0.34567034226972027,0.07243343630676868
670513.3710526624,-1443022.3868845673,2.6172183057564844,6.5268480946009255
661510.9187437887,-1460853.7376758172,0.5925777296052406,0.07379332210231304
667166.6918994894,-1463916.5211731945,7.950417872203657,8.387193752140092
670026.4316555762,-1445982.3814315775,23.50558327434124,27.948039236995363
658061.1507011501,-1446151.9207478634,3.5060849001643435,3.223682499812874
663881.1259754791,-1451372.7206602574,3.802373764966962,3.945994237981509
662330.8561100032,-1453722.4192500217,0.7407221620065547,0.10351535268110723
668521.029202343,-1453288.913617583,0.0,0.5988000246013172
666484.5988764098,-1454900.7980645048,0.2962888648026212,0.48877491943503415
662173.2723086162,-1452281.9306511714,4.246807062170897,4.736212216545253
666471.8385667771,-1463989.259018667,2.1727850085525517,1.9862082460204853
664036.8547353579,-1451154.3880560456,6.715880935526071,6.642471400280282
665796.0263444113,-1448742.766417841,0.7901036394736529,1.0382860586837221
670010.7686603097,-1457250.1209846518,3.901136719901173,3.5001218655971327
671350.2183935114,-1447891.1474305466,3.0122701254933073,3.6743780357712366
665640.8081733375,-1448958.7126257736,0.7901036394736547,0.4358696702350535
672538.0999666518,-1453586.4353494542,11.456502772368001,11.751702053876405
670167.3201854527,-1457033.6997156022,1.5802072789473094,0.9808807800087687
663520.4708527452,-1455394.8909348855,3.4073219452301338,3.5554055107844516
667480.1069093165,-1464940.305224457,2.2715479634867553,1.774852717571043
666410.8424742181,-1441478.0003569184,1.234536936677586,1.2928867206214687
664529.6622259837,-1455197.4967637472,1.1851554592104794,0.0833036522565056
670152.962243383,-1447053.0917436904,0.197525909868415,1.1481854830519187
670475.1916978586,-1441770.3989395562,25.530223850492483,26.165581767116063
667546.1711394233,-1460618.1100184713,3.45670342269724,3.5914482926609166
662928.6660605446,-1461715.881591564,4.148044107236688,6.915048722321918
665829.5825644836,-1437832.713106974,2.814744215624895,3.281891640069553
668312.7888911735,-1451549.3476715102,2.6665997832235844,3.3585176351147155
668587.9687613791,-1449459.508697047,3.308558990295933,3.3041207294576456
660283.2502582137,-1452700.873826373,3.8023737649669638,2.2328468750228083
659577.5825824023,-1444042.5456365645,0.6913406845394476,2.948915960232984
674146.9547928408,-1461752.6886071893,2.666599783223587,1.228119591511117
667048.1783207043,-1455886.9202905435,7.209695710197099,6.581144063629525
664383.4201014698,-1464314.5788394203,4.691240359374824,1.7668670486358273
667864.3619069653,-1455485.3451368301,2.4196923958880676,2.5387564835466025
661792.3411880911,-1455653.8587017786,7.259077187664209,10.502663859972888
664131.8828269342,-1446179.0387184909,4.098662629769583,5.261668239712845
668860.7670266358,-1456457.5185059467,1.3332998916117944,1.5478123810226858
671216.7291844855,-1445735.6702161175,2.41969239588807,2.2744057590319837
665701.5756362993,-1460179.7635799712,2.913507170559104,2.144791605016236
661950.0417870004,-1440423.3146658894,2.3209294409538637,2.3427081288451244
669070.757915023,-1444373.5568017657,3.7036108100327603,4.2901083763029675
669012.7336538457,-1456243.4526457423,2.0740220536183447,1.951075844295585
668756.6489499508,-1455591.8498933346,3.4567034226972453,3.7384917159066564
664071.5381380576,-1456377.923809599,22.962387022203103,22.185350063636363
662105.8087892672,-1440201.1207437888,0.09876295493420795,0.34665467203491573
674081.8768819163,-1462611.9111232099,1.037011026809175,1.9729462309550723
663123.4264102087,-1462574.319096961,2.024640576151242,2.9942148751036193
660029.5493896094,-1445917.2161822747,3.8023737649669647,2.170157128776445
669758.2711146981,-1450165.1384268845,0.04938147746710442,0.3881557094784185
669868.624654073,-1443849.434496922,2.5678368282893786,2.455246303371895
666100.9189849275,-1464042.8393961345,3.259177512828826,2.073606091150763
667964.7265504792,-1461628.0960153039,3.4073219452301373,3.619094263565626
659472.2600391349,-1454839.0186776838,8.888665944078621,10.081348264743397
663454.2825039609,-1441973.277363997,5.185055134045859,6.057301300167115
672915.5675514038,-1461783.121485177,2.518455350822279,4.44136126375766
671295.1575886726,-1452749.6129665037,4.098662629769587,4.223143056530386
668229.6169795165,-1440218.6134010386,1.234536936677584,0.8348745146938776
663857.3582696553,-1439947.0263509443,5.5307254763155855,4.73891770567497
661387.3549135994,-1453544.304664045,6.073921728453726,4.021657679106131
670892.4874317811,-1461033.9833883774,0.7901036394736529,0.6507031757753907
668817.9172320104,-1461408.8300684567,1.8271146662828301,2.203291573039474
659221.7354040779,-1441048.4152606449,0.04938147746710442,0.9353327355801255
665370.4246043274,-1447047.1742270533,26.36970896743324,28.959537781232335
670962.0051792108,-1445089.3331682088,0.8888665944078626,0.9279759508265228
661410.1295685187,-1454628.5824140236,0.7407221620065503,0.7216333733662328
662361.3686271769,-1448613.4424957996,1.876496143749928,1.8258247730980255
664641.1547669932,-1461478.2848186586,8.592377079275998,9.239380930687119
657580.6252624114,-1443224.302011691,2.419692395888072,2.1404391437909123
672074.4868811166,-1456735.4747901568,1.0863925042762772,0.881796764216479
658223.8382167048,-1447218.09820539,0.9382480718749635,0.5159725761275515
664075.0369946905,-1440096.9727768316,6.76526241299317,6.516515908011373
669211.9892516201,-1464588.3319706346,6.666499458058961,6.372179607319191
657783.9483943671,-1444028.8439860772,0.49381477467103796,0.6302442294894197
662507.1648478964,-1448395.6429051866,3.7529922874998602,3.568408153992926
666890.3081417282,-1449770.9837505925,29.33259761545945,30.444914119819057
658693.766860591,-1451053.9548949911,1.2345369366775856,0.5809159822882091
658001.0737527702,-1447069.7485560335,0.2962888648026212,0.027431803238783026
662163.1652976742,-1463692.7835706437,4.9875292241774485,8.650599217433607
672635.1916182339,-1460053.2887883065,2.123403531085451,3.669221884385756
660538.345845585,-1454634.8458370601,8.246706737006278,9.735670123334835
659337.484921123,-1454154.4697599097,4.098662629769585,4.958066458010778
673024.9704082931,-1462638.7552304473,0.29628886480262295,0.5930077479314377
672958.9408355055,-1456730.794427635,6.46897354819055,6.800933210705796
656804.599682525,-1439399.9014448458,1.9258776212170314,1.1476803867406788
666687.630390015,-1460753.3943284953,1.1851554592104847,0.25377721768194217
664072.9453218625,-1452033.113232447,2.666599783223587,2.870801394310482
659909.2062438184,-1438755.2889200286,1.1357739817433776,2.108784433427342
672042.1998084743,-1463209.479400238,6.3702105932563455,6.8068389620446865
660389.0471963533,-1454850.258853129,4.641858881907723,5.315187562670937
672857.6379136965,-1462862.8136407817,3.4567034226972453,5.07701431440956
663557.129711559,-1461382.476408946,3.6048478550985514,0.15159296763182972
662239.5407549869,-1458797.558425259,12.197224934374551,15.861737792857598
671587.3924275308,-1458974.5972273634,8.98742889901283,9.3555497360998
668533.9850649126,-1464769.0113698505,0.5431962521381335,0.7512856019249279
672419.4206839411,-1458638.1539574694,5.925777296052414,7.590286276162558
660897.0863160759,-1463919.2770383584,1.3332998916117909,0.4432145480690117
665518.8375644338,-1448093.9209027248,1.925877621217035,2.3108465567388023
665219.591084626,-1452266.8548241374,7.110932755262895,6.999994831227053
660056.3002406348,-1451864.1851622304,3.4073219452301418,2.4493399681751313
666011.6098339334,-1451763.504476747,1.086392504276275,0.8764213149640154
661789.5767002106,-1450381.1987345843,0.8394851169407569,0.7779437761700669
672844.777311106,-1460912.7189765226,7.5059845749997205,9.345357677127216
669666.4117484514,-1459338.4738835087,5.333199566447173,5.393953657554777
662126.6744408112,-1464762.8103581609,5.135673656578762,7.906321753286992
667539.1872643679,-1447360.230738401,1.6295887564144103,2.271995724999133
669422.8665561876,-1454326.373844425,1.0370110268091715,3.221781803397846
668942.6139457731,-1450468.9737187119,3.308558990295931,2.6029412204425793
672512.3549340789,-1464018.2359528136,6.56773650312476,10.042658571156904
665216.7567733532,-1445994.3250026847,5.382581043914275,5.380866082298155
668202.7648874079,-1445593.4076721263,7.60474752993393,7.747083429952582
673319.270525086,-1463681.0662899087,11.06145095263117,16.996159787836483
661649.854087664,-1460462.171931474,1.5308258014802103,0.6575149395460382
664371.911709118,-1453235.1905118674,2.3209294409538623,3.1134185010124575
658258.7221013682,-1443076.1666608981,3.5554663776314475,2.9231886570214067
667134.4255050202,-1456757.4772955049,1.2345369366775856,1.0149741335971143
673165.2152889222,-1463900.8119530696,9.234336286348343,15.531675011192265
671006.8893938521,-1462282.999019492,9.62938810608517,10.792011577178974
661955.313351264,-1456498.2321505216,2.1234035310854473,0.1581425290621219
662356.0459566732,-1441416.5467263763,10.073821403289102,7.895275782686001
661801.6133822205,-1444390.756892324,0.34567034226972737,0.2559618774356007
668926.8174189739,-1439192.8250678764,26.12280158009773,29.1893923994999
670814.2206118257,-1454989.1616203538,3.2591775128288285,5.733820660860362
668980.3904924903,-1446367.958819831,3.752992287499861,4.632387435360489
670788.9439214531,-1462130.5050986907,6.320829115789238,7.111030042019555
664489.4395001095,-1447204.962776911,4.0986626297695885,4.878326466624948
667701.5587378311,-1453561.1833773633,6.962788322861586,6.736186326672298
665213.0324996561,-1464046.9605714153,6.024540250986618,6.098184262013392
671561.4939728233,-1459864.1364258355,9.234336286348343,7.497059522549204
669060.8539920405,-1445470.9503669282,2.8641256930920034,3.6581700496902045
668568.0785666544,-1437123.6008910069,2.7159812606906897,4.535493784529711
661771.0479620616,-1456532.7548432683,0.6913406845394512,2.553573377740504
669317.9023205604,-1440206.0434302655,1.5802072789473094,0.5775095616030184
665016.0346209079,-1457081.2914792171,10.86392504276276,9.329050521860673
671087.8827916955,-1444693.2820740994,24.591975778617517,26.187110370654306
668412.4508231026,-1437339.725998293,0.5431962521381397,2.2261493338003753
671216.6013125671,-1459030.1077100164,9.382480718749655,9.845940598890547
667569.0896374279,-1449721.3544468898,2.469073873355174,2.8232937385470462
662497.6792574665,-1454597.695419664,9.234336286348347,9.213466270792425
673834.8402206609,-1460512.7238262799,7.012169800328692,7.883180854169073
660040.5412259472,-1440682.1330872804,1.2839184141446882,2.167413573581939
669876.058956182,-1444934.3813583585,2.5184553508222742,2.1263332971886753
662073.1215187074,-1446510.5565188136,3.308558990295931,3.492133378593368
665978.0353747474,-1457831.6160860932,4.641858881907725,5.2499124303913565
669600.2984420683,-1436900.2144158774,3.604847855098553,4.227326511779198
668098.9767105535,-1451401.0276042148,2.7653627381577914,3.5128700666533286
667767.0805064266,-1444181.0543531193,2.715981260690693,2.814570500988277
667002.4069309579,-1439520.3171519157,0.6419592070723459,0.7153704816780593
658547.5375213323,-1442120.2195308656,20.690839058716342,27.554653957872745
660631.2353416994,-1461985.3890507934,1.9258776212170332,3.516698471321524
665290.8008042581,-1457915.3127461718,20.147642806578204,17.726484225958966
657658.8574553987,-1439223.811178239,3.5554663776314492,3.0622084486775263
672031.011588305,-1456056.1317464353,1.6789702338815191,1.0154784989595615
664225.0181419828,-1464529.490927285,3.9998996748353814,1.9779421985048184
660784.886278625,-1461778.3426308916,7.55536605246683,8.947627218629968
669125.1061145469,-1462627.513144055,5.481343998848485,5.030887848016079
664435.9080611677,-1460254.4074134463,3.6048478550985514,5.042534641810233
663768.848985383,-1460288.627997553,1.9258776212170368,7.417968127856538
668086.8872152378,-1450693.6943431627,0.6913406845394485,0.9216548446365538
667752.5600244266,-1443506.9081256727,3.456703422697243,3.9544509177592198
660789.1543661475,-1449910.3996282257,1.5802072789473107,1.331360543351757
658513.3171954788,-1449105.5241329041,3.999899674835378,3.1972053521384014
659281.3316841656,-1448066.942623621,1.0863925042762732,0.24659800245423424
670770.7215178006,-1456081.3514432583,2.6665997832235884,1.8439784949361853
660974.191062825,-1444645.714767118,3.9505181973682753,2.5919898080781634
661803.1507797115,-1461577.6426938127,3.8023737649669673,0.2383112060146111
663162.9413396078,-1457525.8800980002,1.925877621217035,0.696718781553102
658467.1954229595,-1443888.7633781107,28.19682363371607,35.21921662486331
668028.0840876085,-1439163.9592806627,20.394550193913723,19.5429222534107
666496.6909293439,-1452940.7227870543,3.851755242434068,4.427228095854315
664533.8205106534,-1465544.8997642829,0.9382480718749671,0.5210336670252147
666066.9876757215,-1444680.9786073174,3.3085589902959325,3.615763219149188
666945.3665063998,-1444587.536659272,31.5547641014791,36.390273521481085
664366.2100887493,-1454152.2142783948,1.9258776212170319,1.7250346184046976
665810.0869485757,-1460868.81592766,3.7036108100327585,3.925543376767065
661356.9025579607,-1465806.035526963,7.357840142598413,7.850735789104224
666854.8175471444,-1454841.2975371592,5.827014341118207,4.122616354102666
663004.7255102736,-1456288.119027134,1.6295887564144138,5.664081363672635
663972.9551257426,-1445137.7090875222,0.8888665944078609,0.3097396082522703
659411.3089064332,-1449116.1543242969,0.09876295493420617,1.329366606523279
662436.4242042496,-1442315.2170790134,0.24690738733551676,1.5636325797618795
671719.5969620827,-1447826.662556827,6.024540250986619,6.114289738558962
666705.9163626847,-1455053.929912466,1.3332998916117962,0.4046061833614152
663698.7222784526,-1449245.3503424935,1.5308258014802067,0.9971490575045179
659486.2076449011,-1453941.8738688012,3.555466377631447,4.315463468903982
662848.531118343,-1456502.3078090958,2.123403531085449,5.494341781344194
667199.1110598656,-1440583.4900067844,5.6294884312497935,4.3226544207357644
662693.6230926865,-1449631.0534968209,1.7777331888157235,1.0135634502723194
659025.818504491,-1452960.2703951604,2.8147442156248967,0.22205055833106258
669472.9403347478,-1447166.2353277165,1.9258776212170359,1.1532641959840242
666143.5960908434,-1439747.1464713332,2.6172183057564826,2.3644003539666603
659762.1818939535,-1438968.1678888355,2.370310918420964,3.340504640603758
667003.7924953403,-1462861.8077828295,1.728351711348619,3.9796878411681824
661139.3680942578,-1456885.807623584,0.6913406845394476,1.6283083442675164
666380.9092983624,-1446620.229242747,0.19752590986841678,0.24575851900249202
672267.871033997,-1458857.709640227,3.9011367199011726,4.830512303415098
672771.4237239334,-1454990.2712441678,4.148044107236689,4.274871518944803
662718.0227629794,-1443519.9218462626,2.2221664860196535,2.0090995098463793
667413.1418191278,-1447759.4857915184,0.24690738733551676,0.34594650459478515
666680.542073542,-1437599.0545857649,2.864125693092001,2.9152624146958317
667130.8631928228,-1463732.5360898613,7.456603097532618,8.189866126430896
670095.82038342,-1462139.3909860011,4.9381477467103405,6.407686828520086
666468.5204386312,-1437452.3219701014,1.7777331888157235,1.6469444083595821
661137.0267962038,-1458659.1239443552,0.9876295493420693,0.7678365829626337
661067.9574563522,-1441497.6364368075,27.011668174505587,27.482315580088564
662753.873212914,-1462637.899647696,2.222166486019658,3.2284292813500652
662131.3734581338,-1441268.0445606003,5.876395818585313,5.2517232947814385
662864.9266595743,-1450486.7398875458,6.913406845394481,6.803399991339396
662298.6285680032,-1453537.7155000216,3.2591775128288263,2.7687411610514316
661357.5322528826,-1458813.2824265086,7.012169800328691,9.265548724704013
666533.9729646594,-1459706.9940416121,8.444232646874692,9.171832359677273
664065.6688573579,-1451339.6448060456,3.851755242434068,3.8545740406415634
668336.2931905205,-1453320.9614086475,3.506084900164348,2.9238318841821336
661094.7138956299,-1451630.2457316648,1.1851554592104818,1.337330623393912
662938.5297723475,-1462605.4182229424,3.1604145578946206,4.354509265624978
661155.4549965584,-1452677.9711157652,6.320829115789242,5.847686464916702
659753.7578595297,-1448863.6321685591,4.740621836841932,3.247065079049258
661695.3965602613,-1445491.392057324,1.92587762121703,1.8128101393088887
671382.2213068446,-1448075.8688472132,2.814744215624893,3.6444347460198605
666285.8430998321,-1464012.746889051,0.7901036394736547,0.0989669496818184
672571.5742999851,-1453770.9040994542,7.901036394736551,8.118655916082327
665611.1070100041,-1448773.581459107,2.3209294409538614,1.0094458089666052
662483.3491300287,-1453505.648047912,11.407121294900897,10.420437185354896
667707.0871483327,-1437266.8084057793,1.7763568394002505e-15,1.049600089063384
670195.6650154527,-1457219.0346322688,4.296188539638,4.016243101622061
668629.0043821775,-1442510.6890569169,0.9382480718749671,1.2493361390564024
667453.2358213165,-1464754.7503077905,2.666599783223587,3.1889333749822755
666226.0290522887,-1458166.8164569014,6.864025367927383,7.042923624265574
668395.4694738281,-1452607.244014685,7.012169800328687,7.51727568468608
666445.1347222182,-1441662.3216902518,0.09876295493420834,0.10989085327572873
657130.1968650082,-1441484.0707963496,22.27104633766366,21.948867067022526
672386.8252192666,-1453802.724449555,7.604747529933928,7.86679439223913
666028.5467193292,-1445593.5697393592,1.6789702338815196,1.8262376331012165
667294.9999554632,-1464969.8995857085,0.34567034226972315,0.11731727955818672
662897.0140625446,-1461531.0855082306,5.629488431249795,9.17547560806529
666227.7654087411,-1441518.4635051102,27.06104965197269,26.33676256649555
664777.2593577723,-1437966.404655276,8.542995601808897,9.088565176983005
667730.7226282511,-1460585.0938278195,2.123403531085448,1.80370039956028
666925.7838658085,-1445685.0427332753,24.838883165953032,25.432265366291446
668771.5232879125,-1449421.2970261308,2.8147442156248967,2.7497167707744072
660101.0223022245,-1452744.9897042443,7.16031423273,5.35137705658293
661760.8497340911,-1455469.032785112,5.283818088980071,8.558238765463848
660619.7028422903,-1443838.0344357414,0.9876295493420679,0.1719325485332046
671242.8250151522,-1445921.2553827842,1.9752590986841367,2.170872086535466
659663.5364294321,-1442779.312704205,11.456502772368,11.17670801215218
661267.6016031818,-1463863.9296039618,4.049281152302486,4.727678670011211
673209.5408166548,-1462605.9121048427,0.9382480718749626,2.0622314626641334
669035.6323158308,-1452227.0620634626,6.370210593256346,5.7232008445782885
663946.7972378551,-1446208.9707760746,3.2097960353617223,4.395210969214494
669755.6096727995,-1462398.4596597664,6.370210593256344,7.343914521557039
669045.8866578457,-1456427.9897290757,0.6419592070723441,0.8040201913031533
663400.6445033259,-1441288.166921843,0.14814443240131148,1.430430562433651
668570.7009956228,-1448379.5030912603,2.0740220536183465,2.222689075630254
664204.6065082476,-1440763.647295551,2.4196923958880685,2.2522315487621345
662517.9255019843,-1438414.4942463478,1.777733188815724,2.451238979907963
664875.3414064712,-1456019.0457175593,4.049281152302482,5.818210059861329
665518.2364217726,-1460218.7924194313,1.0863925042762759,0.6238880958505728
662133.7308252672,-1440386.3965771222,3.654229332565654,3.201853968247297
674110.7680879163,-1462797.16637321,1.185155459210483,2.480228286628366
658814.2743138289,-1452100.7587406118,2.7159812606906897,0.8620377973402356
668885.8372815631,-1444404.5182119254,3.6048478550985563,4.192988497363497
662457.844074242,-1443185.7346932618,2.6172183057564826,1.8211917477227324
663887.2398821018,-1456411.985947824,17.2341356360191,17.06024592188983
669792.49279703,-1454263.8816282616,1.8764961437499323,0.8270524808708313
673897.626169493,-1462646.5419384646,2.320929440953863,2.0278509981648423
672874.3979687372,-1461600.2712351768,3.1110330804275215,5.162279053597523
666763.9659802133,-1456815.4230111744,4.4443329720393105,4.589548410966329
662881.691279005,-1444376.5774966236,2.074022053618345,1.619184322510855
668853.358730677,-1461592.9400684568,1.9752590986841407,2.134299459608467
670282.2663695144,-1453125.3145497232,9.431862196216755,11.920706402664603
662123.3881108994,-1457740.6080360855,2.3209294409538614,5.408538856275892
668020.3940198286,-1463770.4376360048,1.7283517113486195,1.5923791774430742
664041.6318700238,-1439912.4840268316,6.715880935526068,6.398106267640777
669003.6723518136,-1461383.8013052791,0.9876295493420715,1.5593162318208869
657821.8602250338,-1444212.4285694105,1.530825801480209,1.6011645139154829
662545.6119325631,-1448579.1253218534,2.61721830575648,2.4504554154936247
664825.114208197,-1461442.510205491,5.2344366115129635,6.568772928672079
658039.7379161036,-1447253.1267227002,0.8394851169407582,1.1241835683934411
672604.077114234,-1459868.449454973,4.0492811523024805,2.781693532396284
664076.0124595632,-1447070.4719517017,4.790003314309031,5.794875094388276
662455.4468506528,-1449292.2397650818,1.6295887564144134,1.8069522557987567
662245.5005212829,-1452649.8976511713,4.4443329720393105,4.8146192172369195
664102.4517418625,-1452218.2668991135,5.086292179111653,4.629007492417893
672016.7544351409,-1463023.745316905,5.3331995664471705,5.846121765876159
663804.5782671073,-1457303.7134373903,10.468873223025927,10.400559608207008
663673.1357137365,-1455175.0815356793,2.3703109184209676,2.85843068037385
663097.8498150411,-1452588.7856422225,5.481343998848484,5.362303844751312
670844.7692134717,-1448900.4504495307,6.765262412993174,6.240229291507358
666872.3176019662,-1460721.546680561,4.493714449506415,3.6488738898469713
668503.7583989126,-1464584.0171198505,7.555366052466824,6.7301511266228875
667036.0197491697,-1457657.880228804,18.419291095229585,18.622807838376524
662424.0231914134,-1458764.106820967,16.839083816282276,20.83246237838296
671402.235340745,-1459003.8782183616,8.444232646874688,8.878656439584216
669807.6071486444,-1460222.818492421,2.8641256930920003,3.219662180824062
660352.2441362138,-1453069.4572430395,0.6419592070723414,1.360211828306964
668319.2510074868,-1464617.320128339,15.604546879604687,13.799170757305127
668631.2446052544,-1459456.90186902,4.493714449506415,5.38542109299688
661972.508319458,-1450342.8647424858,0.6913406845394503,0.719403601849228
665186.7700620198,-1445809.2541693514,5.283818088980065,5.366624321350261
667569.1218497013,-1447545.323321734,0.7407221620065503,1.7570729017023297
672328.130537308,-1464052.9862292735,7.012169800328687,10.73073082256215
663726.5775224883,-1444084.3337388244,0.888866594407861,0.8821418806591713
673135.0886195889,-1463715.7532030698,9.036810376479929,15.290892641855228
671846.4654768521,-1456088.2722899818,1.925877621217034,1.5038610815339704
660605.4686547653,-1444713.9902885407,1.8271146662828277,2.7746689644769957
665002.5692344295,-1445844.2024129068,4.790003314309032,4.896938989080578
661051.6401271713,-1445715.1169262927,1.0370110268091732,0.10918476076043904
668893.233710974,-1439008.3755678763,1.0370110268091715,1.470555974323247
668951.0405718236,-1446182.7969864977,2.666599783223587,3.7181080343749286
667817.273183997,-1461851.8468867606,4.641858881907723,4.370272406028949
665884.0430936026,-1456779.100272147,7.85165491726945,9.435967182227387
670822.1550067865,-1462314.9995153574,7.456603097532618,8.746923955952544
662181.0024943233,-1447379.8481623412,2.074022053618343,1.6640000077434722
665248.8558343227,-1464230.947821415,4.493714449506413,4.986488249405475
669947.9687787397,-1444215.918246922,1.9752590986841376,2.6364031859027417
669110.4881094744,-1439155.319851262,10.271347313157523,13.425080160996721
660308.9208111838,-1459198.3644634183,5.925777296052417,6.630094977250802
670629.2821933241,-1455020.01648531,3.1604145578946223,5.930770248629966
669164.775899239,-1446333.9661574848,7.160314232729998,8.086836235414694
660952.2970078685,-1455843.9553768157,0.44443329720393,2.043060009161704
660789.8212586276,-1444679.8150116196,3.7036108100327585,2.479907197233496
663530.2079992942,-1442340.30319733,0.8888665944078653,0.3645930820654826
660867.0981504384,-1445748.2063510832,4.98752922417745,3.545830334172756
669286.224739227,-1440021.403096932,2.913507170559104,2.168269010399726
666150.7429288748,-1450843.518114096,4.049281152302483,4.164062591936427
664174.675319509,-1457243.7860744058,8.78990298914441,8.516253886904995
667553.3832211911,-1437476.6130722412,1.7283517113486173,2.272658899611926
661628.0853662954,-1454782.735318644,0.7901036394736565,0.8580993618732968
671362.4606860059,-1453118.5122165037,10.666399132894345,10.287627578692609
668383.2223631026,-1437154.5338316262,2.5678368282893818,4.197693608991216
662463.772300133,-1454413.2907529974,3.7529922874998647,3.3073265259266034
660014.045142614,-1440496.5288372803,2.4196923958880654,3.496535630327772
671919.7445635976,-1456962.5999472234,0.34567034226972293,0.11264278629802238
661460.8677069328,-1453911.9216640452,3.3085589902959303,0.9046430962430208
670902.2422552108,-1444719.3658348755,24.394449868749103,25.978508009715974
664571.3379329932,-1461109.9758186587,7.654129007401033,8.704617901062257
666674.9117922401,-1449610.1956194104,5.629488431249793,6.076072059913815
672133.1493317833,-1457105.8274568233,0.44443329720393354,0.025176093676509304
669635.515152735,-1437084.3072492108,3.0122701254933126,3.423439047901926
667554.8172255091,-1454851.7528697005,6.518355025657651,4.924683900312724
656951.6273988741,-1439182.8935300384,8.246706737006274,8.216472462713943
666525.6220845537,-1460975.652373722,2.7653627381577923,4.88542736663541
667368.7334001744,-1442509.6768505375,0.4938147746710362,0.7703871269213582
665324.6295169247,-1458099.700829505,14.76506176266393,13.167784092984899
665773.5938463424,-1439807.6442661341,2.419692395888072,2.322570002063438
660607.9069742516,-1455003.27608706,2.617218305756481,4.113863244613142
667914.3342257901,-1451433.4435188095,2.7159812606906915,3.3844141459438895
673061.2679516264,-1463011.9186471142,5.0862921791116555,8.655709831253475
666734.9551013483,-1461125.2983284954,5.530725476315585,7.116512034833332
660817.2220679584,-1461963.0039642248,5.481343998848484,6.362447282834488
668099.2020634161,-1446307.481534394,0.4444332972039273,0.21314890846728574
672636.1656933861,-1458787.2761390915,3.654229332565656,4.9304968872883554
664470.439808501,-1460438.657330113,0.7901036394736565,0.8629241418831608
660754.8816561475,-1449726.085461559,1.5308258014802076,1.9620835534131729
662768.806025445,-1460674.4177379915,1.086392504276274,2.5195833718868954
661645.8601166336,-1450617.0133881955,0.8394851169407627,1.0394287888582605
663583.686879192,-1460317.9426863021,3.506084900164348,8.392952843897941
659242.3906434989,-1447883.5699569546,3.703610810032756,3.153562682684058
667994.3770501208,-1456553.9279081575,8.345469691940485,7.376129718221007
668771.145947335,-1443171.1597674107,0.6913406845394521,1.5104556391897885
657926.0051834796,-1440939.5591319967,27.554864426643725,32.45857161139517
663921.0297200868,-1450303.6524866028,0.39505181973682646,0.18643328079032173
659465.4488947192,-1448031.5485143866,2.6665997832235866,1.6328149534424434
670955.5127714339,-1456049.7195987194,1.777733188815724,0.8805379502037995
660570.375014339,-1449759.415199606,2.024640576151241,2.704542857666459
657123.4042373425,-1442375.5117918001,0.7901036394736547,0.7238477671999781
666981.5524580406,-1456970.4199718381,6.468973548190552,6.701972097416298
666944.9280365076,-1461986.1458965172,5.629488431249795,5.953798099416639
668135.0901400745,-1445224.638338793,0.5925777296052437,0.9411828771075372
661696.7422149973,-1460834.2202648073,1.0863925042762794,0.15393020879878883
666461.558639344,-1452756.5486203877,0.09876295493420884,0.3570152498859205
663823.9347339671,-1462612.897424519,1.2345369366775838,2.481943211985488
667350.4498847635,-1463879.7062077294,12.937947096381105,12.721491048073634
659912.665334965,-1444680.0121845216,29.381979092926553,33.76503558390035
659689.1921473325,-1449776.5656908792,2.370310918420963,4.896334343178644
664390.3727587494,-1454338.0127783949,1.086392504276275,0.9256289165474527
662025.305441264,-1456866.5810671882,4.592477404440619,2.258289440215785
671881.9679115862,-1454801.710416594,0.8888665944078606,1.3633556412048762
662164.3214040354,-1451614.7118914616,0.3950518197368291,0.005832800078545475
662457.3259569163,-1442501.4868290133,1.5802072789473112,2.0757242616820193
659384.8784044331,-1448930.5409076302,1.728351711348619,0.7859155578223316
666669.5308206846,-1454870.0037457994,2.320929440953863,1.2891557362941555
663112.8803426111,-1445214.0499362838,25.33269794062407,21.92672062237279
659361.2934107019,-1441753.8880790062,4.345570017105106,2.8521861168050986
670128.8658985572,-1445266.4058026164,4.592477404440619,3.8155031395114456
662819.4821936763,-1456317.0747257625,3.9998996748353797,7.779731925331762
664569.4358389723,-1442188.8660381008,5.086292179111654,5.03540662509447
667234.5654305322,-1440767.600423451,2.2221664860196553,0.5815163428301338
663024.2129081201,-1440277.7408494144,6.962788322861587,7.195336174757434
671534.9985645653,-1447859.3646657153,5.234436611512964,5.406716869167008
671604.0895554898,-1460236.5455091689,2.271547963486757,0.20453740090901995
663758.112301453,-1444969.5267371847,1.3332998916117944,0.5329013320492901
658823.8723893929,-1449947.5664084419,6.814643890460275,7.160578344462441
667013.9474612726,-1440612.9030238274,29.38197909292655,24.673842126168918
662273.6117679707,-1442538.7020216058,0.4938147746710335,1.1375820175247568
660462.2207277091,-1441903.0677535099,0.14814443240131414,1.888724249225878
666971.6079986737,-1462677.1241161628,1.2345369366775891,2.9054633473223177
672756.1974541284,-1453738.4302912285,4.394951494572206,5.004023149045134
666409.2922603625,-1446805.3500760803,2.5184553508222765,2.8432420705623107
661019.4787441241,-1457592.7538748798,0.2469073873355212,2.558717456206236
666818.9025420488,-1462892.8987647854,0.19752590986841767,1.471317942083811
660955.5677754411,-1456922.6975644627,0.6913406845394476,1.8965138229201424
661234.2824211296,-1457745.7053245748,3.6048478550985514,0.581898607337866
664805.0643631639,-1462141.3792945466,3.950518197368277,4.0734671726747
660762.3531055618,-1450637.7223740253,1.1357739817433794,1.1861939414093117
662712.4629430876,-1461564.0541971247,4.888766269243245,8.871245354904364
667527.3831303528,-1443354.5521404874,2.6172183057564826,3.1375550999074453
670122.89667742,-1462324.872986001,4.148044107236688,5.585018107672868
671032.3278569768,-1445769.4424117468,1.6295887564144134,1.512871068276159
668806.018865315,-1460521.9990069792,3.407321945230139,4.220115663967327
666502.5857091309,-1447671.0630162852,2.0740220536183447,3.5743798087724663
662886.3617325863,-1438344.9623823024,2.419692395888066,2.9080808572216177
666497.0724786313,-1437637.619386768,4.987529224177445,4.6346402593621825
668021.8862039044,-1450324.3952598292,2.9135071705591074,3.2747427926767996
666120.7909875563,-1457110.3644709121,7.209695710197104,8.426988526756151
671973.6936489975,-1461057.621387993,2.271547963486757,2.7733104498603645
669929.6065907371,-1439891.803514834,0.6913406845394512,2.093986179223987
661322.1031295492,-1458629.161843175,2.024640576151243,1.7944092894875712
670007.0323729088,-1451201.6768342662,4.296188539638001,6.430894997200092
673055.00148129,-1455835.5929652206,1.9258776212170323,1.464179100802299
661886.7433403782,-1461942.995777146,2.5678368282893818,8.090713199265252
662908.9497703476,-1462420.2754729423,5.283818088980068,6.644470646520501
671677.1076905986,-1449786.4176138686,3.555466377631447,3.946942201763184
666307.3270564987,-1464198.681889051,1.1851554592104812,1.5301946970245002
662452.6417966954,-1453320.6844645785,12.295987889308762,11.404680624758068
668093.1888809418,-1439533.1986973293,24.888264643420136,24.250857210352674
660971.5667283977,-1452714.204361957,8.44423264687469,8.126130121510531
668975.2837252391,-1457508.9214046947,1.4814443240131006,0.8826157480165939
658490.4548899231,-1450202.9464289295,2.864125693091996,4.0827091214795
657455.9323558973,-1444293.8358873646,2.419692395888068,2.323784448558063
670741.0914629949,-1461251.1923926417,5.333199566447174,5.375294503713242
672413.8176772665,-1453988.162282888,3.851755242434068,4.038253579633692
659007.1018390898,-1440898.426717987,1.28391841414469,1.8950316938672964
665374.5178913542,-1441805.4470303734,0.6419592070723441,0.497755716259883
667268.1288674632,-1464784.3446690417,4.5924774044406185,4.846468812995131
666262.057656741,-1441702.7848384436,28.196823633716072,27.51975843384129
661563.9269124514,-1442490.5432367993,3.1604145578946206,2.419294518815976
663064.0383089402,-1456658.3911104675,3.7036108100327603,7.891421413564048
662851.889751795,-1449410.8454146883,7.456603097532621,6.578459821129519
672383.0347923632,-1462943.4033907817,1.6295887564144138,1.6586677189434482
666373.7262102275,-1457953.9264627763,0.34567034226972204,0.07888445586152137
658210.8716095231,-1448282.121650612,3.308558990295933,3.418591003102481
657638.9965613189,-1444253.6117389724,2.271547963486762,2.245894727879137
668810.8554139126,-1449604.592776131,3.012270125493309,2.7585368984202443
670475.1510836631,-1448963.577082919,5.382581043914273,4.792864476695732
660587.0404282903,-1443653.4145190748,1.5802072789473094,0.9600065256081667
664592.0554683534,-1437995.22874192,8.444232646874688,8.900235379284181
662640.1283046866,-1449259.9184134875,5.185055134045863,4.405667616649696
664835.6571000386,-1444826.6812049868,0.1481444324013106,0.6714898436950234
668535.1446834528,-1441251.7341038182,1.925877621217034,1.0394188298684268
663372.0721339926,-1441102.885671843,0.2962888648026194,0.9767451853787588
659477.448116321,-1442801.9777136848,7.357840142598413,7.200234725701117
667863.5605063621,-1462715.5093185753,27.851153291446348,30.599641548620962
662480.3180033176,-1438230.8239130145,1.432062846546001,2.2814361651474027
661081.7714700785,-1463887.6848438457,8.789902989144418,8.660107096931137
658412.3197139094,-1442842.629320929,26.320327489966136,33.55501252700777
670436.2160497227,-1453985.0480063688,11.555265727302206,14.972697237551793
663215.5295593827,-1441317.815065302,1.0370110268091732,2.3804932773276306
662496.8449062421,-1443369.053443262,3.4073219452301355,3.7908091198726623
668386.5702389905,-1448414.8769379233,2.8147442156248976,2.9456410954322454
669738.9182212144,-1438824.6670706533,29.283216137992344,29.386711213353934
669474.6902552537,-1460469.3970243186,1.185155459210483,1.7973756487154589
667199.5193252399,-1447608.098318243,0.2962888648026212,0.990759278228273
671167.1991027704,-1456202.6073990052,1.7777331888157253,2.7346589125893
658999.4405647796,-1452071.3005172503,3.308558990295934,0.09878182819945103
663215.9337687292,-1447160.7951355013,7.604747529933934,7.255252277957018
662642.423971646,-1443152.7931795958,5.530725476315585,5.187463157472404
663702.0593751913,-1456441.320998626,9.431862196216757,10.338752881415726
670774.7204626179,-1449795.712448573,8.641758556743104,8.345985247956312
672619.0592783955,-1460762.1839374192,0.7901036394736529,0.5853500686665996
667353.9619817946,-1447389.190958185,0.6419592070723432,1.2452511768033752
669608.0593686156,-1454297.5603295541,2.5678368282893835,0.3795048088861339
664728.9228186121,-1456237.212187996,10.27134731315752,11.8528692139014
664786.1712148488,-1443906.3872024913,3.901136719901173,3.3683272397993447
670486.2892199957,-1442836.859551234,2.2715479634867606,6.514210340649395
667199.3698561562,-1464101.0556731946,4.296188539638001,5.079452023124012
667986.7190998285,-1463585.991719338,2.2715479634867575,2.1784034104009367
661209.0284608704,-1459027.1396110216,6.96278832286159,8.716355610043372
666750.8697362465,-1459866.6524137456,7.703510484868137,8.772609114066178
663337.8093038477,-1453431.1387328045,7.703510484868137,6.703640145448311
669039.1138504803,-1461567.911305279,1.135773981743382,1.4903241183898794
658039.5210344834,-1445965.6833311967,3.4073219452301364,3.1794188640846386
661056.0720477311,-1464963.426933473,5.777632863651105,5.619000351296512
668742.7412852226,-1439228.1518155923,27.40671999424242,30.454830223959576
662209.6311452829,-1452465.8701511715,3.654229332565652,3.9211007276143643
672788.5760419974,-1459835.3182169069,3.7036108100327603,2.2800104040942166
673499.1378960849,-1460764.9790996443,7.752891962335243,8.308403327370671
671933.0843180679,-1450836.438113913,10.320728790624623,9.497228790506679
666715.1563073094,-1448909.2503584402,0.09876295493420884,2.32136393418072
656908.4546491388,-1441335.8760025648,4.296188539638002,3.4010318790591687
662024.7098185788,-1452496.7474600738,2.0740220536183465,1.8302185280931784
663989.6215371476,-1457273.74764944,9.53062515115096,9.474706964040177
671351.5245980782,-1458823.4093850283,2.3209294409538623,3.0421030564552964
671180.7691217927,-1463356.630360722,4.592477404440626,5.488123624248063
673683.3841098289,-1460730.2258205502,6.271447638322142,6.452587137062755
657057.0241176747,-1441116.3125463496,1.777733188815719,0.9936553036501738
670177.4890767164,-1447238.9741603571,0.0987629549342044,1.0286752060625912
664957.2847060307,-1458174.1985112503,3.7036108100327585,1.492133210497597
669542.0719212207,-1464334.5198121322,6.222066160855034,6.274860836720602
667577.8366880899,-1460802.9038518048,1.0863925042762759,1.0727435999351922
665802.6845244835,-1437647.1909403075,1.9752590986841359,2.803215072747996
668282.8198058401,-1451364.2674215103,2.4690738733551703,3.171245251625596
670389.5098194226,-1464251.6666340178,7.6047475299339276,9.05792882312219
660318.5810102138,-1452885.0104097063,4.839384791776135,3.4117934492061686
674112.6845441742,-1461568.3631071895,2.222166486019656,1.3933412084184056
668554.8044293791,-1449275.0407803804,3.752992287499864,3.658911325724322
665847.3062561195,-1450009.4055056092,2.8641256930919994,2.8569662565934255
671778.7651693749,-1449081.7728106389,3.654229332565653,3.680718051329908
660170.0161802246,-1453113.5731209111,3.999899674835378,1.7583183532531574
664410.1714354699,-1464500.1494227536,11.407121294900897,9.206032965327978
661827.4997314244,-1455838.0043684454,8.39485116940759,11.411612201587207
671683.2292524951,-1453767.4504488378,22.567335202466275,17.739957450681047
664417.24615617,-1440916.5269078356,2.9135071705591056,2.344659563020423
671821.1880588522,-1455902.487539982,4.4937144495064105,4.377977570384097
665665.5133056329,-1459995.7669133046,3.1110330804275197,2.3432315100618695
669855.0301353177,-1443170.2952950741,23.90063509407807,27.644669146451598
664262.9036382476,-1441134.0424622176,3.40732194523014,3.1277023605780325
664040.0492207243,-1456193.094559599,12.246606411841656,11.866567605582034
670186.006982621,-1440233.0773591371,0.049381477467106194,1.1081438060744127
674051.3483779163,-1462426.9230398766,1.0863925042762723,0.6215080010091896
657493.7042125957,-1442316.4198961286,0.9382480718749648,0.7982152422372335
669909.2569420731,-1444032.4709969219,1.2839184141446909,1.156510021402661
669076.9044014744,-1438970.870351262,14.814443240131034,14.293756264179931
669135.4259785723,-1446148.8043241515,6.0739217284537235,7.172556834429134
668000.5068438125,-1461812.145515304,2.074022053618343,2.011094876430142
660758.4570479608,-1444494.970344953,5.7282513861840005,5.048713432532851
665066.029214533,-1464272.253546427,4.641858881907721,3.549277904049829
669763.5091337347,-1444249.5421602752,6.518355025657655,7.243223631330757
660851.8072237049,-1463040.4894908043,11.999699024506139,11.196886824001567
660837.0594431051,-1445563.1391010834,6.27144763832214,5.155334888813814
672945.5922200705,-1461967.8681518435,2.617218305756481,0.28812670667689844
660767.1110837765,-1455873.0556142875,1.2345369366775838,0.5749044181603544
671328.1770113392,-1452934.1752165037,8.493614124341791,8.463004388413632
668263.3696455164,-1440403.0489843718,1.6789702338815153,1.2958993937969345
661422.2988722661,-1453728.4533307117,5.333199566447174,3.3073343877390133
661443.0812371855,-1454813.1584140237,0.4938147746710353,2.308443633510171
662322.9215425102,-1448429.960079133,3.012270125493308,2.943777511597327
664605.4436449932,-1461294.270901992,10.962687997696964,11.861334262270574
669614.6703953946,-1455367.7488204017,2.9628886480262047,4.919573533172845
672102.4701731165,-1456920.86937349,0.09876295493420795,0.26638002151310847
664573.9251210694,-1454299.7611885315,1.481444324013105,1.7971071641206722
664755.297374197,-1461074.201205491,4.296188539637999,6.034009899047218
662467.8978925631,-1448212.3633218533,5.728251386184001,5.694134447199753
659300.9316297898,-1453970.573093243,3.0616516029604135,3.809498919712551
672920.5933355056,-1456547.2697609682,3.308558990295929,3.330990549198974
656767.3016571916,-1439216.2963615125,1.2345369366775873,0.6878902297872465
666709.5950573484,-1460939.5945784952,3.506084900164341,5.40027810544282
663588.3900135591,-1461567.3509922794,4.938147746710346,2.0635099798247776
667188.1628592139,-1462827.815896161,5.481343998848484,7.330965210478318
665890.7979359473,-1462104.4447598553,1.0370110268091715,1.5725359760709061
671636.2472175309,-1459155.4588940302,7.012169800328693,7.298920334101805
667723.4630060454,-1448606.5040458825,4.345570017105102,5.156402581372877
672452.0614359411,-1458822.7187908026,1.7283517113486218,2.6956501736650873
664950.7722241611,-1449977.8997808867,2.7653627381577977,2.541392604969106
668022.912716121,-1456739.2135748242,7.950417872203657,7.196284081522034
661825.9497428772,-1450565.1293179176,0.987629549342071,1.1962716523231345
659426.5078540526,-1447848.17584772,5.28381808898007,4.539779633672267
670925.6043167671,-1455864.6431820525,5.876395818585311,8.070140966953169
671524.225893813,-1448750.0028353615,2.370310918420964,2.254300841326124
660540.7538043391,-1449574.2980329394,3.2591775128288267,4.439800089023231
668437.0531537253,-1460588.750229364,4.049281152302485,4.465932047314037
668167.2415554079,-1445409.330088793,1.0863925042762794,1.419367623308263
668206.5370325826,-1456701.5817359164,5.135673656578757,4.556751373324057
661666.629540878,-1443723.5442362258,4.888766269243241,5.296017737596178
664332.788123118,-1453051.9186785338,7.555366052466829,8.123465225170333
667314.6211780969,-1463695.7211243962,12.444132321710066,12.524163422364438
671603.4879293405,-1461116.2677436422,5.9751587735195155,6.454173372082531
658285.8189767015,-1443261.6923275648,3.6048478550985497,2.977418934353428
662885.0420821155,-1455616.9439012497,2.9135071705591002,0.2552801889013576
671165.370158519,-1452061.255842535,4.049281152302479,6.408358900890198
668410.1526872732,-1447329.306387119,2.6665997832235835,3.6845321020980757
672214.2674370251,-1452928.936792852,2.8147442156248985,3.5581230809211384
662315.4783080065,-1441233.5670597097,16.098361654275724,14.62809991872715
665063.5144870961,-1446214.1624129068,4.246807062170894,4.261015529416613
659504.8086678223,-1449810.3537459876,4.839384791776135,6.979513159657065
672686.4768034045,-1455904.3066342752,1.777733188815724,1.6511758458189343
661288.557614709,-1441645.2480939035,0.9876295493420693,1.0783784244810475
668963.7762903073,-1439376.614734543,2.2221664860196553,2.1773972369389756
670853.1973211591,-1455172.5506203538,3.5060849001643453,6.184655036555867
665937.5990936025,-1457150.2404388136,3.7036108100327603,4.8642960367834895
670277.4893773028,-1441093.9107056737,1.0863925042762754,1.6153195649336176
671697.9053302472,-1454837.3528703877,2.370310918420962,1.5447710080105965
664535.261753639,-1442004.512288101,1.1851554592104838,1.11636320001218
662992.3558267868,-1440092.9765994144,4.8393847917761414,5.039885593404393
671567.0014778986,-1448044.086082382,5.03691070164455,5.376773579415632
660260.6648531837,-1458826.561380085,3.802373764966968,4.118233647048716
671584.8240588233,-1460050.0790925021,4.098662629769585,1.8752112244682415
659175.6766187211,-1441779.8974410912,3.5554663776314497,1.862981907015806
661808.0370493949,-1456716.5575932683,1.0370110268091732,0.8486475897037913
662927.3495316629,-1445240.3515986456,31.406619669077788,29.165710402437504
663024.6080985734,-1451542.4960720432,11.012069475164068,11.838058656791656
658858.6156427263,-1450131.7544917753,7.901036394736549,8.34539629907421
663208.7962603497,-1440244.8347817268,7.012169800328689,7.052662110342313
661313.5068688767,-1452460.491926306,2.518455350822272,2.4362910182328297
669910.4503328487,-1445118.6937750252,0.09876295493420617,0.6174288421128749
660069.524098614,-1440867.361503947,0.9876295493420715,0.6050169595872832
666701.7205554157,-1442700.262400317,0.44443329720393,0.4236164506209912
671768.8962566082,-1460014.531602301,4.444332972039312,2.0272637010185726
666004.3476667474,-1458017.1474194266,7.950417872203655,8.47648423936755
658674.5532518903,-1450167.4485346104,4.246807062170893,5.086799951849105
667423.7524537649,-1446500.347769889,0.7407221620065485,0.03105110699615743
667497.5393121758,-1454481.2293697004,1.8764961437499306,0.7452847286269986
666253.9361866226,-1445740.7696237857,23.308057364472827,24.75933475872432
662683.3821164209,-1461378.8341971245,0.4444332972039273,3.996604452835502
667111.0563111033,-1445656.3155647996,2.9628886480262078,2.9492663985477825
671924.3382138049,-1448857.9513193434,0.8888665944078609,1.2539721239630532
661922.381223574,-1462829.0328997187,2.814744215624895,5.231150876627197
660945.3604285046,-1450597.5281397626,2.5184553508222742,2.774751887287972
668837.8367826485,-1460706.7753403126,0.4938147746710335,0.15387078607799687
671058.4236876436,-1445955.0275784135,2.765362738157793,2.9324067772912903
662848.7542339195,-1438161.292048969,2.074022053618343,2.7382780424610575
669099.1031172135,-1462441.9318107218,6.024540250986622,5.483412843707021
663798.2499880497,-1460473.8026642194,1.777733188815727,7.556758824908657
668055.4202945712,-1450508.8555931626,1.6295887564144138,1.9281426239750603
667712.3282377599,-1443323.8920423393,2.271547963486762,2.66116414018563
671942.5764369975,-1460872.7885546596,0.24690738733551498,0.6828082235264823
658477.7539421455,-1448921.450132904,2.962888648026208,2.1644906480484822
669964.3214660704,-1440076.0566815007,1.8764961437499323,0.6285692559321916
663642.6283438586,-1460688.2731863023,1.3826813690788988,5.975451329300213
670797.7911364674,-1456266.882609925,1.3826813690789006,0.2657261129444013
669972.3093013719,-1462549.8573545604,3.7036108100327567,5.053847148653812
662664.8757924774,-1438197.7936612272,1.6789702338815178,2.435059131755136
661604.1914982712,-1449545.2846504399,1.4320628465460006,2.5836497324344734
670559.2249101491,-1443888.0612985,2.0246405761512425,2.017332963041789
661841.6122250448,-1461761.0329438127,0.8394851169407573,3.719574425335381
668058.8567556085,-1439348.8831973292,24.838883165953035,24.19755585981603
661112.6223546888,-1440781.3770648565,21.08589087845317,22.68800807111393
659768.1831911361,-1444900.6163186724,0.9876295493420673,0.8253478145748242
671215.8491085474,-1447018.873684918,2.913507170559106,2.9887970608470407
673486.7337527538,-1459867.2803766085,1.9258776212170385,2.7074880706729125
669159.6867095083,-1457475.0125892316,0.19752590986841234,0.10188461240604418
659759.9143019991,-1450144.7740242125,4.839384791776141,3.8142929015021076
670419.9285880958,-1452909.9038157254,10.46887322302593,13.161748937602177
663319.8815282682,-1454346.301153584,8.888665944078623,7.57250478494675
661602.3342457848,-1442674.0580701325,5.530725476315586,4.893750579497647
663033.7744349402,-1456473.3521104674,0.24690738733551676,3.3786912196850665
664001.3666250759,-1445323.0365875221,2.2221664860196553,4.000252391871899
657678.2846426521,-1444436.9397389726,0.9382480718749697,0.8211720092003638
662411.4339837593,-1465596.929954729,0.5925777296052388,2.9168486432124823
661379.9654999073,-1442526.6242422862,3.9011367199011744,3.3682056308606203
662878.794992343,-1456687.3468090957,6.073921728453726,10.007071975223177
659524.2791753953,-1456111.1587498153,0.39505181973682646,1.7811827239864284
672394.4453860258,-1459715.1494886195,1.9752590986841412,3.6001116190099935
671057.264733111,-1457104.4951148692,0.9382480718749648,1.3883924533549923
659976.7937811001,-1446825.9644098328,5.9257772960524155,4.494520049230126
667165.3771878656,-1440399.0590901177,2.123403531085451,0.9606869867402708
662667.6060113533,-1449445.3700801542,6.814643890460276,5.981937712554748
658394.3862602167,-1448243.8390510934,4.296188539638002,4.028083537358351
666106.9690488434,-1439563.2684713332,2.962888648026209,3.567651253119693
662394.9691076623,-1452437.6464290263,1.827114666282824,2.1270981746830224
663814.6638014531,-1445340.216320518,2.814744215624895,4.469564659469102
667034.5069113404,-1463046.7732828294,0.14814443240131148,2.373533273443078
666441.9149028994,-1465261.3958143124,1.4814443240131032,1.3277001547354104
672296.5399446636,-1459042.997890227,0.3950518197368291,0.12867978235900157
661081.8428734574,-1457962.5117915464,3.308558990295933,1.063432092039906
663889.3376541316,-1455327.5895501422,2.715981260690688,2.8591412743687172
661636.6208072085,-1438522.44157108,2.2715479634867597,2.2527644629780994
663186.9571900493,-1441132.533815302,0.5925777296052424,1.9268079002727383
672737.9728926001,-1454805.8074108344,3.4567034226972417,3.798260921482644
668315.2498180906,-1441093.802959126,2.9628886480262038,2.578666033035012
660560.3405478748,-1453742.3157263293,2.1727850085525535,2.9601783336342518
659020.8228521128,-1452257.5582672502,3.0616516029604153,0.18482661462167904
660673.9902744275,-1461042.3875331585,18.46867257269669,18.821025857970703
662681.424803646,-1443336.111929596,0.4938147746710335,0.4245377101229906
658329.1058813757,-1441062.0045298482,23.11053145460441,27.75000835668874
660833.6095662285,-1451005.8647073586,1.0863925042762776,1.1828334935732863
669659.5328609667,-1460438.019925253,3.7036108100327585,3.956537227238834
667383.8965671279,-1447574.2835415183,0.24690738733551676,0.7303283535065717
661444.5956666649,-1448509.6971133118,0.44443329720393177,2.0014635068501363
669486.506854257,-1443239.1850823257,23.011768499670207,26.87384641360252
663441.573509729,-1447315.432313209,5.530725476315588,5.199821130705004
661172.455919537,-1458843.2445276882,8.049180827137866,10.292121431228951
662833.3463262409,-1450301.9685542122,3.9505181973682726,3.730035825427934
661394.1047942159,-1458997.1775098417,5.9257772960524155,7.689782903518434
666565.0822539928,-1459891.8791249455,8.197325259539173,9.057824271053223
663522.1293557524,-1453396.8206958945,5.382581043914276,4.443366172845572
661126.5911482966,-1451814.9208149984,1.185155459210486,1.3706190096162838
662965.7265650142,-1462790.9250562757,2.666599783223587,4.266600992204609
661182.3502065585,-1452863.527365765,3.75299228749986,2.8840307087124293
666250.4189778321,-1463828.8757223845,2.5184553508222773,1.5199438537373187
662515.5766720288,-1453690.3517979118,8.888665944078625,7.755211376984571
665966.6553089835,-1450879.0652835807,3.5554663776314475,3.675663820982165
671959.3763180678,-1451022.073447246,4.740621836841932,3.8788088762471915
667739.1872296659,-1437451.4984057792,0.5925777296052406,1.303694093974947
670890.6491331361,-1451045.1837169905,4.641858881907723,3.362896055680741
669983.2708762821,-1455298.7904864913,4.345570017105102,6.015294533689043
664024.4014524809,-1457457.985316107,10.814543565295654,10.822684450430376
668362.0882611615,-1452422.7580980184,6.468973548190553,6.976020034045725
673717.7420304955,-1460914.54157055,3.654229332565654,3.7166052328885666
657092.5547823415,-1441300.3917130162,4.493714449506412,3.8100460425188873
665646.4080961037,-1442824.8414963936,29.480742047860762,32.16151220521307
669580.3153805542,-1464518.0541454656,10.567636177960134,9.85606824304806
670419.1634000894,-1464436.781217351,5.9751587735195155,7.167792792792791
657241.3557716252,-1441082.0741110803,0.6913406845394503,1.1761632473020631
665815.5721047863,-1449824.6140056092,2.5678368282893835,2.5822424352214703
664748.4970257723,-1437781.1484052762,9.036810376479934,9.659205170274289
667762.3881769178,-1460769.887661153,4.493714449506412,4.3224050922860044
666897.0776978086,-1445499.8387332754,27.65362738157793,28.23339988019638
668738.3589559125,-1449236.8291094643,3.2591775128288276,3.1045073670410837
660136.3530542245,-1452929.1262875777,8.197325259539172,6.53032363076629
665784.2527083387,-1455911.4651840865,0.8888665944078635,3.1551176919665807
657848.4055919868,-1445294.6336205075,0.049381477467100865,0.36265702337634576
664902.524183372,-1445195.6468716534,0.5431962521381362,1.0139040925161762
665171.7885490435,-1458325.4046373316,4.444332972039314,2.537785912737487
660758.8804441979,-1454788.4285206678,1.3332998916117944,2.6552224381975913
659692.6603007654,-1442964.5333708718,11.75279163717062,11.412097657615652
665645.6140164747,-1437868.8944003368,5.530725476315586,6.126639669381401
673225.9205226549,-1462792.6920215096,3.950518197368279,5.880662057781571
670646.9866669623,-1454138.846699753,16.44403199654545,18.93230788144388
665999.182616141,-1449786.794085895,4.839384791776141,4.684412759360352
671498.734398494,-1453800.8295594268,5.382581043914276,6.445675169058834
668536.6764976227,-1448195.1381745934,4.7406218368419335,4.6998013374670675
669818.8261759845,-1442986.3360450743,3.0616516029604144,2.614832266970697
664232.6533009142,-1440949.008295551,2.370310918420966,2.165327864826203
665434.8346968789,-1437720.016305195,7.901036394736552,8.767143784335168
665482.174091106,-1460034.7957527647,1.2839184141446918,0.8223280008962064
661607.6817697735,-1455686.1316927974,5.086292179111655,8.394307827796837
663855.7509647683,-1456227.1566978241,6.518355025657656,6.741463463835504
664079.4134957519,-1441172.325768992,4.740621836841934,4.053252222953725
669202.3756848734,-1451498.688164333,4.592477404440622,4.3968556795357205
667838.0926263821,-1456770.038670861,2.9135071705591056,2.249838973307586
669724.797297068,-1444066.0949102752,3.2591775128288263,3.4503104240253544
670836.3632226179,-1450165.5925319064,0.24690738733551676,0.28706631946863403
662857.1819476716,-1444190.6971632903,1.4320628465460008,1.7579201923959697
660738.862332443,-1455687.7003642875,0.14814443240130792,1.7784711942440126
672584.6313832351,-1452871.291010769,4.98752922417745,4.874058853496798
658622.6879245255,-1442986.9022946164,9.382480718749653,9.18725953961828
670314.512296181,-1453309.6897163899,4.987529224177447,7.360161663944171
666716.7275659798,-1461824.0093862177,4.9875292241774485,5.800701058473281
661605.7569974838,-1453689.940563973,3.851755242434068,5.697580867836741
664789.403086197,-1461258.4962888244,7.604747529933929,9.190726260255534
664118.0194208967,-1447253.2039517015,3.0122701254933113,3.7033732845420495
667568.9932635057,-1459549.3249502368,4.148044107236691,4.436033277810394
661945.1939981969,-1451457.4983889153,1.6789702338815147,1.3308682414583863
666332.4795510808,-1442765.624974756,1.7777331888157222,1.6013560507458768
667155.9783625472,-1462643.132229494,4.987529224177454,6.256740716632454
663065.5769870409,-1452404.0878922225,11.110832430098274,11.386492996848181
665185.6682956906,-1465320.0646660267,15.653928357071795,15.354515438464654
662692.43123893,-1448367.0564092915,4.592477404440621,4.361872828100399
666642.089641976,-1448541.4498584403,0.39505181973682646,3.01225316720188
666894.2822692995,-1460907.746930561,0.19752590986841057,1.4976269979139065
670878.2990834716,-1449084.9242828642,5.678869908716898,5.055314740661748
668781.3162607711,-1437272.8732319376,0.7901036394736565,2.6588483547615596
667072.499374503,-1457841.795478804,17.82671336562434,18.00584948621516
666075.1154739036,-1462071.710634268,3.259177512828831,2.8579008312674823
656618.9838335089,-1439425.9122109064,4.345570017105102,3.3814190592808258
671451.0901307449,-1459184.7398850285,6.4689735481905535,6.822027037586221
667538.9941705845,-1448640.0622826423,1.728351711348619,3.1515086336542453
671111.2762904593,-1462988.2934440551,9.826914015953584,11.843694566902938
670690.6379328053,-1441922.7071223743,30.567134552137034,32.17310366303178
659725.6000915641,-1443830.039026692,1.925877621217026,1.6070297744283053
669418.5728014823,-1448063.7897115871,0.24690738733551854,2.008919633131332
671557.3380604796,-1448934.4956686948,0.7407221620065503,0.8867742985403488
668349.4776734868,-1464802.314378339,8.592377079275995,6.317734028757312
662008.8813621246,-1450526.7953258192,2.5184553508222782,2.6936190303424294
666834.6960906645,-1455739.901954281,7.752891962335239,6.291435626604439
668750.8286549241,-1454511.2043571714,0.39505181973682646,2.527789880602448
658027.9240835963,-1439157.788992831,8.938047421545724,7.878440784618146
671708.1205020417,-1448713.6065606386,2.6665997832235844,2.655921332261406
667685.6895296025,-1450571.4160013986,3.012270125493308,3.39853681271167
671572.3707173404,-1460931.4349103088,3.9505181973682735,4.363671145748649
668621.3704454266,-1460554.4505347372,2.1727850085525526,2.6807815786351012
671756.4894111617,-1454135.1993655046,27.75239033651214,23.641407414371276
662852.7943361155,-1455432.302817916,1.1357739817433767,1.9082821224705029
663750.9025218217,-1444270.2362388244,1.0863925042762757,1.074607723711896
671134.0201631857,-1451876.4010092015,4.493714449506411,7.136197136197135
670333.765996025,-1440013.5518681193,0.9382480718749644,1.8277286042647765
668440.4274352733,-1447514.3135537857,3.5060849001643444,4.108392867375424
670727.5544245848,-1460365.0297219495,3.308558990295934,4.036899831521907
671788.1596960921,-1461084.542773882,2.074022053618343,2.004261123202024
666356.0486211838,-1447888.6552065306,3.3579404677630347,4.828057470345916
665032.5559457629,-1446029.27324624,4.888766269243241,4.911180750028472
662700.7204254095,-1455651.1472443985,2.370310918420964,5.143852534110879
671349.9055579796,-1452028.265462168,3.9998996748353797,6.030151225884861
669914.1142818388,-1449952.8435832812,1.5802072789473138,1.8751432322337722
670115.0348599543,-1439864.8699424705,2.7653627381577977,3.8390366207571303
665911.710006936,-1456964.54485548,7.259077187664207,9.079526807420464
668593.8828022511,-1447292.0106898241,3.1604145578946197,4.242082371944271
663935.7967157776,-1444239.1398760646,0.1975259098684126,0.21808682601436952
670970.9141459486,-1444004.0001161012,23.50558327434124,25.029860368018355
660285.901390517,-1459012.3167967517,6.71588093552607,7.304163035869016
670668.2589026573,-1455203.40548531,3.407321945230139,6.381604624325472
662968.6067403296,-1445423.2453486454,26.122801580097722,24.35083154083619
660822.1724692942,-1444864.498594953,5.678869908716897,4.9064467727779615
659735.4920145841,-1450852.8387316181,1.382681369078897,1.8160023240642538
670336.772924152,-1459154.3013701797,2.0246405761512407,1.9520028796303968
670164.5954342983,-1450983.959523663,2.0246405761512403,1.312104673406525
661657.3766818112,-1461795.6570633338,0.7407221620065503,5.281146957187152
669420.7895657092,-1463454.7688912083,4.64185888190772,4.092329337323845
663176.9391790164,-1440060.0705317268,4.888766269243243,4.897211528989272
662742.9980757961,-1445274.355227607,2.5678368282893786,2.5185065050813145
666127.850706982,-1453006.5626869132,4.4443329720393105,4.9269066895782405
663690.8042695657,-1454291.8557695644,6.715880935526073,5.720402727479529
671745.5661706083,-1459828.5889356341,9.58000662861807,7.649111999099535
658717.4607832237,-1450349.8417846104,4.296188539637999,4.840218167159627
667461.7037050982,-1446683.9250198891,0.88886659440786,0.04124168036139153
658910.6592482931,-1451203.2737964927,1.0863925042762759,1.22013820735358
667525.2182708425,-1454666.6523697004,6.5183550256576535,5.056277056277053
665736.9668043423,-1439623.766266134,3.1604145578946197,3.609481605022915
668381.951705174,-1454577.630685994,2.0740220536183447,1.5101906914651533
669442.6791792393,-1453434.3677908569,0.8394851169407556,1.5223896104427634
659926.0840984255,-1456228.6990878668,1.2839184141446918,2.458583883318285
661880.8325915742,-1462646.231233052,3.9505181973682717,6.736500606189985
659708.8396292429,-1456078.1579273534,2.024640576151242,3.319822484652043
662106.9561771573,-1462796.0517357334,2.123403531085449,4.507943278462577
666495.529715545,-1443602.752557233,1.6789702338815173,2.0212935325215513
665008.3702951187,-1452112.0220278958,11.06145095263117,10.981089158282407
665670.1434579727,-1447879.1493896404,2.320929440953863,1.8518990676794091
663613.0878818587,-1460503.1173529688,3.3579404677630382,8.53174354095006
670482.2381228475,-1448076.7285426047,4.888766269243243,5.369561940114373
657959.4178901463,-1441124.0215486633,27.011668174505584,31.61285879339274
668804.9696153351,-1443355.5715174107,0.8888665944078671,1.859529840581935
661570.7301222712,-1449360.8043171065,1.827114666282828,3.323561346363002
669511.4016775787,-1459547.3166307155,5.185055134045864,4.908955233708481
666116.4513038844,-1462970.7798649957,4.74062183684193,4.744964098238269
663884.1100107536,-1450119.8277366026,0.049381477467106194,0.3690669108399369
670982.5823901005,-1456235.250765386,0.4938147746710362,0.6977144317879844
660604.647724339,-1449943.7293662727,1.0863925042762772,0.5889012390984707
661456.9945432902,-1443573.5952147099,1.6295887564144156,1.469392690518049
661419.5808817898,-1449577.8979749475,1.777733188815727,2.7918520376106892
657086.1393600092,-1442191.7677084669,2.715981260690691,2.6340825072197958
659728.9140278028,-1444717.2942353392,28.44373102105159,32.916350640055796
663072.043325526,-1447378.3654184516,4.049281152302486,3.6269070858576535
663247.1939845912,-1465401.1957206586,2.765362738157794,3.8665634929345494
659951.9344982983,-1444863.3342678552,0.04938147746710214,0.02333712926973197
659722.6963126657,-1449961.0396908792,1.8764961437499297,4.259257357670078
671400.885203046,-1446988.82987198,2.074022053618343,1.7553223192891698
673670.8701236352,-1459832.5455881692,1.7283517113486244,3.2521479157234303
671912.7975395862,-1454986.6456665942,0.6419592070723483,0.4583365991410785
663354.0574849348,-1454530.658153584,4.148044107236691,2.952757417797315
665586.6442506835,-1454859.9936960782,9.530625151150966,6.828143082559023
665265.0950821708,-1453131.2283766195,4.345570017105103,4.342669284590455
659396.2690407019,-1441938.087495673,7.9504178722036585,6.64211149887027
661512.4571059749,-1447616.3792029044,2.4196923958880694,4.004450049702896
661418.3728332405,-1442710.1390756196,6.27144763832214,5.8426616915422915
668851.1964342936,-1445320.2491525155,0.5431962521381379,0.02496784515351802
663056.7689947868,-1440462.3848494142,7.99979934967076,8.05263186546766
671028.3636064443,-1456919.2386148693,0.3950518197368269,0.7984821716820214
662062.7569434296,-1445416.1608814502,0.987629549342065,0.912902388687169
671500.6641058987,-1447675.0404990485,3.604847855098554,3.807758916565462
662949.7395939068,-1451175.0796553765,8.641758556743103,9.399735381554756
661196.7057208687,-1442566.1679480327,3.752992287499861,3.434855458652182
663786.2523021197,-1445154.888820518,0.2962888648026212,0.7790518758494733
662252.7100153042,-1442352.4322716058,0.8394851169407609,0.6254903356046171
666980.2135892725,-1440428.4721071608,25.875894192762207,21.311874692173426
671243.1095437522,-1457080.0418389384,0.24690738733552076,0.7510573442284882
661367.1017422101,-1452831.6317596394,0.9382480718749693,1.5438111998895074
661049.5664987906,-1457777.820208213,1.1851554592104838,1.5303298138327515
659101.1106809413,-1445066.3707442118,0.049381477467104196,0.37406041340765306
661266.5587957964,-1457930.3969079084,5.7282513861840005,3.1756605132105236
668177.529625607,-1452455.7708187122,9.333099241282556,9.775539059198797
658326.1582793926,-1441965.7719652099,26.468471922367446,31.853153677225073
660797.836900895,-1450821.8210406918,0.5431962521381379,0.5878419743965964
662744.1149410876,-1461748.8502804579,3.4073219452301373,6.610818469160993
660496.484868383,-1461102.6380641216,3.604847855098555,5.376913570758147
665632.1737071079,-1449863.5862203394,3.4567034226972417,3.4607942429856546
661016.6168891713,-1450965.670473096,2.567836828289376,2.778112335123998
669450.3028949236,-1443055.2258323259,3.950518197368277,3.3856549998197725
668775.0345719818,-1460337.0804236461,4.641858881907724,5.368256025751899
659897.385904752,-1457122.6330811195,0.6419592070723432,1.8265234202864526
661628.9452137423,-1448475.6330489404,2.2715479634867615,4.251400276176057
669671.0711289458,-1443206.4940385062,25.974657147696416,29.466236310088178
669912.7700480386,-1462179.729187894,6.6171179805918605,7.956591646317207
665289.7648993159,-1440903.7403725062,4.7406218368419335,4.478014826223388
670032.3731189088,-1451387.4510009328,9.28371776381545,12.268307289659422
674266.3986091432,-1462578.8859483679,0.2962888648026212,1.3859776636733816
673025.3837299566,-1455650.4786318874,1.33329989161179,0.9539821624882978
665930.6572216502,-1450695.0642002472,3.604847855098552,3.6579376211874486
662512.2589713903,-1444440.599188486,0.5431962521381379,0.3237946610137836
661054.217894689,-1440411.0834815232,7.703510484868137,7.028485596935305
670850.1674218029,-1450862.1468836572,1.8271146662828244,0.633920548717871
668943.3613499056,-1457324.1741546947,1.6295887564144156,1.7363118477139512
664319.9859672666,-1465391.2032035175,2.6172183057564817,1.1925597506011583
670650.8315831438,-1453056.236295729,0.3950518197368247,2.5028912997225383
665915.4220485354,-1444912.1709299106,0.34567034226972515,0.4703852114479661
668389.9051464424,-1463706.8307587234,0.09876295493420639,0.17961677386934227
669798.9518412079,-1455333.1710269668,0.39505181973682646,2.7070200579388164
661203.8375724072,-1453582.6076324894,4.888766269243245,4.507943196590713
670707.8970076616,-1461066.6621426416,1.481444324013104,1.6790718989686297
659037.5615064232,-1441083.424717987,1.1357739817433785,1.8631235462429254
665675.4160567702,-1443010.00241306,2.8147442156248985,2.0358681858898144
657276.8864362919,-1441266.1532777469,2.024640576151243,1.6402274915666504
657601.0847306522,-1444070.0271556391,1.234536936677591,1.2749744434530736
658169.7189441898,-1448099.2016506118,1.481444324013105,2.377618125241858
660995.4730061118,-1446617.6271118913,4.049281152302483,3.251030240382642
670508.6809536631,-1449148.0509162522,4.296188539637997,3.6079499258501215
665554.1047960164,-1465250.435443589,9.086191853947037,9.047731240639518
664563.2931363535,-1437809.9724919202,8.938047421545722,9.470875372575465
666585.0068839751,-1465047.3018218493,4.296188539638001,3.9726027397260264
663722.0923316344,-1443016.5445024748,1.7763568394002505e-15,0.2448613685195049
664868.1405973721,-1445011.3342049867,0.1975259098684159,0.2772545396919197
668569.2834741194,-1441436.0836871515,0.3950518197368247,0.7004111100664998
670620.996749629,-1453953.3540330864,15.55516540213759,18.229885057471265
665708.1284174783,-1462146.2784947539,2.469073873355171,0.8892175784069618
658033.5349390556,-1445265.1140446519,1.4320628465459988,1.7597110279654622
666369.3217742328,-1464893.9629809791,2.469073873355171,1.6001363108335305
664258.3114687331,-1452004.9272843145,4.197425584703794,4.24957041559609
673516.5446124899,-1458795.5259343046,1.4814443240131059,4.025396825396827
659506.5719876543,-1442987.1983803515,7.654129007401034,7.4356243711645895
665461.7327368788,-1437905.5384718615,8.740521511677311,9.245820351656725
661054.267837412,-1463702.2165938457,5.925777296052417,5.788421329467121
670462.2059670561,-1454170.5406730352,12.444132321710068,15.675120061524408
660803.6598065402,-1443802.0089615937,4.148044107236691,3.609958783126607
664049.1631584186,-1440987.2916023254,1.0370110268091715,1.2397780024505103
667102.862607897,-1441465.567824983,1.1357739817433816,1.489415299258567
669437.9148752536,-1460285.5759409852,1.1357739817433767,1.8362827200421918
658978.5321934463,-1451884.9940172504,3.950518197368277,0.9239030804249992
659119.4707760771,-1447024.7573779784,6.765262412993173,5.3514681297645135
670805.6439319511,-1449980.6361152397,1.0863925042762776,1.051317278257855
663670.570457858,-1456256.491748626,1.2839184141446882,0.019970423361398204
672660.1064443954,-1460945.1079374193,3.4073219452301373,5.012834566549607
664691.0938599454,-1456053.5927713292,5.777632863651103,7.319948978956003
669575.5763312823,-1454112.8966628877,2.7159812606906932,0.33811820146643257
669018.4366065739,-1451534.7637581644,3.7529922874998647,3.697899466665839
664817.2035528489,-1444091.2989524913,2.4690738733551725,1.9308059700868356
661511.5677866649,-1448878.6634466453,1.5308258014802076,0.6295720434575687
670989.3228968536,-1449943.1702601446,1.0863925042762776,1.315672295668774
658439.913714576,-1443028.080820929,5.43196252138138,4.712777088781018
663303.6782598477,-1453246.7790661377,5.777632863651103,4.8400078541190155
663566.2467282763,-1444302.7403176997,3.0122701254933117,3.28421638736224
660076.8149692924,-1458863.2838769592,3.3579404677630365,3.807465202506945
666318.5645742145,-1440614.2179410413,5.678869908716894,4.648073819010562
665395.2418482169,-1464002.8342788597,4.790003314309034,4.886542267403348
667384.3856093504,-1459581.9433534439,4.296188539638002,2.728442801258523
671904.0163594012,-1450651.2215305795,9.333099241282552,7.512156892809212
666679.2625193094,-1448725.2241917737,0.2962888648026212,2.646318254654229
668752.0878007711,-1437087.6810652711,2.8147442156248985,4.6303926299524
662060.5791945787,-1452680.7749600739,1.2839184141446873,0.9367000384706232
660505.8145900759,-1447818.1447032266,1.0863925042762732,2.3003345951848537
666517.2082213021,-1442733.5512999198,1.5802072789473094,1.5248083006021669
663955.1801618143,-1457089.4442327735,10.666399132894345,10.487677676621232
667571.5474205844,-1448824.703949309,1.4320628465460015,0.17096914487748371
663917.0232798713,-1452246.030456179,3.3085589902959294,3.2280147358735967
662681.4649722892,-1454561.7602315005,11.802173114637725,11.062573448621428
671149.1705777927,-1463171.9022773886,7.555366052466827,9.377012513136949
673650.2749444956,-1460545.6925705501,8.839284466611522,9.465895995801135
667894.137917174,-1454599.7300193273,7.0121698003286905,4.376714070439609
666494.1083919995,-1448754.6982709644,0.6913406845394494,2.8496697153472077
659692.6171755642,-1443645.4896100252,25.13517203075565,24.635502386996848
667354.2472424073,-1448671.9590834458,3.357940467763031,4.749107417852042
663294.0684555939,-1464329.2044260832,4.098662629769587,7.596937216588733
671741.2326687083,-1448898.0993939722,1.0370110268091706,1.288394789475631
667709.8611577363,-1454634.222761188,7.259077187664207,5.377938517179023
668653.1883627598,-1460739.2268680707,1.72835171134862,1.385463299254229
666650.4792552281,-1455774.6047162851,7.16031423273,4.9292013037111335
668566.0578462969,-1454542.2987137819,0.9382480718749662,1.9208600744318733
665107.8114210435,-1457955.9733039984,11.75279163717062,8.78717235519629
669249.2948858712,-1452378.3133999927,3.5060849001643444,2.0980902254531006
671718.8936238284,-1453951.5166988377,25.233934985689864,20.790804908308164
665378.459686693,-1452051.7233937664,8.542995601808896,8.408898935242211
671757.0424840922,-1460899.7099405485,0.049381477467100865,0.08624110313185795
671571.9945571607,-1454168.5784760935,0.19752590986841279,0.544225205368605
662668.4726794095,-1455466.506161065,4.148044107236688,6.796854467680024
670149.7497352876,-1440049.1231091372,0.19752590986841412,1.1164811856009518
664620.0720624513,-1460219.3863765618,5.185055134045864,6.095917466790265
671318.5555626462,-1451843.4106288347,4.444332972039312,6.757989461191798
660639.8475404312,-1448865.248547153,1.7763568394002505e-15,1.5422422535714562
667901.9045956922,-1450724.2844439945,1.530825801480205,1.84120032466285
660552.2906124268,-1442790.9401526686,6.172684683387928,4.283379625473014
669718.3825038702,-1456238.2768568872,1.4814443240131006,2.0734374781449403
657456.4393352624,-1442132.6758127953,2.864125693092001,2.708449982257051
663911.4717164442,-1444053.2373760645,0.39505181973682724,0.41055266906709426
660822.237853705,-1462855.352157471,7.308458665131311,6.93212176991248
670371.1539228186,-1459338.6137868464,4.148044107236689,4.250471369295736
670786.2239948079,-1444036.1647790913,23.505583274341245,24.90888730161434
661618.9152364777,-1461612.266813334,2.2221664860196597,1.3232613258371604
660470.4315461643,-1458979.2226348757,8.789902989144416,9.38812943626164
669903.0623162598,-1456205.8909541103,1.3332998916117922,1.8460710080599245
660797.3821271097,-1456058.0818642876,1.6295887564144111,0.18809502653757715
662784.2552844628,-1445457.248977607,7.851654917269445,7.333385366682633
666092.7184169821,-1452822.3885202466,0.4938147746710335,0.8566938436098459
667843.9574808811,-1439199.2306220366,3.1604145578946206,3.3871638264629107
669237.3544660504,-1463493.3371678025,2.7653627381577954,2.850753749317418
663724.9802262324,-1454476.2127695642,1.9752590986841412,1.1006553603300944
666312.7027017535,-1452976.5949251326,4.5924774044406185,5.141157316169387
661006.5683513312,-1462821.076626352,4.444332972039314,3.9347131846727983
669580.7799767279,-1455183.3422370683,3.9505181973682753,5.628558081787038
664908.2972031496,-1451046.4480745532,9.382480718749656,9.523168128763963
663505.7230196455,-1454321.554782296,8.740521511677313,7.680373973495847
659906.6494168451,-1449924.923295462,3.456703422697241,5.534753533772184
664549.7624510694,-1454113.9626885315,2.320929440953862,2.596512865977917
669421.957912945,-1441985.297819647,1.4320628465459986,1.7584810069580525
661109.6569314911,-1447499.494983394,1.4320628465459988,3.600343955715105
659094.885743411,-1451168.5008083065,2.666599783223587,2.736707665928794
662619.211993359,-1442273.540910577,1.0370110268091715,2.200741904136123
667532.8897187787,-1452695.5628111756,2.2221664860196526,1.6971569670385867
662289.2965260961,-1446667.5458467617,3.407321945230139,3.561609405611659
659741.7074612428,-1456262.7533440199,0.6419592070723459,1.8297323386745443
667384.1053088517,-1440553.119302127,6.9134068453944835,5.420521693960932
662065.4075451575,-1462613.2500690669,3.259177512828826,6.013293008025364
667218.8772752138,-1463012.7813961608,3.901136719901176,5.724810642753214
665861.141606614,-1461919.3602598552,3.8023737649669656,4.181288326957517
658730.8344759312,-1445125.035845066,0.34567034226972315,0.01733002991657262
666846.1110619712,-1439740.0406453302,2.715981260690687,2.6808965850538256
667691.2490467122,-1448421.8084625492,4.098662629769585,4.650183287005971
665958.9237110851,-1439779.4165202994,3.111033080427518,2.9175961694407055
666529.233295545,-1443787.1679738997,1.530825801480205,2.052459715672284
672480.7303466079,-1459008.0070408026,2.56783682828938,2.2635419121090123
664975.4143837853,-1451927.5739445623,8.296088214473377,8.482843304854763
664977.0532668278,-1450163.5268642202,0.8888665944078653,0.9966668861966728
670451.6470328474,-1447891.7539592714,3.4073219452301386,4.386892506572699
666680.6008189626,-1443572.7037974922,1.4320628465460006,1.8432370772533138
665581.2057145184,-1453787.6998211844,1.925877621217034,1.8454264073220878
670053.8270329095,-1446167.829264911,4.098662629769586,3.809217290853284
660864.6455143013,-1457808.3443214456,1.481444324013105,1.3023222585164698
666148.9566785512,-1463155.3392816624,2.7159812606906897,3.3440569034883367
661860.6129088772,-1450749.395651251,2.617218305756482,2.82414319115113
669478.1519674822,-1448434.0185449207,1.7283517113486235,0.743808808569641
668485.1186555561,-1459689.5767581954,0.5431962521381379,0.5241927113576672
670297.5593282012,-1448108.8857530053,4.394951494572206,4.964978190965353
665931.8932407862,-1463003.837542119,6.073921728453724,5.076157064967722
668178.0013665826,-1456516.2960692495,5.5307254763155855,4.73659701002303
661259.6249380456,-1448540.3477865783,0.4938147746710353,2.7229177206876836
661641.0184588779,-1443537.8257362256,1.9752590986841376,1.8474698155476759
658110.3571430789,-1440905.8216318325,27.801771813979244,32.658521032288185
672111.7558003061,-1463899.7391982046,7.110932755262896,10.163433800537447
661276.6952625534,-1465111.3885778878,6.41959207072345,6.009772907241322
670663.9543485849,-1459995.4828052828,4.740621836841932,3.5142429557081174
672175.7355596918,-1452745.4587095184,2.123403531085451,2.8664553205278125
659538.3128331555,-1449994.8277459876,4.345570017105102,6.342436174148499
665232.9272081708,-1452946.5278766197,7.407221620065518,7.59450657337257
672656.8590520713,-1455719.1923009418,1.1851554592104816,1.140978907504933
662389.4168686214,-1447522.553151121,3.111033080427516,2.6378479410661093
661251.8669513756,-1441461.3776772367,30.96218637187386,31.116042061425514
669973.2434858388,-1450323.1514166147,0.790103639473652,0.4121785243040996
670241.0675019696,-1440909.9886223404,1.0863925042762737,1.5628874564191229
671728.7349582472,-1455022.2881203876,3.901136719901171,3.3664632483565513
665450.8402461857,-1453105.732562905,2.6172183057564835,2.4912912677634793
662104.0729854295,-1445599.0101314501,3.308558990295933,3.274622877862139
659210.6522487211,-1441964.0968577578,7.160314232730002,5.652907289080978
662890.2961989962,-1445056.6440153122,31.01156784934096,28.74525762243375
662987.4946805735,-1451358.727572043,1.3332998916117926,1.2218373839883205
660910.2787273217,-1451663.844915744,0.24690738733551898,0.07564904550311402
661235.113054202,-1442749.6827813662,6.123303205920827,5.909311519333853
671214.2084170855,-1456894.7853389382,0.2962888648026172,0.16114706255551736
661340.2065322101,-1452646.0755096395,1.6295887564144131,1.4198445563147648
661879.2472808952,-1445454.6082385443,0.2962888648026189,0.2678881294592047
666670.276054749,-1442515.4514003173,2.172785008552553,2.27250834018478
658966.1629846019,-1445966.5701689073,9.036810376479929,8.430444223021809
671788.161753275,-1460200.9980189675,2.6172183057564844,0.356589877459351
663171.7243760715,-1451323.9586650177,2.9628886480262056,3.08009042944772
658639.809998557,-1449983.2604512773,3.160414557894619,3.9019819972373373
664796.4688325848,-1443031.9853653181,26.863523742104277,28.206911420643653
668210.9108382736,-1452640.2567353789,9.87629549342069,10.316794709839153
662007.2164871967,-1463914.2316498703,8.98742889901283,13.393494100372862
667574.8218684327,-1442664.775762157,0.24690738733551854,0.31972438185972596
666892.9698122325,-1451733.6700212155,0.4444332972039309,1.7234668844371228
667082.3501431033,-1445471.1115647997,0.14814443240131048,0.14813188464284532
663214.9247152635,-1458210.5512355377,6.518355025657654,8.71247046836973
658141.2712092674,-1441996.8827321157,26.616616354768755,31.94657927296203
659859.8982637587,-1455859.5886712002,2.715981260690689,4.0013750182192975
657662.7411378939,-1445320.7134289169,1.7283517113486235,1.070460472883294
660980.8442238378,-1450781.6268064291,4.197425584703792,4.54878780309388
660434.7286911046,-1443868.5157004162,1.33329989161179,2.2412295516157004
669634.8671696124,-1443022.534788506,0.9876295493420693,0.7932651033341163
664141.1239507757,-1458516.0445896536,6.567736503124758,7.506432887725406
668231.3809213323,-1462644.329179736,27.1598126069069,29.81481706212835
667470.5601028407,-1441392.5985331899,1.8271146662828301,2.2070579545350246
659995.354038063,-1457980.731664366,3.950518197368279,6.061197440803439
669939.8463420386,-1462365.211187894,5.827014341118208,7.133922925469989
668754.6983639728,-1448343.4434154432,2.765362738157793,2.9154940138312853
662702.483291144,-1438381.4639945605,2.0246405761512407,2.604861946515696
661640.3355802712,-1449729.2470671064,0.3456703422697247,0.1870418528238309
669451.1325989121,-1459177.2083807157,0.6913406845394481,0.9430159952349375
666837.9697667276,-1450849.0497580785,28.443731021051587,31.338659890113288
670230.8583722127,-1452036.317285169,6.518355025657652,10.762156378652064
661080.7033540222,-1440596.6772315232,20.098261329111104,21.61122405827116
659803.3102731361,-1445084.7398186726,1.4320628465460006,1.986903625213991
663972.02822402,-1462397.3863407096,5.678869908716898,7.116301682729916
664291.3391379332,-1465205.9062035177,1.7283517113486209,3.3710353599200866
673454.9973794206,-1459682.5007099416,3.209796035361723,2.5225259959354673
670622.0503797565,-1450018.4637076226,0.1481444324013097,0.12195429495854349
671177.0970265474,-1446835.432434918,2.2715479634867592,2.3697494417994203
661388.3237838965,-1464714.467155327,0.8394851169407573,1.9919254451881905
662696.9488673119,-1444408.459477653,3.7036108100327603,3.5041921720402387
669821.8928910324,-1451231.155425391,6.468973548190553,8.622172899934643
664632.8519257035,-1444125.4454143294,1.6295887564144111,1.7336609568187906
668356.2302264422,-1463522.3848420568,0.44443329720393143,0.4064074590885202
669127.7643341748,-1457290.2653392316,2.913507170559104,2.517042983324501
669833.1699212079,-1455517.5177769668,5.03691070164455,2.865406974517608
673610.2407889685,-1459462.5652548359,4.740621836841932,3.1412977005315614
670466.642173429,-1453091.2955657253,6.123303205920827,8.605792025018605
665736.0447514444,-1444966.6079275883,1.0370110268091732,0.9310452977886432
668205.0111554755,-1463737.9271690808,0.24690738733551876,0.15322717162259847
659542.0276868916,-1448710.9544312921,5.678869908716896,4.991887161238553
665654.7580820168,-1455228.7282794118,1.7777331888157235,0.9406805878536275
668580.9044910097,-1453658.989867583,4.592477404440622,5.037965845886712
662442.4639844259,-1465781.830204729,0.14814443240130792,2.564820599351272
674373.3168293107,-1463470.2641109454,8.197325259539173,8.48973247026262
661343.5390012405,-1442342.7077422861,8.938047421545726,9.060236725794223
672419.4400093592,-1459900.9064886195,2.4196923958880667,0.8030521689187928
671083.765647111,-1457290.078114869,1.1851554592104816,1.672777337048644
668416.7720257945,-1442357.7634028373,1.382681369078897,1.8322481312084742
658353.2335948835,-1448060.9190510935,2.469073873355174,2.987110659497728
662430.8384836622,-1452621.6739290264,2.617218305756483,3.0206166643055776
660134.3536630688,-1447869.2646485255,0.691340684539453,1.18705763984196
660242.270354177,-1441754.2531575742,9.629388106085171,7.942990317321584
665369.945134283,-1465285.5783520872,12.345369366775861,12.142916104939456
664287.8178887331,-1452190.080950981,6.61711798059186,6.007776513703501
666400.171145566,-1465078.7129809791,1.5308258014802067,1.267377886297723
664682.4912779655,-1445036.2963504607,0.2962888648026194,0.8775245683254753
670660.171220952,-1448933.246351457,6.913406845394482,6.3099675915866635
663282.9803718734,-1452559.302030868,0.4938147746710353,0.2673426581860774
660770.9973925402,-1443617.389044927,4.740621836841933,4.398032760201569
661602.2424745418,-1438338.2210710798,0.6913406845394459,0.632900764954357
666184.848089165,-1464927.3716344703,2.8641256930919985,1.9462101668872211
672710.6093526001,-1454620.4224108346,3.1604145578946223,2.685305455754434
673331.3130612748,-1458824.5084645995,3.9011367199011726,6.167660182617761
668349.518275424,-1441278.138209126,0.7901036394736547,0.2520235083447435
664902.2647061254,-1439890.4645781312,4.148044107236692,5.1690664567790945
660593.5929612082,-1453926.8405596628,3.6542293325656594,4.413311190953941
665022.0598034966,-1462291.921200901,1.6295887564144138,0.44942641571506314
660634.4277724274,-1460859.112116492,18.76496143749931,18.97625690735751
659092.5334014103,-1446839.2252113116,6.024540250986622,4.418328596712691
670534.138407192,-1442140.6815228895,1.827114666282828,2.5927061348654163
659291.4220298689,-1442824.887500036,8.740521511677313,8.72524543430326
664618.4198435446,-1448055.860803226,3.1110330804275135,4.201302927176699
669622.7574809666,-1460254.1988419197,3.6542293325656523,3.995444298565567
659507.3432537357,-1443674.252553231,24.49321282368331,24.438614232316645
672526.2485278527,-1454654.5684313914,1.6789702338815191,1.3605909782493946
661478.4971219982,-1448694.1042799784,0.0987629549342035,2.6697037255371896
663401.2428403957,-1447132.518313209,6.913406845394485,6.503380356471962
663902.0725341977,-1437976.0556123334,1.3826813690788944,0.6841155739812246
663541.921728943,-1444116.8378176996,2.814744215624897,3.091750544309515
663755.2752802671,-1438188.9073932203,1.3826813690788962,1.0303677534328322
666592.8740473262,-1460077.286208279,2.913507170559101,2.4744055456330143
663487.9983117525,-1453212.4610292278,3.4567034226972417,2.579733881516276
665781.9323418646,-1450911.0873410702,3.407321945230135,3.459880321585083
671889.9522038457,-1449927.1611522068,0.34567034226972204,0.4824605417408243
660102.0515066257,-1459049.039293626,6.2714476383221385,6.993394591327245
658691.0814759576,-1444044.2969667395,0.0,0.1239869032783606
666356.7924935478,-1440797.7720243745,8.691140034210203,7.796950446832292
665431.0651828835,-1464186.8215288597,3.2591775128288294,3.774846254795431
670050.4064938737,-1461256.1510253353,1.8764961437499323,1.9943587231491708
674039.609791506,-1463719.8290059352,7.061551277795793,8.664476442986313
664411.0781639839,-1449172.6039653597,4.493714449506415,5.787317777081423
666001.1286016502,-1451063.3537835805,0.0,0.03233451558113476
666133.0463401669,-1440641.2455194031,3.7036108100327585,3.0189877800792173
669949.3804576155,-1455114.383903158,5.333199566447172,6.724279082303236
660468.2048394092,-1447634.4651198932,0.6419592070723459,1.7816149796517564
666544.6262673021,-1442918.9924665864,2.666599783223589,2.4665099119620533
671546.2455742124,-1453081.4139854545,11.160213907565382,11.047313340881148
662647.5580149558,-1454377.355564834,6.320829115789243,5.1564337037556065
665227.3080159125,-1442020.339757242,2.913507170559108,2.6749285066979835
665609.9050107703,-1442640.9933297269,28.74001988585421,31.331639992255912
666530.0021799996,-1448938.7244376312,0.49381477467103707,2.5247153948736987
670964.6134833103,-1463203.9586280505,6.419592070723448,9.211988517622961
672170.7258810835,-1462797.8914753534,1.9752590986841376,2.5414949290103905
667163.9213256785,-1452762.446835196,1.9752590986841359,1.4146554682802277
663433.4507824068,-1458363.7422048957,5.431962521381378,7.4673412494627485
665817.7871270053,-1456095.9226840865,4.197425584703794,6.801919402193201
667739.460112403,-1454819.3232611879,7.259077187664205,5.2463453612146935
657822.9437566535,-1445108.9447038409,2.1727850085525526,1.848423529336535
663108.2502591355,-1464354.1878005252,2.9135071705591056,6.216349928075896
665141.6401337101,-1458140.3613873315,6.3702105932563455,4.228472222222225
669279.2845938711,-1452563.3863166594,10.962687997696968,10.265571598680818
660792.899696198,-1454972.776770668,1.382681369078897,3.232981383364401
665345.5037753597,-1451867.275310433,5.777632863651103,5.9106530818145675
665618.7159764746,-1437683.3722336702,4.691240359374827,5.647963102059844
670683.2475442956,-1454322.7256164197,9.876295493420693,11.393210872130155
671534.3987698273,-1453984.895809427,2.715981260690689,3.3948277114317147
669433.4453762126,-1452343.5202869317,5.481343998848482,3.9693783134099405
664654.6038097846,-1460403.6362932285,0.7901036394736565,1.9163069668631927
660616.5227057645,-1448679.2277138196,0.8888665944078644,0.47486432416928626
664581.7948737761,-1450044.7469341385,2.123403531085451,1.468144328857944
660518.6041550935,-1442606.5133193354,8.098562304604963,6.675362446396285
665446.225547106,-1459850.7768360982,0.8888665944078653,0.09938458151450646
669412.389223236,-1441286.8474843532,0.14814443240131236,1.0271615245046593
661642.8403131068,-1455870.277359464,6.222066160855035,9.303256169411156
669952.6200152847,-1438983.2759893653,2.0740220536183425,2.2427731909848077
660367.2892458469,-1442821.142237769,5.530725476315583,3.0530753447611207
671275.5098495946,-1464208.4427053672,9.82691401595359,11.433692915028523
669173.0283088735,-1451313.5108309998,5.827014341118208,4.930249931354398
667809.556960382,-1456584.7530041942,3.308558990295934,2.429684610006559
670635.8459381642,-1447856.748972749,0.4938147746710362,0.984072793608159
668585.6953533173,-1443198.7087015025,3.752992287499864,4.294274965240714
663736.13075709,-1450334.7452589204,0.1481444324013097,0.4333866236146804
669935.0420302597,-1456390.6420374438,0.19752590986841279,0.675896219070951
657308.489380193,-1442345.5502840604,1.0370110268091715,0.9527801594005647
672546.0995059018,-1452687.8129274356,4.296188539638003,4.1823910931034725
658649.7847998588,-1443172.4279612831,9.431862196216755,9.241489816950303
669273.2052593837,-1463677.2320011358,5.333199566447172,5.329696170022672
666758.5850666465,-1462006.7439695508,5.777632863651105,6.038697808803649
670087.817363283,-1456173.971453885,0.24690738733551942,0.269257500716118
670210.6792219912,-1445947.7641678695,25.530223850492483,30.0390703532977
666277.5704117536,-1452792.4207584658,0.6419592070723414,1.0709444702009927
661036.1377213311,-1463006.2139596853,9.135573331414143,8.199478238761884
657875.9773148554,-1446181.2047189018,0.987629549342067,1.0757744154020674
664869.7137264828,-1450863.0415745531,11.505884249835107,12.026545266290672
669053.3789931459,-1463529.3417302337,0.29628886480262295,0.32806893801048886
663539.8989763123,-1454505.9117822961,3.9998996748353814,3.0606266063464123
665093.6912886652,-1451018.4398137685,7.5553660524668285,7.7150076249512844
667604.2398448391,-1459733.4385335702,1.6295887564144174,1.7893437663078609
664217.776835809,-1463237.5075833092,9.826914015953582,7.84246409493549
661978.8178728635,-1451641.9561389151,2.3703109184209668,2.0631310204128486
668116.9699561241,-1457598.9634773887,4.197425584703794,5.418903862313808
669606.0645688889,-1441949.8567780724,26.56723487730166,28.502948000158412
665456.8797005857,-1448994.7783767148,0.0,1.5600396743575775
661294.6944819754,-1447470.001762991,3.061651602960414,4.983211667658248
662839.322647345,-1440308.818511668,5.629488431249792,6.211153254230774
663033.888817041,-1452219.286558889,15.407020969736278,16.214762922416973
658695.9016832645,-1444940.819595066,25.678368282893796,32.2018729818185
665994.7771244184,-1439963.4516036327,1.0863925042762732,0.7572080621804629
662803.4482613937,-1451394.4321523132,0.5431962521381397,0.6327985584958655
663138.2148575848,-1446495.8038045652,4.59247740444062,4.55046890799796
666045.4591445703,-1461886.6261342678,6.024540250986625,5.466653182154094
658916.0271928667,-1445095.9283285774,0.888866594407863,1.1227130726754875
662374.8319924993,-1463840.761538895,7.160314232730002,11.222103728401635
656581.6858081755,-1439242.307127573,3.6542293325656576,2.9216289023273934
667506.7802112511,-1448455.366699309,1.4814443240131023,2.6452893392873396
670337.7018813905,-1447021.9937909772,0.2469073873355212,1.3135555282806894
666714.3043989625,-1443757.119214159,1.2839184141446882,1.8744032604040464
669648.994600283,-1449292.0141517376,1.7777331888157235,1.9101747636327122
664392.0358979064,-1442909.5935388312,4.888766269243241,4.996045179406607
659762.8565042308,-1444013.7826933586,1.3332998916117873,2.752027805552782
667054.3468446699,-1446564.8350895909,5.530725476315584,5.121943217644621
673961.5181409725,-1461780.2458229517,0.987629549342067,2.6551904128725425
669448.7129668156,-1448248.8477115873,2.4690738733551694,3.466315080411012
665395.9782466268,-1453816.7270797146,0.5925777296052419,0.4095793364089857
665964.3986154529,-1463188.3969587856,4.049281152302484,3.6752498702177903
663362.0765775938,-1464697.9721760834,5.185055134045863,8.110795707822563
666864.587673998,-1455924.9553709475,8.147943782072065,6.8973165018533535
668716.2000315906,-1454326.942523838,2.4196923958880685,4.313694932844561
668590.3861520931,-1460369.531951404,3.4073219452301373,3.828921940419673
660081.7282371606,-1457088.5842702645,0.5431962521381326,1.8426404217931012
667713.8007691681,-1455703.5578110917,0.49381477467103796,0.6458639024534341
661825.469930982,-1443504.1792271412,1.5802072789473094,1.5029691783117478
670694.7027219182,-1460180.4400552828,0.5925777296052388,1.6174758529189326
666318.2172878506,-1447705.0794565305,2.074022053618343,3.481732950121918
669943.752323172,-1450137.9858332812,0.9876295493420715,1.3444735857362105
659844.3885252348,-1445946.3593801837,4.197425584703789,2.9570612407071337
667836.9035843587,-1450354.985360661,3.752992287499864,4.194288272703096
662464.905763447,-1464508.87663978,4.3455700171051035,7.913918463823261
670928.2180652819,-1443821.434032768,3.5554663776314515,3.350732904743945
665418.6723721856,-1452921.032062905,5.678869908716899,5.743128556545594
663269.7485845797,-1442005.3598291709,4.691240359374824,5.3468001045708
661825.4608238575,-1449699.6177422777,0.39505181973682735,0.40997597009192255
659773.7943552507,-1451036.2053982848,0.9382480718749653,1.2359846201315712
670703.7218301413,-1443670.4547790913,4.444332972039312,4.402528746931768
670191.7331882983,-1451169.480606996,3.3579404677630347,5.20094015278122
672870.2714654896,-1455867.4468316217,5.283818088980067,4.970559178308619
661702.5077971444,-1461977.6198966673,4.148044107236689,9.652285731117024
665696.930748361,-1461268.5443963516,1.7777331888157253,3.2216462020707883
661920.5633228953,-1445637.4574885443,3.9998996748353792,3.919637137090103
660868.7539876502,-1440438.5309182582,17.38228006842041,15.848057696189898
668048.49186115,-1440266.7490956476,2.715981260690687,2.1381507789162777
667909.0622742146,-1439568.4700387032,1.3332998916117922,1.3207711304790637
658932.176818602,-1445782.1866689073,7.901036394736551,7.0731268816961625
657395.3797218723,-1443249.1910872534,0.34567034226972937,0.19173033275541274
670288.0433977232,-1463384.5387469805,4.790003314309036,6.924934686596313
659959.5326341335,-1451010.7017994141,0.0,0.2623900666124106
663208.8377940715,-1451507.7271650177,9.382480718749655,9.979805611332257
658877.9373209598,-1451018.8403798258,2.567836828289378,2.0524404747809157
661979.2539871966,-1463728.8427332034,5.777632863651107,9.766546242400057
659278.7510817607,-1453297.3222730476,0.6913406845394476,1.4750880997594091
669489.9939542783,-1442354.0626529802,1.0863925042762734,1.1298388076364814
669409.8505092394,-1453249.777040857,0.7407221620065503,1.7732388259590266
673144.3812994726,-1456703.283902732,4.888766269243239,4.926906993362544
661180.7741814911,-1447867.6518167274,2.123403531085449,4.083781095465388
659893.2162664253,-1456044.1036712,2.666599783223588,3.948674029295784
660346.8453123674,-1446765.6777619347,1.8271146662828306,1.00630260497661
663536.7598891098,-1443044.9411254616,1.4814443240131006,1.2401531605679876
663741.9703500918,-1461351.5857484317,4.888766269243241,1.2833267415663006
659675.5216265761,-1455893.6429273533,2.074022053618343,3.3725234735755567
660402.0662771047,-1443683.8957837494,0.7407221620065485,1.4531555745407383
669225.1742014147,-1453282.1164554658,0.740722162006552,1.5673118878421288
667511.8541448407,-1441575.457866523,1.678970233881516,1.9668915682885477
660240.5564275873,-1451829.6865980304,0.34567034226972293,0.4746040562867968
660026.980790063,-1458165.5382476994,2.765362738157796,4.874766006951771
664326.8387605929,-1458490.3121018955,4.543095926973512,5.510462635197406
670514.7153748475,-1448261.3899592715,4.345570017105109,4.787186980978145
668046.6614478903,-1462675.6162428777,27.01166817450559,29.69012131671708
660190.4198350077,-1453803.5656258657,3.6048478550985497,4.885457847149057
665641.9884678517,-1454157.698654518,6.1726846833879305,6.410230915230093
669480.4938515787,-1459362.3871307157,5.234436611512967,5.176308474672965
664250.482670428,-1448127.5364798834,7.604747529933928,8.735826639600463
667286.1407434383,-1441426.1314912378,3.0122701254933117,3.3322892171327494
666441.9656224295,-1453657.8505127025,2.123403531085449,2.4118878064850238
660179.307874056,-1457945.0654900433,3.8023737649669673,6.051294526892235
672895.2339506458,-1454587.7310562578,4.394951494572206,3.739395833524835
659303.3262235855,-1446988.21026349,7.456603097532622,6.176672922080564
668415.8502402229,-1459321.0780081954,4.197425584703794,4.8727432393252545
661425.8936272904,-1443388.7613813765,0.09876295493420528,0.01733015937526794
665074.5834665224,-1463170.9439431187,3.555466377631447,3.373835494110912
668017.4476103703,-1445621.9265708977,8.542995601808896,8.650245339091065
671970.0028236208,-1451699.2595743523,7.259077187664211,7.522331096762203
667022.3051045539,-1450814.861759198,26.02403862516352,28.954628271875162
663938.6709466866,-1462212.8878407096,1.3332998916117962,2.2082701018186564
663031.7126561927,-1447195.4514184515,5.431962521381383,4.9304663116246115
658181.424601079,-1441273.953298499,27.50548294917662,32.38376248889517
661425.1713678965,-1464898.2817386603,4.246807062170898,3.308086675175293
664601.8195877034,-1443940.5336643294,0.19752590986841057,0.2961396871062816
663277.6026499246,-1465586.207803992,3.7036108100327603,4.547615172874602
659987.0615802984,-1445047.457767855,2.370310918420966,2.8355885690585474
661265.3899276103,-1440564.6736503446,21.085890878453174,22.361109419532593
673639.1337503018,-1459647.7659215024,3.4073219452301373,1.9778661508849495
671362.1331210459,-1446805.3886219799,2.7159812606906897,2.37436993833679
661203.1463038868,-1464743.7081612211,0.34567034226972737,0.6791223420569086
668171.3362354755,-1463553.4812524142,0.7901036394736566,0.739251404580461
665619.3611653501,-1455044.609362745,2.765362738157794,0.04759605598867367
663153.7129803012,-1453466.6801847527,3.6048478550985514,3.754374087232789
669683.4369927434,-1461332.5732173445,4.543095926973521,4.357605575310037
659430.0888740353,-1442122.499245673,6.0245402509866235,4.5501682147541285
664316.1595050255,-1441846.2760603263,3.6542293325656523,3.713664136249223
674408.7745013107,-1463654.322027612,7.654129007401032,8.552937914208922
669344.0829723083,-1457441.0755835334,0.7407221620065503,1.085147847742837
668391.4124797944,-1442172.008319504,1.3332998916117944,1.7513189605118127
667552.6256722014,-1453783.3376573557,1.0370110268091732,1.2513741645310654
668396.1684791872,-1453691.0376586476,1.086392504276274,1.5153339371032608
669132.091423893,-1440229.7572581493,0.7901036394736547,0.22166245682659902
665200.6148621637,-1457048.7003033054,9.333099241282554,7.584252216993825
660208.1286861771,-1441569.8959909077,6.765262412993174,4.417956887054079
664749.8122427156,-1448927.4366092777,0.39505181973682646,2.3268783108358093
671269.6104577521,-1457265.6248389385,0.4938147746710375,1.03544222792214
665596.4087017477,-1441954.3744609782,0.29628886480262506,0.14502851185132615
660225.6382585529,-1440652.3720633923,4.839384791776139,3.4164702649778054
671260.6462365168,-1450984.1980865977,7.110932755262896,5.915753729433257
660319.9287394978,-1447842.6628170372,1.0863925042762759,2.5130381689821553
672116.6728841758,-1450798.4962115565,11.851554592104828,11.25640861854519
660058.3489036398,-1441790.6755557703,8.098562304604965,6.821865924331924
668576.0724588442,-1442139.530556917,0.5925777296052441,0.8371442478712741
666215.6974604984,-1465112.1216344703,1.925877621217034,1.6134517423514136
664937.746374792,-1440074.5600781313,1.3332998916117944,2.0863161454290067
666162.2659282887,-1457797.7573735681,2.913507170559101,2.1146105297000783
663064.4147595622,-1458429.8684482984,6.76526241299317,8.50376758023952
671364.0764545614,-1463317.2870019483,4.592477404440626,5.465465465465471
668163.7513016551,-1441303.5216839612,0.5925777296052419,0.9895717394644414
658362.3830287259,-1442149.6856318768,27.406719994242412,33.73869581503468
665087.3792873571,-1439860.7760642534,2.3209294409538614,3.3987555909794844
667527.0674084327,-1442293.0085954904,0.5431962521381397,0.9453126377406011
660456.922366383,-1460919.362647455,3.9011367199011744,5.532144620144953
672553.6120678526,-1454839.9534313912,4.938147746710345,5.122975398987683
665663.9078584411,-1450048.3777203395,1.9752590986841412,1.9784144488292412
668939.6095903197,-1462654.6294904426,0.19752590986841323,0.10682006285119972
659866.0127754186,-1456937.7793311195,3.1110330804275197,0.8729414031161671
666002.9473366309,-1456066.497984751,2.1727850085525517,5.1649804361076015
661662.8466690757,-1448660.0402156068,2.8147442156248967,4.919640494863111
658697.54561941,-1449070.960114353,4.197425584703791,3.4970830870312177
661001.7723876291,-1461931.7542100311,4.691240359374827,5.682884774592576
663716.9343669338,-1438005.3751432202,3.3085589902959303,2.77781195351467
666687.8740255954,-1453998.856213528,3.061651602960412,3.278315547522669
665257.4177786493,-1440719.0647058394,1.8764961437499323,1.3675356253885758
658652.5806419577,-1443860.8538834061,28.19682363371607,35.20696161003079
663571.2588080849,-1438224.667257559,1.6295887564144111,1.4742671107241818
672072.9332871665,-1449887.128208139,1.0863925042762723,0.07328003020097196
658876.5993410015,-1444017.1891322522,0.44443329720393143,0.5758593275967984
666379.2880545906,-1459916.990539,4.049281152302483,4.945329598515347
666171.2742595002,-1440824.7996027363,6.715880935526068,6.1678644079009475
664348.9966372666,-1465576.438036851,3.0616516029604135,1.5362161166659414
665072.1372313037,-1440747.8039867776,0.14814443240131236,0.4194924906061006
665885.4310105355,-1444727.1411799109,2.222166486019659,2.548329662096176
665947.1863105346,-1440665.9169758165,2.0246405761512385,1.718308851880761
671511.9618995459,-1452897.0769854547,8.987428899012828,9.22269015060217
664723.4895040342,-1451077.7603467316,8.098562304604965,8.279637236208915
669765.0614225413,-1455148.7644436334,1.382681369078897,3.4160046065530096
661238.7815310739,-1453766.7562991562,4.148044107236693,3.7936199052235953
666792.2576503297,-1444803.2965090824,28.344968066117378,32.52063442527559
659595.6399415582,-1449082.069347959,0.6419592070723441,1.019076562294491
661024.9952981118,-1446802.786778558,0.8888665944078609,0.8402916713929729
665523.7126706829,-1465065.6217769224,9.036810376479933,8.87679657994304
663546.6031399751,-1449460.5504614986,0.5431962521381379,1.1409922251971256
663749.6490436344,-1443201.9924191413,0.7901036394736529,0.5438020677817264
665678.472088145,-1461961.193994754,0.29628886480262295,1.7195347724796495
658008.0731037223,-1445079.425127985,0.7901036394736547,0.45136952474741854
673496.9494078232,-1458609.0820176378,2.6172183057564826,0.21631582284229012
663733.0986304032,-1455545.2119523461,0.8394851169407609,1.5705282048250648
669382.622263236,-1441101.7963176866,2.0740220536183465,3.226334036360044
664744.981768227,-1455348.6632455438,4.740621836841932,5.681816091067448
670498.4668443894,-1454354.419589702,5.87639581858531,8.136023052210684
663219.0193738735,-1452189.8029475347,9.431862196216759,11.119801735851738
669981.0041012847,-1439168.5950726988,2.765362738157791,3.159360114408275
670321.0531572353,-1441985.6140591605,0.8394851169407567,0.8901853803579931
669228.245457479,-1441321.7648682762,2.469073873355174,1.2133143940156454
671308.7453542612,-1464392.956372034,8.296088214473382,9.875144181731525
664766.437557928,-1450012.1763023515,2.518455350822281,2.101494798124248
660333.6027885135,-1442636.7154044355,7.456603097532618,5.445058165684392
659152.6494414104,-1447209.214544645,9.481243673683863,8.522863065604605
668989.089230574,-1451349.5864248308,4.98752922417745,4.231293718484516
671091.08751878,-1464241.9490249204,12.049080501973242,12.731712165286352
669634.1338419642,-1448221.3759204908,6.222066160855031,7.189151755168691
670119.797077283,-1456358.7225372186,1.3826813690788988,0.9009172882728556
657897.7986488554,-1446367.4073855686,0.641959207072345,0.2487344737152739
671020.0421875203,-1450128.1266768114,0.24690738733551676,0.022711302057714988
658467.0105899093,-1443213.6064875957,5.481343998848482,4.76700736611304
669089.2297864793,-1463713.236563567,2.8641256930920003,2.8070113587157426
670395.0001177774,-1445913.4950943324,25.826512715295102,30.373102212962177
660184.8171019305,-1445705.4544349252,3.0122701254933144,1.7861189767335688
670510.5110354716,-1460215.2010248466,6.123303205920825,6.471967397598959
672398.9816547335,-1452897.4172519795,3.1604145578946223,3.160412590781359
665055.1078119986,-1450835.0333137685,9.67876958355228,10.218384762477992
673100.3963662873,-1461752.6679399973,1.28391841414469,4.974158761551326
668225.4478471864,-1447361.2633093942,0.7901036394736494,1.855100086385729
671823.5848638457,-1449558.187402207,0.6419592070723414,0.29625153762100176
668154.7644567908,-1457782.546060722,4.641858881907725,5.592027681843346
659692.137176336,-1454989.351410206,11.654028682236417,12.770560297642401
663196.5718266411,-1463639.4799218723,3.2097960353617268,8.110730593607308
665427.1785372524,-1448809.647210048,1.5308258014802067,0.1147241951559188
670462.049774075,-1441061.0606353218,2.3209294409538654,2.770085906222324
668633.5682162744,-1461441.933788415,5.382581043914278,5.8406090462373905
667419.6321906837,-1459766.0569367772,6.814643890460276,5.375132312761057
664032.9042485051,-1463268.7364665556,6.567736503124758,4.416027156370072
668301.2952975996,-1457564.6691251765,3.6048478550985488,3.352822186701091
662840.5616793936,-1451578.2006523132,12.888565618914,13.692694599275843
665150.1507886666,-1446902.1207004613,2.715981260690691,2.59103415483233
660543.1185887426,-1448001.8499532267,1.3332998916117944,2.5792742496031735
666485.7637206354,-1442548.7402999196,1.0370110268091737,1.1713164902036044
659149.4917936085,-1445927.2802171493,9.283717763815446,9.03883354263444
658881.0944002,-1444911.7120785774,26.912905219571382,33.30725602457741
662346.8694924992,-1463655.3726222282,3.950518197368279,7.59515587042883
670312.4899680573,-1446836.2052076438,1.8271146662828306,3.1498067755176953
667297.1655787632,-1451854.5030518742,2.1727850085525535,3.0264551676587343
669431.4778579602,-1464737.8636696786,14.123102555591583,14.755177531126385
667092.2980960032,-1446748.412339591,5.678869908716895,5.19423600500217
669619.5873916163,-1449106.835235071,2.0740220536183447,2.3826336968625705
666456.9355146661,-1448570.9239376313,0.7901036394736547,3.2156046278948587
667077.4133290672,-1451700.022115088,1.0863925042762776,0.015640120198032292
672225.2360830836,-1463168.8467253533,1.9752590986841412,1.8648086798769015
669834.3019334971,-1449263.5493036564,1.1357739817433776,1.0719024457171908
664576.98192447,-1442878.7809005608,28.690638408387105,29.94342743195386
663327.8508682605,-1464513.6290094166,5.382581043914275,8.663429498527686
667239.055997351,-1446532.6268594833,4.888766269243238,4.34759124032317
673775.5687260828,-1461804.0955261462,0.24690738733551676,3.5229297493160665
