x:,y,ridge_diff,ridge_diff_velocity_corrected
669860.1274108326,-1445192.473781203,2.6668361028417857,2.5078371881979287
666112.5454294804,-1463784.8565088422,3.7039390317246976,2.5095801322379003
674021.1260419514,-1462623.7438930853,2.370520980303807,2.0432984927304325
660085.7335845402,-1457773.5897976272,2.666836102841784,4.930959302325581
665184.1852636682,-1440666.8060204978,0.4444726838069646,0.03080499380740065
662209.0987770326,-1446554.89177456,1.9260482964968444,1.7757305126926337
670459.249751259,-1460288.1409548004,5.629987328221547,5.895656695453428
660677.8715121823,-1449993.448707801,2.222363419034819,1.8861320613282553
670183.1847050706,-1451107.4274520862,1.0371029288829146,0.035651942185975116
670353.7187510723,-1447146.877330382,2.220446049250313e-15,0.7321701809653032
662505.2086933071,-1442364.1778955678,6.815247818373454,7.594298449834142
669366.9786121813,-1459442.4123690338,4.741041960607615,4.9182124090310095
658143.5852889435,-1446328.2119686054,2.518678541572797,2.464271210628306
671708.9979041684,-1454899.63180679,24.149682486845048,29.140171129278528
666851.4574696363,-1449524.2770577292,0.2963151225379784,0.27692102891783643
673393.0750362109,-1459695.0140122569,3.2594663479177406,2.465726019331802
662377.7052183026,-1441224.3157152063,14.815756126898803,13.65949060550362
658312.834420253,-1441904.0930941245,0.888945367613927,0.37338531579033374
661544.6971952161,-1454668.8369531804,7.111562940911424,9.460956263651115
661672.1344171818,-1443341.9188333377,1.3334180514208906,1.4609890134090797
665059.2906188001,-1463426.8056230438,2.518678541572797,2.700586969137964
664313.6975857886,-1448117.0784637458,5.926302450759523,7.00749285352953
665876.4240160225,-1455060.9399433369,4.148411715531665,5.2701451214269674
668310.0483154261,-1446458.841016109,1.0371029288829128,0.7018401259092517
666021.9812282084,-1445849.383504521,0.8889453676139292,0.8331825880507115
659580.8458500198,-1455073.6465602857,9.037611237408274,10.058993876448302
663192.1727820949,-1457329.8492994849,6.07446001202851,4.302104801544563
661691.4844227654,-1455798.7559836851,10.222871727560175,13.95781852672252
667853.1011418425,-1456453.1310466914,0.8889453676139292,0.1813739065271962
666862.5632796646,-1445694.5588430704,2.0742058577658344,2.142197047240906
662339.71949715,-1453404.6908008903,4.148411715531664,3.8909743791397444
671410.500768655,-1446734.4957692642,3.703939031724704,3.3223178437711507
671231.7068812825,-1445860.5941539225,2.2223634190348207,2.3414082392465114
665911.726421347,-1456964.6634079954,6.518932695835474,8.034442061993314
663198.1130596864,-1458466.9626322454,11.852604901519044,14.39826054028988
664189.7606020309,-1464281.8650445212,6.222617573297498,8.569599056230308
659672.8942395058,-1450035.5046361,1.1852604901519044,3.8055025530048514
657759.0521394205,-1446260.9454042478,0.44447268380696414,0.10918488579270758
668635.544166592,-1443127.4332144058,2.370520980303813,2.9752060900434776
672551.1105797382,-1459940.5799423165,0.5926302450759522,0.31843036737344654
670819.4107661821,-1443902.5420901356,4.592884399338627,4.443515192891701
659589.8867112247,-1448008.6317478027,6.667090257104462,5.854313401435211
662249.9282830135,-1447426.816034983,1.0371029288829128,0.6994083250878074
660549.2227026029,-1454696.4292868183,10.667344411367138,12.134773964667534
668495.3306281655,-1437454.768610172,2.5186785415727986,4.40090649340139
665487.470593323,-1442663.7972915692,4.000254154262679,4.508643270815877
666619.7632629114,-1442588.7346244082,1.9260482964968442,2.05945158796343
659287.843943562,-1454224.6340513097,5.629987328221548,6.567905562947912
660816.5899181024,-1438557.6712017495,3.1113087866487534,3.765184981005269
670173.0828884955,-1462249.480941686,6.074460012028508,7.223323696144403
667960.9875010897,-1440479.9658748363,4.296569276800655,3.263753154601437
669805.7007297648,-1436984.1059120602,9.482083921215239,9.917699210612527
662569.350368374,-1461460.8663891277,8.444980992332322,12.049994803527664
667200.210847791,-1464103.275130045,2.5186785415727995,3.4190322581644015
657044.6937255599,-1441054.3262647402,5.778144889490537,4.937331389984413
665242.7068171739,-1457991.6476215092,14.963913688167795,13.26763097384937
660967.2687777578,-1463969.1166714085,6.222617573297495,5.02797530282821
656692.6736783216,-1439478.3661207133,20.890216138927315,22.19374750467023
664079.1364059942,-1463514.7710980969,2.3705209803038105,0.26174311614971124
669672.8716202029,-1460182.8647165922,5.333672205683568,5.557082683175019
659720.6982487792,-1444973.8538513817,31.261245427756478,36.53192283941475
660125.2075881865,-1452868.2214136757,1.1852604901519062,0.3211062129347706
673011.5020898567,-1461637.2882593493,8.741296114870295,10.6659786080217
666305.9025011035,-1464904.0133359954,4.59288439933863,3.448232653212605
669319.9075412969,-1440204.444116456,0.5926302450759513,1.605225995245549
663642.3930756049,-1445043.1846159305,4.148411715531667,3.4521317731561965
667151.0338541315,-1451749.589453,1.7778907352278566,1.3311226331478778
670492.638465877,-1447244.8844034337,1.6297331739588699,0.9474577210821922
670947.0336310072,-1461342.5812825812,10.667344411367138,10.804789746318718
662912.8421852136,-1445178.4120514449,7.556035624718387,8.398299280757723
661198.6602961421,-1458649.4109150097,2.518678541572797,2.390724800709199
658550.0525756567,-1450192.3026837811,0.5926302450759522,0.902394069570299
670910.6326513244,-1450851.6625765655,0.592630245075954,0.4858544981569821
668579.3887496555,-1443515.5698264427,4.296569276800655,4.959401458271131
665066.0388663621,-1450896.6973932232,9.926556605022197,10.360951354244229
658758.1473956241,-1451042.4235592103,1.1852604901519062,0.7209902010503075
663551.3618207617,-1454567.846481976,0.1481575612689907,0.14654130238727348
662559.4072364487,-1443358.1367803365,1.6297331739588676,1.539605236577966
673879.9008715353,-1460758.6494547743,4.592884399338628,4.833133990944397
664306.870070512,-1452313.7691800478,8.889453676139285,8.108108108108109
663783.0240931476,-1456175.6232586931,10.81550197263613,10.655692771943215
669710.6136221394,-1449281.4414162473,0.7407878063449402,0.7772112417545705
664802.6162876857,-1439716.8186745541,0.14815756126898805,0.6298728216041489
665935.3967689215,-1439658.0634396416,8.000508308525353,8.298880165356586
670715.5600484435,-1449241.3100725939,4.5928843993386295,4.323469025960984
670205.5724833107,-1444996.5654418725,5.778144889490532,5.488133441855016
668512.5166082839,-1447564.659435959,4.74104196060762,5.051187174393661
665443.0549118908,-1464247.4867708248,5.926302450759522,6.295443394560516
663191.8438155965,-1453331.7829532404,15.260228810705769,13.580577445664844
662483.1586361782,-1453506.1258988166,12.593392707863984,11.757373847422544
666519.1976152912,-1448561.9661024967,1.4815756126898822,3.469744043038456
659809.5713956892,-1455932.239688686,1.9260482964968437,3.1971970937589864
661758.6870815931,-1456789.45454431,1.6297331739588676,2.7710684171185407
671534.631574304,-1453020.3507176398,5.629987328221548,5.578428252694075
658730.8372558035,-1445124.555101328,2.9631512253797596,3.7268830978558674
664668.8702434888,-1450220.2266807756,4.0002541542626755,3.8283654067228774
666135.0070158835,-1451741.2028280948,1.6297331739588703,1.6816516008789435
665203.0480749833,-1453139.5712196708,3.7039390317247025,3.707175598470227
669766.8683700559,-1439009.231424748,24.14968248684505,24.157574421182925
658129.7218315526,-1447365.221003223,0.14815756126898627,0.6107998966297483
663115.5549150768,-1456587.4322928581,0.14815756126898805,3.4017582049631407
671117.19681762,-1451196.8574560739,0.2963151225379743,1.0641906969613757
663680.5467689205,-1449120.334127816,4.44472683806964,3.787283564239395
665030.7473432845,-1451279.3899903903,4.296569276800653,4.183298382012527
671202.9421774067,-1444993.4255959275,24.001524925576067,24.434679725312318
665741.6751981424,-1443986.4627974732,0.5926302450759526,0.2756920128614353
664604.5446812208,-1460477.8761980627,2.814993664110773,3.8477705851702737
657802.6819410707,-1444986.2397222104,0.5926302450759506,0.5426775311266225
662472.1558891619,-1448526.4533573117,1.1852604901519053,1.1103798581050874
663036.621213306,-1451603.3137669428,1.9260482964968464,1.0763474305221372
659082.6165520856,-1452248.2023640345,0.8889453676139265,4.334640837546969
665660.6977350216,-1461085.5458936712,8.296823431063334,8.493658712473424
669159.7448646924,-1439081.333475655,1.6297331739588699,1.4327944511156308
669329.9993429885,-1453517.8578936593,0.8889453676139318,1.2856077166609907
668330.819446574,-1447218.0871997918,3.2594663479177406,4.039808944906372
662529.1198314289,-1438159.003680002,0.29631512253797476,1.032055002653082
660841.4676079624,-1462979.2408067277,4.000254154262677,3.4474691635768266
663866.2895029297,-1462161.35866314,1.3334180514208915,1.2141444085304134
660749.8500078869,-1456830.48775814,3.11130878664875,0.8126862624435995
662105.151018841,-1446695.5122340862,1.9260482964968444,1.923450029969576
668453.9083479884,-1442161.20328718,5.926302450759519,6.668377341001672
671223.1490281292,-1463220.6395435673,5.778144889490532,6.8415928511200566
672309.9192790331,-1458723.4405807343,2.5186785415727977,3.3554257480823537
663115.4791314835,-1440070.8200141632,0.14815756126898894,0.12282261800752092
664102.8801353392,-1439900.220503036,7.407878063449402,7.192557932058206
663488.5309669164,-1447245.8206994212,3.8520965929936883,3.599647607411174
669768.6408570772,-1443059.4170236085,0.14815756126898616,0.40969839780382844
668275.2509972013,-1453331.1152177325,1.0371029288829172,1.2693983172280965
665553.4258129568,-1443642.6190095376,23.853367364307076,26.981924614760793
657184.0981457236,-1442049.5772296763,6.222617573297495,6.005056569235577
659369.0930545761,-1442132.6434619348,1.6297331739588703,0.6334099985188644
666995.14383209,-1449631.8607875374,1.1852604901519035,1.0262260711755458
666849.5014227912,-1450910.4338199103,23.260737119231123,25.6352318066632
667775.915824391,-1450364.9427046566,2.2223634190348207,2.510119093682977
666032.7003721464,-1439513.4439269719,7.111562940911427,7.649358820404303
664406.3284373232,-1447974.0751229976,2.0742058577658344,1.617789337853921
669943.5252454588,-1443899.2717082964,2.222363419034821,2.1868394453883946
667367.6357068868,-1452471.4022741339,5.778144889490532,4.950589468879712
661511.8399019201,-1448879.0039322558,1.6297331739588659,0.4930286742786434
669387.2170362894,-1453127.2662995977,5.778144889490536,7.402959383128131
670724.6037105161,-1449870.5160673235,5.481829766952558,5.2406501272113
664709.2395436079,-1449065.567062975,4.296569276800653,5.513917977537785
662159.9477830325,-1446309.8062745603,1.1852604901519035,1.0690431510407565
661862.1742773061,-1462839.8541070616,2.963151225379759,5.193977374897431
662345.3795910474,-1452507.9541453188,2.2223634190348225,2.175545756959313
657978.2988667988,-1447264.7661179826,0.14815756126898805,0.05816126799607213
672295.2982413935,-1451766.062738108,5.037357083145597,6.8255432108977345
664489.9112112937,-1447205.9968027924,1.0371029288829172,1.3177450399272663
669327.5868641813,-1459195.5483690337,1.7778907352278557,1.76173374126037
666623.1874274638,-1447647.7730064476,0.592630245075954,2.1909270567679187
658116.4655429434,-1446079.6952186052,3.8520965929936892,3.5204089749143677
662082.368905262,-1463582.237465273,6.963405379642438,11.472492784447681
671748.8405361685,-1455146.4355567899,2.5186785415727946,3.5880613544261113
663136.1047180933,-1451456.7724639592,8.889453676139285,9.421295852158874
671713.8902874222,-1456044.1076332643,0.29631512253798054,0.6263307074221689
658363.260292253,-1442148.9038441242,1.3334180514208915,2.3655477385522494
661587.336949216,-1454915.1662031803,4.889199521876601,7.444580545809604
665012.8903708002,-1463181.224623044,0.8889453676139318,0.827113632518472
671152.1288613819,-1456904.6489907734,0.7407878063449388,0.952442646636621
665162.5031831935,-1451896.470184235,14.074968320553863,12.608026652768377
669709.9286700762,-1437134.0739243943,8.000508308525356,8.267744470497673
668275.3441874261,-1446211.2765161092,0.8889453676139292,0.9256279997147852
665966.5775122084,-1445605.642004521,2.0742058577658367,2.0991677522711027
662726.9546660674,-1460429.5961140338,3.111308786648749,7.095275530279059
659534.2864680198,-1454828.0278102856,11.556289778981071,12.773566468590477
665647.2251257575,-1444800.8205488534,2.963151225379759,2.8828089410224336
664898.0795842654,-1461171.1173390294,6.0744600120285135,7.545391464593381
663235.057152095,-1457576.142049485,2.222363419034819,0.36821597415613105
662381.2746191501,-1453651.2088008903,3.703939031724702,3.4154395911361974
671429.0044169582,-1458875.9787220815,1.6297331739588699,1.2852960005358725
671420.2046060914,-1464312.2503395951,5.481829766952558,7.324267151666643
668000.2744636086,-1455527.9640300898,3.703939031724703,3.853428960352259
667732.3638979793,-1461742.5926360954,1.0371029288829154,0.4589944399430754
667718.0188181826,-1454696.5949285966,3.4076239091867233,1.7540847888435813
667449.6751498203,-1437238.7424946185,6.8152478183734475,7.494228449116893
673147.7273471298,-1462616.3594206243,1.7778907352278601,1.0519101406811373
672365.9260309101,-1463919.1303895856,5.4818297669525595,8.919636226842806
659231.7336641958,-1446937.0495688757,9.333926359946247,8.849202998190359
668853.5298206161,-1462478.7856806936,2.6668361028417853,2.274557193761122
668845.8809957798,-1455387.5512353242,28.149936641107733,23.081403917902183
672100.9429472055,-1456105.6789527438,1.3334180514208938,0.8373609064967904
668681.4175425919,-1443373.1719644058,2.2223634190348207,2.922997236763382
670763.112518182,-1443658.9950901356,2.814993664110769,2.608065993112009
658902.2671263978,-1451141.3891783725,1.6297331739588667,1.706575124071117
657760.5375264419,-1444224.2836025124,1.6297331739588679,1.6341522351539268
659115.9056950049,-1453136.8102435828,2.814993664110773,0.6224369542977577
661807.6040396875,-1438430.3081022017,0.2963151225379743,0.1898941475836846
669848.3839089855,-1444043.6466996213,1.0371029288829194,1.1454063719328293
668771.4948240307,-1439033.714353753,25.779415660803924,25.921395550973024
662374.9604234863,-1460574.516053534,8.000508308525355,10.618342840285607
659239.3756955621,-1453979.3833013098,1.7778907352278583,2.407581973786728
659455.3018449714,-1443745.2840274535,24.14968248684505,24.64686908206709
662609.709734374,-1461707.5671391278,4.74104196060762,7.187678611445234
669828.0584117095,-1461432.4911529762,2.2223634190348207,2.2814902406382203
670060.4094510974,-1444897.429794536,1.1852604901519013,1.5098273528604582
663827.9695736963,-1457425.5784357977,3.1113087866487525,3.312338282891478
660170.0588381866,-1453114.1571636759,1.7778907352278566,3.6895249963158037
673062.9073418567,-1461881.7825093493,1.7778907352278566,4.058357765564818
660277.9808434225,-1440580.750582226,6.518932695835471,4.8862212874300734
661233.7372538042,-1457745.170996478,0.8889453676139283,3.0589388507870368
663681.2260796049,-1445290.1443659307,1.1852604901519053,0.028175035638828838
667101.8501081315,-1451504.480703,3.25946634791774,2.9472306126920076
668347.2620476036,-1442306.89246658,0.14815756126898805,0.3264809099894923
664646.9284376036,-1465462.7031286634,9.333926359946247,11.680435382230199
663872.0446950868,-1446157.2612264156,2.5186785415727933,3.818852673937884
661267.1730346917,-1447667.218008718,2.3705209803038088,3.376941487697883
661245.9432921421,-1458894.8984150095,11.704447340250058,14.934143658462611
667393.8459270222,-1447634.9702726686,1.037102928882918,0.14935566339151407
670966.7030293243,-1451095.2703265655,2.0742058577658327,0.9756869624472824
666642.0207042716,-1449803.117320105,1.9260482964968464,1.9956203426672583
671452.0036692354,-1451883.4647454766,4.889199521876607,6.564191502165402
667766.8296231498,-1449751.4175077737,1.6297331739588703,1.8089820228383915
658347.2695646235,-1448315.9728910802,0.296315122537977,0.40316282656256774
665122.8887583622,-1451140.0791432231,4.0002541542626755,4.018993012152105
666929.3328142413,-1440500.0647310736,4.000254154262677,4.356256786395841
663505.5381987618,-1454322.083981976,1.185260490151908,0.74031157345844
662505.1267384487,-1443114.1577803367,10.66734441136714,10.325158223461491
665248.5952381269,-1445797.0636048797,1.4815756126898798,1.5549944851005748
664268.288316512,-1452066.7749300478,3.8520965929936906,3.701071830402086
664808.155010065,-1443093.3157401562,0.888945367613927,1.036854026204142
661348.4490370755,-1460566.4320274037,6.667090257104464,7.489283200508596
673917.1710840863,-1462770.9960706225,0.5926302450759504,0.0866855845498371
660229.2646796776,-1457869.5366972215,2.22236341903482,4.014402808622543
665808.3995177627,-1461186.8698304931,2.3705209803038088,3.418888242535626
669144.7973923234,-1446210.9901447708,0.14815756126898805,0.16072030719839647
665772.9639334814,-1455850.2138260324,0.4444726838069659,2.409285351101918
670176.4961091594,-1446144.8395425226,0.0,0.3196753802323966
658465.4393100843,-1443887.9835689003,2.814993664110771,3.575770846832627
670041.7286017144,-1451005.9225332546,1.7778907352278521,0.9382587094067389
670619.9285238355,-1453954.0109263575,6.667090257104466,9.32327586206897
667115.0902600195,-1456633.3221173144,3.703939031724701,3.7046177723515905
665588.8871503012,-1449030.1946450244,1.6297331739588703,0.8110337021587384
665743.8102452597,-1449776.406235349,6.815247818373449,6.785679670257268
663097.8971290924,-1452588.8313780131,22.96442199669315,21.322657129388457
662282.837548422,-1441363.4282147624,0.5926302450759522,0.2621455963455128
658073.2335815525,-1447121.6960032228,2.518678541572799,2.215499828628144
663843.0580678033,-1451125.947284446,5.778144889490533,5.583576945610037
666452.5033103952,-1453720.0204611467,1.1852604901519035,1.4060389707076721
659289.9268816065,-1447810.5492161603,3.259466347917736,2.4178614037571013
668699.829713561,-1437161.7235162444,0.740787806344942,2.0477047888790683
665696.5784421425,-1443740.573047473,3.259466347917738,3.8918508759348485
658354.9951814516,-1443307.3642871787,1.6297331739588679,0.9731730579732407
664559.6194392208,-1460231.9759480627,2.963151225379761,3.7735437197338246
666413.0808985283,-1442878.4048701103,0.4444726838069606,0.7152340908862609
662987.4769613061,-1451358.2170169428,0.8889453676139301,0.13938488703059448
661255.716845811,-1440504.6648264236,13.926810759284875,14.96037095029747
661545.5523373648,-1455698.2044702023,10.07471416629119,13.747135225487416
663793.2313556324,-1461280.7942844406,4.148411715531662,8.562060636497181
667994.9455216955,-1456555.7268385673,2.5186785415727972,1.8969903742117618
666024.0126846565,-1444816.7641833809,0.7407878063449451,0.8230441836455249
664557.0111462902,-1461367.706018189,8.000508308525358,8.869527464805834
667720.0377808204,-1443640.2025317284,29.7796698150666,26.212114252991263
664280.3663418221,-1463226.3225166409,5.333672205683567,3.5990629204540383
666595.321690907,-1454818.2287029196,1.3334180514208893,0.7123144032656867
663203.634581252,-1464529.9399910513,15.556543933243747,20.413390731399627
669286.9755849884,-1453271.606393659,4.741041960607619,5.706903538636576
672189.89855554,-1462049.7665617513,4.148411715531665,6.88144661744068
662579.7533334289,-1438403.801930002,1.1852604901519013,1.7872568760220684
659526.4190207797,-1449932.893953244,7.407878063449403,9.012975398333767
663909.8602329296,-1462407.5256631402,2.9631512253797614,3.6644257501456017
671946.8000664321,-1462975.63720801,3.2594663479177353,4.120922664989752
670644.4117737475,-1443060.1153046768,0.29631512253797637,0.20601776875409727
662062.2642828409,-1446449.2542340863,2.963151225379762,3.023008347385092
668308.4426744748,-1464555.889554623,5.185514644414583,4.425872456879098
671172.5226601292,-1462975.8360435674,10.222871727560173,11.772665309462441
668485.7199819884,-1442409.15653718,5.333672205683571,6.0664695113364315
672348.6273890331,-1458970.4200807342,1.9260482964968437,1.7688360012330437
663158.2429934836,-1440317.1200141632,1.6297331739588676,1.6479029078000131
672655.232519451,-1459796.6173388206,4.148411715531665,3.216171408646246
664148.2457553393,-1440146.060253036,0.8889453676139283,0.7425923274607307
669242.7807396589,-1462549.3289179164,9.18576879867726,8.257213932214079
663381.660879145,-1441165.9257076927,0.7407878063449402,0.6785823598152945
669819.0734830773,-1443304.2687736084,3.7039390317246985,4.253751221163917
666764.7056632761,-1442688.6137381191,0.44447268380696436,0.45337345347974756
669223.8327560043,-1459343.802396291,1.3334180514208924,1.0801664220313558
663095.4823683345,-1463791.0889399205,1.9260482964968446,5.95946821301394
667560.6157930174,-1441503.8564781803,0.5926302450759526,0.7930766581031885
667374.3166103476,-1463682.2844244572,7.4078780634494015,7.523244637317039
666805.2950587912,-1450664.4660699102,1.926048296496842,2.183584134201751
659816.7884806118,-1444827.1266280538,29.335197131259633,26.58571232172383
664462.5201293234,-1448217.5916229978,2.518678541572797,3.3513183485110494
669997.3677434588,-1444143.3934582963,3.111308786648747,3.6606573260803144
657040.8845663385,-1439291.475505124,2.666836102841783,2.8939161007533594
662219.7129925711,-1464557.3005773583,8.000508308525353,11.4025710119494
666814.8862457743,-1448766.1326290234,0.8889453676139274,2.5779547099080045
660946.6093656938,-1450599.5264177104,25.03862785445898,26.782895802929243
664035.154882228,-1445131.5690977052,3.5557814704557162,2.1089023191791054
669758.1258612231,-1450163.6671735193,0.7407878063449367,0.33909975556713423
670511.2170633031,-1454097.7557472147,6.963405379642437,10.59416630066368
670764.353976516,-1450117.3280673237,4.000254154262679,3.72693246781035
664751.2316756079,-1449312.001812975,6.518932695835472,7.232588693285697
662817.9459310551,-1445322.7602132573,24.445997609383024,22.9817144615533
664529.9913982329,-1438003.6810337557,9.630241482484223,10.176091813475606
670677.402177646,-1454948.2837493657,6.518932695835475,8.45013532398334
661570.7510957648,-1449359.6625018152,3.259466347917736,4.699374052494034
661043.653431497,-1441692.506423543,4.8891995218766064,4.438181490860399
661292.8779859128,-1451660.5420725148,28.89072444745267,29.114591339775224
666226.5832213875,-1446834.447306074,4.444726838069646,4.95855334846211
667350.9968835794,-1446766.978214999,4.148411715531664,3.4995953990318815
664721.6777016986,-1451076.4552939902,7.407878063449403,7.590172804005274
665613.9487214186,-1453972.559085153,2.0742058577658344,2.5015918565904256
669814.808717837,-1449139.8335226723,0.8889453676139247,0.9307549307551222
670514.710800409,-1448261.5442204154,0.5926302450759526,1.013377003660306
673487.3449044261,-1460703.4136214517,5.481829766952558,5.997316832016661
662121.0210272619,-1463829.2159652729,8.444980992332317,12.471227281148558
662156.2798020067,-1440508.24633537,4.5928843993386295,4.228664350176366
663084.0552140933,-1451212.2557139592,1.0371029288829172,1.1243892891732723
666002.0823087489,-1463054.5966374008,2.6668361028417884,2.5959341710263537
661710.8682214438,-1438572.482250758,2.2223634190348207,2.113842535225964
659386.6023533539,-1454084.1500368349,2.370520980303807,3.151981856267419
659988.9720764647,-1456914.8059178635,1.6297331739588703,0.576735872715421
665203.2269391936,-1452143.075934235,10.222871727560175,9.10368906024578
671191.2898633819,-1457151.5612407732,2.0742058577658327,2.4611894435468327
668377.3656328039,-1457613.8085866598,7.111562940911429,6.751169542932759
666969.0531578863,-1439717.2436778997,0.2963151225379763,0.3172953508543668
669659.8956680761,-1436889.1559243943,5.333672205683568,5.878303181240939
659709.0143877106,-1456078.5637761792,0.7407878063449385,2.0199498646918963
665045.3171990078,-1462416.0968002821,3.407623909186727,2.09292989793078
671389.6030717869,-1452922.4529767693,1.4815756126898805,1.3946944864608186
662769.6135440674,-1460675.9206140337,0.5926302450759522,3.8298117965705902
665304.4573252071,-1452999.2014147448,5.926302450759524,5.972398313127368
666662.0278803874,-1455837.0962976543,10.667344411367138,8.900057404992513
672917.3398766202,-1461781.2665825214,0.5926302450759522,1.1835273387082363
669908.3817028952,-1439114.442561557,0.8889453676139272,1.007179102994648
659968.2294085997,-1450758.4652164294,1.037102928882915,0.9763236322621738
666135.7739111679,-1458053.3862622217,9.185768798677259,9.555100267465393
663573.9781596321,-1449265.469636154,4.296569276800651,3.8020791344717972
663834.9670451005,-1450508.0823487057,0.8889453676139265,0.26554518605623123
671515.6638986294,-1448116.2506962311,3.259466347917738,3.534480946289123
664504.9667562754,-1465359.3000750495,0.5926302450759513,1.7716572324849622
667490.8772658203,-1437485.2774946187,5.333672205683571,5.736974197599862
667683.1367021827,-1454449.0549285966,6.9634053796424356,5.378855410946691
673170.0336011299,-1462865.3579206243,5.333672205683568,7.565368847589383
669149.738108572,-1463702.6818257002,5.3336722056835715,5.298848178078588
668557.644840603,-1453536.358308949,6.963405379642439,6.826959701602111
672414.3255329102,-1464164.3683895858,6.9634053796424435,10.230647263794916
667869.2806290789,-1445518.3392531478,1.3334180514208893,1.3887519768902044
659273.5626621956,-1447183.4650688756,6.815247818373449,5.939949467307799
662619.715554181,-1448629.7552376767,1.037102928882915,1.0859318270073681
670161.9888503004,-1464416.31408712,2.518678541572795,4.018505444417032
657481.9964210157,-1442254.7035624445,0.4444726838069625,0.4522364687254439
660301.4780182117,-1451818.6616758457,1.4815756126898818,1.0611515975932528
673206.231202008,-1463763.7346843733,14.223125881822853,20.417569253625746
658850.7821003979,-1450896.9926783722,0.8889453676139247,0.15577123478636778
657709.4785204419,-1443979.5903525124,0.7407878063449407,0.8089980664458736
659078.9987030048,-1452889.6149935827,0.8889453676139283,1.960930442901633
664656.173214943,-1456187.562140035,6.518932695835474,8.125532851171302
667163.1190117907,-1452762.5368942204,2.2223634190348185,1.9197725602770346
668283.7760133445,-1452691.337036848,4.000254154262679,4.218912121911718
659549.8104475071,-1442857.6162900017,4.889199521876604,4.821023513372058
669898.9710429856,-1444288.4669496212,0.7407878063449429,0.9721731969322485
668815.2607200306,-1439279.838353753,27.557306396031777,27.91843523741192
667320.8776776758,-1464711.3853480592,28.149936641107725,25.228778098295766
661022.4432935886,-1462056.5340777356,5.778144889490532,6.585435297197748
669883.7023409973,-1455444.556513741,4.148411715531667,4.653694516127676
669248.5948206144,-1446063.7243732582,1.4815756126898822,0.5921208696891611
663718.0362440697,-1444021.9250816233,1.6297331739588679,1.6507159641303946
669783.6505177094,-1461186.488652976,2.5186785415727915,2.6968869099602983
670105.2562110974,-1445143.368544536,0.5926302450759506,0.8229886408622182
674266.8228886132,-1462577.707339127,4.889199521876604,4.3207507640152105
663190.9272188982,-1446421.0355058943,2.074205857765828,2.112601216838831
659775.3929599996,-1439029.0355795957,0.1481575612689925,1.0378282628608781
668971.0015347118,-1444200.9262009396,0.2963151225379804,0.36758702117107944
669614.4245485157,-1459407.2798493057,5.778144889490535,5.791281285082671
662889.7843347136,-1444439.09103959,0.14815756126898816,0.2874787666711631
666431.1118295495,-1447938.1782282908,1.0371029288829163,0.3299042832587311
661317.5616646917,-1447912.0805087183,5.185514644414578,6.81308793140388
667354.0254270223,-1447388.1635226686,1.7763568394002505e-15,0.6378467950707805
664262.2996698024,-1441132.3521439484,16.59364686212666,15.953332221650772
666603.5097002718,-1449556.109570105,1.9260482964968464,1.9799310359166147
663671.2564798603,-1455556.3941359916,6.37077513456649,6.640717037621279
658291.2819406235,-1448072.3283910803,4.2965692768006525,3.27901706838312
667716.5907571499,-1449506.5300077735,0.14815756126898583,0.0056193977502019266
660625.1081237586,-1448741.9392907333,2.3705209803038096,0.7913301872170759
660238.8530858492,-1459147.724261352,6.667090257104463,7.533221159889807
668586.749904208,-1449459.6194701586,3.4076239091867224,3.377095083267519
668135.0844868247,-1456652.925839214,2.814993664110774,2.9938343549656485
670530.8682430026,-1453079.1523995416,2.370520980303808,3.853050315134963
673877.8409580863,-1462524.1225706222,2.814993664110771,2.8841841998019007
664704.2845297694,-1461468.2507607022,7.55603562471839,8.17419899872716
665759.7535177628,-1460941.655330493,2.666836102841783,3.3329232686674963
669185.9887743235,-1446457.5138947708,0.8889453676139292,1.336611880896314
666449.8549162998,-1454715.5600472577,2.074205857765836,2.787247172019728
661937.7304050482,-1455755.7337973015,9.926556605022196,13.69319457437679
665818.3696854814,-1456096.0440760322,4.296569276800657,6.6939543661206
668727.3056628851,-1456417.1902707196,1.926048296496842,1.757183376154182
667539.0577154732,-1448640.0597411038,1.9260482964968482,3.039435726736616
670561.4330169342,-1460142.9728440247,5.778144889490534,6.067597271026142
671544.5437549392,-1448873.5521173184,6.815247818373453,6.967811108485545
670077.6961097145,-1451253.3177832547,8.296823431063332,10.956366624257814
658316.631188697,-1441001.1569177583,1.9260482964968424,2.682959502644725
661283.3056127345,-1442675.1387316654,0.29631512253797254,1.00321985814284
665785.9475772597,-1450022.8264853489,0.4444726838069646,0.462637680792529
672206.6913070243,-1458868.8089111284,7.407878063449405,8.613687765060263
670278.0144108424,-1441093.0893444926,1.48157561268988,1.9702004268148952
658006.4141336035,-1446224.8792685242,3.11130878664875,3.0084891306792967
670813.7444884105,-1455948.1577743788,0.7407878063449411,0.08906924371484015
663054.9988810923,-1452342.5431280131,26.964676150955828,25.064493636506466
673494.7431130228,-1459545.8291518623,8.000508308525356,7.129586566695561
662223.790426422,-1441120.5192147624,23.705209803038088,25.049218886670474
658216.744316899,-1442047.8741551018,4.148411715531665,4.977013686648363
666085.2194966346,-1446731.014164333,1.1852604901519053,1.301880188443695
666490.9531903951,-1453967.0244611464,1.6297331739588676,1.7775526517320142
659344.1653876065,-1448054.5812161602,4.296569276800653,3.587964278876525
668740.932709561,-1437408.3002662444,2.814993664110773,4.83867950210643
672877.8708975436,-1460779.9902214073,2.3705209803038088,3.7086516473055013
666373.4782685284,-1442631.6306201103,2.9631512253797596,3.2482149092099415
659631.087497329,-1448885.4494332345,4.889199521876604,4.103937726723136
663835.1024956324,-1461527.2612844408,8.593138553601307,7.242440067693101
661214.3634200823,-1463932.7627661265,4.148411715531663,3.2811637418871906
669456.4622317902,-1454512.8237820356,14.815756126898808,16.327252647299666
665986.7576826566,-1444569.5719333808,0.2963151225379763,0.3512923379725572
664509.1001522902,-1461122.4237681888,6.074460012028508,7.015035035843239
664325.4770878222,-1463472.199766641,1.1852604901519062,1.1387995348835052
663249.6667112521,-1464775.6587410513,4.000254154262679,6.573328848572974
660367.958649387,-1452808.4766572802,1.0371029288829163,0.3774717064529671
672190.8002908262,-1462921.2410337613,3.555781470455713,3.6771465618195815
662329.6967570828,-1458590.2989507564,19.853113210044402,24.785872237596884
666826.5008669107,-1461750.4009861222,3.259466347917739,4.312425615560473
666122.6189187,-1440894.3587405118,4.889199521876606,4.465642298529657
663051.5069631077,-1446322.2838710696,2.222363419034823,2.122134949784455
672225.1999285251,-1463817.9549608107,6.2226175732975,9.48289578322301
667379.5313971805,-1453881.8315606588,0.2963151225379764,0.342422160717176
668349.8848004749,-1464802.368304623,1.629733173958872,0.6521451763898156
667840.0524788696,-1437312.5706688212,6.3707751345664825,7.367311562984844
669566.6732549784,-1442083.793955565,0.5926302450759526,0.5080340240405099
670700.577839331,-1461384.3542775135,7.704193185987373,8.25532855074291
672695.9909094509,-1460043.2408388206,4.0002541542626755,5.379933473971999
667126.6545260248,-1462839.8021634598,4.148411715531665,5.7411723074332315
663328.2111573867,-1448305.3905156376,1.0371029288829194,1.0743346812880266
658795.203516118,-1450143.3343237783,5.03735708314559,5.713348183693931
659915.4774289106,-1451764.8872048086,9.630241482484227,9.394856419616291
662354.6849188908,-1447274.3572712895,0.4444726838069646,0.8480977345302616
660450.7650875782,-1454838.4343257423,5.778144889490532,6.59772581290309
665394.1052033806,-1465408.364705966,11.556289778981071,11.452347619243643
664515.3610332424,-1442889.484421111,4.592884399338634,4.7611340258499
667425.0207323476,-1463927.0309244574,8.444980992332317,8.420341005527918
668877.9034562736,-1460573.5635028193,2.2223634190348207,1.8729063228976492
665901.3024740887,-1463199.6389830536,3.111308786648749,2.8987100940788846
659864.9359746117,-1445072.371878054,29.187039569990645,26.41220281993623
672497.9856164746,-1452757.7820704328,3.111308786648749,3.165838244570306
660890.8537441383,-1444534.312465498,31.85387567283243,29.443879766062803
660591.7027757573,-1455967.9356689411,0.2963151225379761,1.6156309402564872
673853.2702456566,-1461543.3017426291,0.740787806344942,2.1311647425751072
669209.6485375429,-1440342.3157982882,1.3334180514208933,2.198292379968395
674087.9375069014,-1463649.6932632783,7.85235074725637,8.85452645773806
659925.9019482996,-1440765.084894284,0.29631512253797787,0.7742213699212543
667980.3908120657,-1457560.1371464003,7.704193185987379,7.2702056089388405
660992.4883756938,-1450845.2714177102,24.445997609383024,26.1752668787308
670559.4853173031,-1454342.9974972147,8.444980992332322,12.141601548835013
668436.5513939132,-1459768.0206970638,2.518678541572795,3.114402497428498
662765.3260630551,-1445078.4137132573,22.668106874155164,21.198050595868086
661345.610528031,-1458752.7946317527,0.8889453676139292,1.3829673903965616
664907.7119156686,-1444878.7447585622,4.444726838069641,3.9858325262206935
664266.7416018082,-1446219.42118032,2.6668361028417826,3.7595929876366303
664491.9641422329,-1437756.6155337556,2.0742058577658344,2.206566556350975
670730.613429646,-1455192.5502493659,12.445235146595,15.55812672680999
661614.7495917648,-1449605.7520018152,1.1852604901519075,0.850735692215653
663404.795109466,-1454461.824820939,5.333672205683571,4.619577755202672
666184.4213373875,-1446588.168306074,1.7778907352278623,1.9089050898748496
667300.8695095794,-1446522.0982149988,4.592884399338625,4.009480919427854
664164.7418270346,-1452208.628120693,3.259466347917736,2.9492276973218003
672090.3685213942,-1451059.815062637,11.111817095174104,10.274828182068383
669853.708221837,-1449386.7885226724,1.6297331739588694,1.6310369974715995
661050.3770546666,-1440791.5640297323,8.000508308525353,7.446341376215385
662113.6813040066,-1440262.1405853701,3.407623909186726,3.060395241568809
670511.4332085791,-1464228.661492952,4.296569276800651,5.967721437386606
661663.5939734438,-1438327.129750758,2.666836102841783,2.429610999896777
673565.9691737082,-1458662.1716673458,1.037102928882918,1.360339956002285
659338.6083493538,-1453838.8090368349,3.4076239091867233,4.224500989206868
666931.8556578862,-1439470.0416779,1.9260482964968442,1.8943544739406766
659664.3827577105,-1455832.5807761792,1.3334180514208933,2.6704441916195387
661141.729208193,-1465071.379634174,5.926302450759522,5.893460534811474
664998.9954430079,-1462170.4343002823,0.4444726838069659,0.6087616501759534
671435.5293317869,-1453168.1957267695,1.9260482964968473,1.3600674688733632
666030.5931677568,-1451888.8172613727,1.3334180514208915,0.9825658906776811
665349.506827207,-1453245.1036647449,4.889199521876606,4.607311831800169
672953.3417606202,-1462028.3695825213,5.333672205683573,3.2048341411047847
670327.7501239779,-1457260.5272280886,6.074460012028512,5.6357486570832425
662754.9624439054,-1449620.2785742588,4.148411715531667,3.562753276953737
672555.130264114,-1458674.8211881188,4.148411715531665,5.107242660208033
669872.8205728952,-1438866.9863115572,0.4444726838069648,0.51096954263566
660023.6140625997,-1451002.1124664294,0.44447268380696414,0.3499710903284927
667220.2608895414,-1457624.258489839,27.853621518569753,28.90708946731669
663542.8156576321,-1449017.439386154,9.630241482484221,8.873490211783077
667788.326394379,-1444620.008384867,0.1481575612689882,0.1028250874866693
663241.1823834688,-1447281.9700874118,25.483100538265948,27.43913855924089
663785.2170431004,-1450263.0823487057,1.7778907352278583,1.3512615801339578
671473.7056566293,-1447869.824196231,3.407623909186726,3.554376875622128
673267.8728098162,-1456687.0271759648,10.963659533905115,11.186076817005981
669104.276474572,-1463456.9945757003,1.3334180514208938,1.2919371070368464
668521.673344603,-1453289.003308949,3.852096592993691,3.5270972866477717
662569.596430181,-1448384.847737677,2.6668361028417875,2.5215735364347776
666432.6352611549,-1443612.850442687,0.29631512253797654,0.1505377010089124
670124.8117183005,-1464169.1193371199,5.481829766952556,4.469557604321795
659190.3297907939,-1452102.7902292153,1.1852604901519026,4.247046033790454
666441.5724511323,-1459907.9551848858,1.3334180514208942,0.44487634311122193
673246.4238320081,-1464010.4746843735,11.408132217712083,16.401917581039783
672042.9313776914,-1461955.8673580424,7.852350747256361,10.300653668193178
667121.6587697908,-1452516.0018942202,0.44447268380696237,0.036696786349391
668239.5503773445,-1452445.2897868482,0.8889453676139292,1.0079725083481943
666626.6897741202,-1460764.8039861456,0.8889453676139247,0.5514455592342582
668109.4914775416,-1463563.9448980798,33.63176640806029,31.80957502837239
667355.7676836757,-1464958.935348059,28.89072444745267,25.956567016749894
667635.4418603713,-1442654.8988485388,2.518678541572795,2.573851533761224
665487.0930873752,-1442039.2949480875,33.039136162984335,32.064658666322735
660981.4552955886,-1461809.9210777357,6.07446001202851,6.965228348338918
669837.3399669973,-1455198.8982637408,12.88970783040196,13.40172712978957
660633.4708342245,-1453794.0862182127,4.1484117155316635,5.101738190799892
660419.177575723,-1442750.7800476851,1.4815756126898814,0.3093087803210146
669286.4854566145,-1446310.8356232583,1.4815756126898822,0.859897271055245
669126.0500529377,-1452398.46672519,6.370775134566485,5.323379351568933
663638.765622665,-1465475.905444086,9.630241482484225,12.349037190686058
663258.9001324363,-1440172.153602752,2.5186785415727995,2.826926120648311
666355.4446210423,-1441873.972051669,24.29784004811404,23.768115942028988
663765.6608497308,-1437932.5643761442,3.11130878664875,2.7478007149667443
668292.1640845912,-1459674.128168215,2.8149936641107733,3.3696763162409953
670586.3753594146,-1442069.569831373,25.631258099534932,26.49641733393318
668129.5980035122,-1451586.6162637623,1.0371029288829137,1.6901709401709368
663154.1149748983,-1446173.7885058941,1.4815756126898818,1.368367556319825
665887.2690784958,-1449872.7505261276,1.7778907352278583,1.7944250795409529
672049.6027425481,-1451812.1611679727,8.296823431063332,8.8012224686021
663222.5187143185,-1442078.7920010241,0.7407878063449402,0.3876420655653572
667464.5709901208,-1441645.44390909,0.7407878063449411,0.6177832208590313
662952.6657022974,-1452486.8916255839,4.889199521876607,5.019387695566168
661787.6416688676,-1444709.9329633736,0.7407878063449385,0.6992167185658302
669575.0328005158,-1459160.4158493057,2.8149936641107756,2.6348026173120314
662857.6049627136,-1444191.17628959,1.7778907352278583,1.5817093063502425
666377.5379535495,-1447693.9967282908,1.1852604901519044,0.26207257094165115
666947.4737144291,-1450763.874339014,25.18678541572797,24.07209674936918
668087.0459762148,-1450693.7741879132,1.4815756126898814,1.3148716824528779
663633.6806058602,-1455309.2496359914,4.296569276800655,4.452134392501788
660655.2712437585,-1448990.1047907332,2.370520980303807,0.7612280929764053
667322.4726112513,-1440564.455915611,8.29682343106333,6.764290804454716
665153.189307102,-1464062.636235401,7.704193185987378,7.757002778220833
670903.9764156237,-1456934.7798180322,8.741296114870298,8.556457373856045
669862.0874406295,-1450024.191975472,0.5926302450759531,0.3605031651311972
660208.9354598492,-1458899.556511352,3.2594663479177397,3.481451241048884
665899.610978165,-1462163.684946093,2.0742058577658327,2.477140042770669
668098.4186108247,-1456405.632089214,2.3705209803038088,1.6994032372827128
668544.173778208,-1449213.3149701585,2.6668361028417804,2.5516722162819185
670569.3582690025,-1453325.9803995416,3.5557814704557122,5.609449997678816
664653.6395257695,-1461223.463260702,8.889453676139288,9.826031585718933
666496.0331682998,-1454961.243547258,1.7778907352278583,1.2587613034565854
667496.2894614732,-1448393.7669911038,1.9260482964968464,2.7419761965244414
662645.7620887742,-1465481.9421939813,4.444726838069644,5.853831844668325
662431.2884829573,-1458445.8616863424,10.815501972636127,13.751721848932657
670109.2904305056,-1456296.4602561519,0.740787806344941,0.6290321530534104
662272.0505653023,-1442539.1542053567,6.963405379642438,7.42105801209779
665469.0987327918,-1453868.7066365182,22.22363419034821,24.244767168396198
661386.000925311,-1441495.9894874268,11.40813221771208,10.213918726937703
671824.5151331518,-1459940.061504894,10.815501972636124,8.643819097061666
661984.5324423778,-1451325.7091282432,1.9260482964968464,2.367957215733715
667697.3248255914,-1437204.585282239,4.148411715531662,4.923545527398865
670228.5075308424,-1440848.0433444926,1.9260482964968442,2.4728108791059253
657977.8027556033,-1445976.5385185243,3.4076239091867278,3.277787183399064
672797.6074343305,-1459898.9427996427,5.333672205683566,3.8618890624685047
661980.2909746877,-1463730.882458665,9.333926359946247,13.691226767782254
670850.6837224106,-1456195.404274379,1.6297331739588703,0.9361589694807488
658260.652938899,-1442293.9471551017,4.444726838069641,5.427450786195975
671295.6157107684,-1457010.5820253529,3.259466347917736,3.1368704697044842
665607.7610289822,-1454982.8209199763,7.704193185987377,5.927661568610743
659361.6845261402,-1453091.1640063357,1.3334180514208906,0.47889485083284455
672935.5300135438,-1461023.2244714072,10.963659533905119,12.566382495822769
666762.995044787,-1460864.8313562144,3.111308786648747,1.6482221078586887
667277.3794114843,-1463831.965006973,9.926556605022201,9.889906298275834
660903.7779348611,-1440686.5758928168,12.889707830401955,14.14237145708152
659665.822997329,-1449133.0069332344,1.3334180514208942,0.19585271093182133
661178.1810440822,-1463685.3970161267,1.7778907352278583,2.379535402734189
669412.0427337904,-1454266.8032820355,7.259720502180417,9.174554599079226
671339.8935539944,-1459013.2496630694,6.667090257104466,7.10929344289964
666211.8954981685,-1441777.8049345077,3.7039390317247003,3.577250755408028
672226.0662828262,-1463168.7217837614,5.778144889490536,5.821540365798175
660031.1922316232,-1440620.4901086283,0.5926302450759544,1.556329916130203
658943.9227585831,-1446226.8621628517,3.7039390317247047,2.324014272735919
662373.3321310829,-1458836.4599507565,16.29733173958869,20.95505195214539
666883.4904949106,-1461993.7999861222,4.444726838069643,4.830836166473153
666071.0631567,-1440649.7437405118,2.666836102841783,2.134845995203732
673035.1735251383,-1462761.8927008128,5.037357083145594,6.420907197815804
672265.6813005251,-1464064.5739608107,6.815247818373448,10.435042291940915
659128.195790215,-1447085.9398437263,7.8523507472563665,7.357320963857126
670657.7767253311,-1461138.0550275133,2.518678541572797,2.73085727528275
667167.8682740247,-1463086.38066346,1.9260482964968446,3.354937691817403
667890.0554318869,-1444477.268733399,22.964421996693147,26.722968901074395
658751.5882581179,-1449897.179323778,3.259466347917737,3.7129927832312184
659952.6215689105,-1452012.1012048086,4.889199521876607,4.016910769845435
667904.9585546076,-1439186.33273425,30.37230006014255,29.64162963305606
659405.4305681328,-1442746.8163924138,5.1855146444145825,5.748681094352385
668915.0514466143,-1439132.3634769323,26.372045905879876,26.030787632024396
667967.9153763402,-1462562.8967774063,3.555781470455712,4.183153998177891
659601.4682133155,-1443849.9021394616,2.2223634190348207,2.48961663887148
669958.059332515,-1449245.89122205,0.14815756126898627,0.22313795790516
660303.4935860626,-1441742.2398537404,0.5926302450759526,0.3765554341954528
664712.5608294378,-1455164.0573335856,3.2594663479177406,4.249443066525563
665345.6999573805,-1465163.148455966,14.223125881822853,13.816111859734137
664561.6861572424,-1443135.153421111,3.4076239091867264,3.5890193314289554
672668.3938058929,-1454009.0749002593,1.9260482964968464,1.4890988625724695
661594.5508038295,-1460524.0785427,6.0744600120285135,6.7219778501086545
665860.6202280887,-1462953.0432330538,2.074205857765831,2.501152380137393
660631.1227439853,-1461982.551864122,6.518932695835474,7.395090670667076
674162.4770000486,-1462722.8672765703,1.1852604901519008,0.06353365328296512
660934.7743841382,-1444780.419965498,32.44650591790838,30.102941355588186
667072.5200612245,-1439571.317607975,1.4815756126898818,1.470531993848492
657599.6028946233,-1438980.3843767894,2.6668361028417853,2.498248721653024
671056.0896153215,-1462211.04394782,9.037611237408266,10.091098973479976
669197.932701534,-1447082.8582925012,2.963151225379759,3.459973787196031
660430.6437219491,-1447765.1899306877,0.4444726838069668,0.9478820778544224
668390.3795179132,-1459522.3251970639,8.29682343106333,9.041210808747522
661394.3731480311,-1458997.9886317528,18.07522247481654,21.992876770168795
664952.7669296686,-1445124.6355085624,4.444726838069643,3.9973753413419058
658625.523863523,-1449022.6740829016,1.1852604901519053,1.1886052428799445
658441.5674892864,-1448170.0755028077,1.4815756126898814,1.5602550425727015
663933.2372118178,-1450364.8114739,1.9260482964968428,1.6463664556539204
661169.4786153713,-1446519.2717049583,0.5926302450759504,0.00349495584734294
663359.344865466,-1454215.995070939,5.926302450759524,5.1706550060916365
664124.1908210346,-1451961.9458706928,1.6297331739588679,1.710769310279753
668643.3547313495,-1448429.0999526912,1.6297331739588676,1.7515000625360146
665507.7243075322,-1455129.3364121504,4.296569276800653,5.456180779581793
665844.2662469391,-1450901.375830509,0.8889453676139292,0.9368291568922418
664294.8942498057,-1453183.9796605816,2.6668361028417813,3.4564937238472577
672056.4517773943,-1450812.130562637,13.778653198015888,13.303469843087772
668735.7999030596,-1449557.048278523,3.8520965929936875,3.6037320286548518
662742.2657576138,-1451406.8206060547,13.186022952939936,14.117452385818222
661009.0110586667,-1440545.0730297323,12.889707830401958,14.121629376827148
665672.8778250397,-1455991.68580967,2.3705209803038105,4.4539215666094485
668871.1588795434,-1456517.536104181,3.4076239091867215,3.5781904232596116
666842.4118160694,-1454780.2165406244,8.14866586979434,6.389627300199001
671691.5882697694,-1448973.164372507,2.666836102841785,2.7905223493331346
661091.473086193,-1464826.490134174,4.000254154262681,3.48055232719806
669737.2686200526,-1455344.6797080643,18.07522247481654,19.156255604084134
657806.2528032346,-1439321.7014028043,12.593392707863988,11.165158721133245
666625.4758699962,-1444576.9356700997,5.333672205683571,6.178274889076705
667007.6793119768,-1455640.466016396,11.111817095174105,10.408766823293508
662720.8169479056,-1449372.6238242588,25.03862785445898,25.715634381048325
672593.8383741139,-1458921.8006881187,0.2963151225379761,0.017019089107363605
672408.6668091876,-1459837.8687686478,0.44447268380696414,0.4181818181818189
667269.2982675415,-1457869.400989839,28.00177907983874,29.07943686920973
672685.0170667075,-1455904.317491923,1.3334180514208918,1.271942246227947
657481.8741321845,-1443431.6597566055,1.9260482964968464,1.7215355042121696
659440.1574693263,-1447908.4193291962,3.5557814704557127,2.921469054007521
667742.729514379,-1444374.2196348673,0.888945367613929,0.8605481282531305
668689.2509913908,-1454518.5105271384,3.7039390317247047,1.7107966521115259
663193.6217634688,-1447036.8593374118,23.70520980303809,25.683058132122962
666518.7805024665,-1442733.514405241,1.4815756126898798,1.5238104526082752
667863.4023317376,-1462716.182075371,1.1852604901519035,0.8573820382000522
662938.686921711,-1461396.2337185573,4.741041960607621,8.002494650850597
667095.3781604299,-1450865.3915866874,20.44574345512035,22.880823648614594
663530.9249402565,-1455456.9630758115,2.814993664110773,3.1175058104841575
667814.3059967533,-1443496.4738044087,25.33494297699696,22.955080603835484
660800.6041978153,-1455676.3287982105,0.7407878063449411,2.5658100461496014
672092.1491376915,-1462200.9646080425,3.555781470455708,6.047690757052013
660665.1434937606,-1442706.4013543818,4.592884399338629,3.8138509335418807
666655.5675301203,-1461013.1179861454,3.4076239091867286,5.2638756894885645
661108.2825602454,-1463056.2616180168,7.259720502180409,6.208640138918627
674389.0624697991,-1463847.5165498052,11.40813221771208,13.21672818266237
668154.7144795415,-1463809.81589808,32.89097860171535,31.051322814243356
665434.7819593751,-1441794.8464480876,31.705718111563442,30.577393093285824
664057.1574767057,-1462509.6289186422,3.1113087866487508,2.250888827588354
670749.8016603631,-1442913.1413996515,2.370520980303807,2.1649207786285376
669380.8870600432,-1441102.7931652863,2.0742058577658344,1.5175648635025274
668208.4765825381,-1464701.432329561,0.14815756126898805,0.6740087188149912
669086.5320589377,-1452151.61572519,6.963405379642438,6.411224278598724
666312.4058630425,-1441627.7048016689,21.334688822734275,20.7029780843887
663064.37922472,-1445280.9820312345,11.704447340250054,10.268624608615065
663816.3874757309,-1438177.359126144,0.7407878063449387,0.5350245678981218
664853.0130079634,-1445268.4086242884,4.2965692768006525,3.2684218404011145
670548.6062334146,-1441822.466581373,24.445997609383028,25.194741250936268
668088.5901355123,-1451340.0085137624,0.8889453676139283,0.3098290598290605
661046.19404418,-1451701.0997993632,25.77941566080392,25.64136788350137
660939.0570285107,-1445418.4740986945,2.2223634190348203,2.9026658094633424
660325.7724273717,-1446643.0941844345,2.8149936641107756,2.699576331947747
670130.6738516998,-1440995.4957109208,1.629733173958868,2.101158504299931
664310.5090977984,-1446984.8748649084,2.222363419034819,2.6510259298761665
665041.8136394584,-1446091.5109341799,0.14815756126898805,0.28607617922383977
660844.8323431052,-1454900.5422557592,0.5926302450759557,2.1135462263046243
665320.1444048029,-1446802.0890022237,1.4815756126898798,1.444064371607695
667407.7699901208,-1441402.01465909,1.3334180514208918,1.1988338329766801
661748.3572948675,-1444463.0834633736,2.814993664110771,2.7509258373228263
669567.8549917592,-1449178.6012678314,0.4444726838069606,0.6524534346728217
666912.6565844291,-1450516.3718390139,27.112833712224813,26.223212320125693
668045.0890942148,-1450447.3209379134,0.14815756126898805,0.07999761622258017
662365.9445022994,-1463779.3101563705,9.185768798677259,12.998704158189796
669203.1874154445,-1451117.0807884121,2.6668361028417857,1.950442786945592
656891.165214798,-1439196.9375305076,2.814993664110773,3.108190879363069
669597.2362085966,-1460448.3460297093,3.5557814704557096,3.673600947801237
666248.2467030265,-1463011.019141681,0.14815756126898627,0.11308074199672191
663560.3684749212,-1453262.4930640575,3.703939031724703,2.8969156672153
660543.9027982262,-1444725.067755619,8.44498099233232,7.6448288752876
662116.2769013362,-1464702.0246350744,8.296823431063332,11.287692335842635
670943.1374176238,-1457181.692068032,7.407878063449406,7.047710576945834
668131.7897288483,-1457660.583961601,9.33392635994625,8.539917334946795
669240.9827758197,-1457586.7131411573,1.9260482964968442,1.8296416050562712
669901.8465666294,-1450271.009975472,2.370520980303811,2.1178830200614884
661591.7795646468,-1453627.3167709596,5.3336722056835715,7.174712873472461
664799.1347619168,-1462459.5320246464,1.1852604901519044,1.2481328286391502
665861.374612165,-1461916.671696093,4.000254154262677,4.325593237210242
670410.5632926687,-1454242.759226731,10.667344411367136,14.049543544613632
661682.2946832861,-1450476.6243904317,0.5926302450759526,0.6699387813229926
662080.2463541995,-1462673.8925938886,11.1118170951741,15.613103155482898
662685.9917127742,-1465728.6744439811,2.3705209803038096,3.5231515075169435
662474.4401029572,-1458692.1096863425,6.8152478183734475,9.119056274934625
662074.0129770914,-1452424.836777325,2.0742058577658344,1.8210797845142102
670066.1050525056,-1456050.2195061517,3.5557814704557122,3.950376038294792
671792.4167263715,-1454001.296112869,28.74256688618368,24.584841523085828
667450.8532743638,-1446622.4758807595,0.4444726838069606,0.423398369510986
663820.9375248051,-1449226.9920135103,2.0742058577658335,1.3227225069119637
662246.7631793022,-1442290.4669553568,0.0,1.2199739015215023
665509.1379807917,-1454115.4563865182,19.260482964968446,21.06507860484258
667738.5269415914,-1437451.1202822388,2.666836102841785,3.166291275881834
673074.4814728713,-1456964.9982068967,8.59313855360131,8.910028845231516
673588.0825142845,-1460557.257956074,8.74129611487029,9.394469164086386
668116.387194133,-1445480.4240311312,0.5926302450759549,0.4561791424433812
671944.8243580654,-1455884.7327176589,1.7778907352278541,2.2435380930756663
662254.124385936,-1440366.1656174434,11.111817095174104,11.815920398009954
670408.7805972168,-1464376.4777793768,6.8152478183734475,7.922635571781489
660055.4127058694,-1451862.7886864622,3.407623909186728,2.8717802330651416
661561.0708597873,-1438471.744121504,1.7778907352278561,1.6888110386179735
665654.1506469821,-1455228.4756699763,1.3334180514208942,3.23162663418794
662664.2431801404,-1460812.9708635563,2.963151225379761,6.156730289243779
661832.6519802639,-1456519.7300193505,1.4815756126898787,3.289646906322382
660775.778691794,-1462095.2756959363,4.741041960607614,5.568191418155349
661487.5209265263,-1464889.0626120502,6.667090257104466,5.941400259964075
666868.115541234,-1456672.0217797214,0.14815756126898894,0.17285005446486412
667019.044662772,-1444638.0223132581,1.9260482964968422,2.2544550008233424
671405.8431799944,-1459254.2214130694,1.7778907352278583,2.128122543719207
670956.6029421047,-1462354.2544806744,9.778399043753211,10.625363903404388
667579.6178328008,-1453586.2002400002,6.963405379642438,6.740777030963336
660069.1573556233,-1440867.5756086283,1.3334180514208895,0.7686482934007657
667952.8162225103,-1461567.0875630002,1.6297331739588703,1.7689215956679378
673059.0956571384,-1463010.7339508128,14.815756126898805,19.244671774476085
669000.6725173183,-1463602.476625633,3.555781470455712,3.550074430838801
668414.9734802723,-1453434.102490402,8.741296114870295,8.599022222040578
661492.4768104746,-1458853.603732763,13.037865391670948,16.44707186562916
662643.4258840911,-1444481.3351102332,20.297585893851366,20.797117580041032
667842.508305887,-1444231.837483399,22.964421996693147,26.722968901074395
668966.3867424654,-1445236.4363519992,1.9260482964968466,1.6213290447457631
667946.5253006076,-1439432.81548425,20.59390101638934,19.707518679539962
659444.5980661327,-1442993.726392414,2.8149936641107702,3.253546606603493
660377.0955476987,-1448773.3465588125,2.6668361028417857,0.8314808717174849
664927.736844996,-1457285.0033581778,12.445235146594998,10.736632938548858
668963.6464186143,-1439377.5619769322,22.668106874155175,21.95566282904473
664447.9811423237,-1453286.783163221,4.296569276800653,3.6699911324571137
668002.7199863401,-1462810.451777406,24.445997609383024,26.912202855041848
659652.2832153155,-1444094.6736394614,0.5926302450759506,0.675106396768129
660351.2028380625,-1441987.6428537406,1.9260482964968442,2.643924122773657
668976.6390173961,-1461576.4011549365,0.8889453676139265,1.1113088406042624
660384.9199155084,-1460878.8605552595,6.2226175732975,7.339361427554229
666179.5039194805,-1464153.1907588423,0.14815756126898805,0.8133293738983394
669389.9597661668,-1446162.1032400958,2.8149936641107756,2.3747649099750223
663858.6314656236,-1444125.0330852726,0.2963151225379721,0.4395432560695274
661625.9678058295,-1460772.0952927002,1.7778907352278566,2.6160974275235587
669268.5204834992,-1452503.3063388346,8.889453676139281,8.109559731885717
674123.1468740485,-1462475.9937765703,3.4076239091867215,2.8610322685350287
665248.1681256681,-1441036.2750204979,1.7778907352278583,1.4646308735677116
661037.3427092156,-1457035.058368736,1.1852604901519053,0.9583073805713029
670016.7840914025,-1445919.2985121142,1.9260482964968442,1.6178026778180552
667036.3185612245,-1439323.980357975,8.000508308525353,7.839858398022817
667785.0594980714,-1448595.5399310563,4.5928843993386295,5.130017343713869
657660.3098826233,-1439222.8218767894,0.5926302450759526,0.06363097758481162
671015.5472353215,-1461964.3911978202,10.371029288829162,11.199493801077
660610.8838881822,-1449624.531207801,3.5557814704557114,4.580976158543371
669252.656715534,-1447326.7287925011,0.8889453676139292,1.2746285955233874
672196.5199225612,-1451912.579386449,5.333672205683573,7.036775103420121
658069.3872628134,-1441038.0931120864,4.000254154262677,4.7162266383291644
660482.972719949,-1448009.6359306877,0.14815756126898538,1.5324225380772782
661527.9607904238,-1442623.9216421712,2.8149936641107747,2.1899152969796845
665513.7546458128,-1437831.2498358348,3.8520965929936883,4.063189220483882
666527.3951203793,-1447794.6953141175,2.3705209803038123,0.8711790291868127
670524.3434903491,-1441050.5960656228,4.000254154262679,4.45161650321759
666909.8905996364,-1449894.6860577292,0.4444726838069626,0.507240358050181
663301.9408708609,-1452303.8696597344,1.185260490151903,0.5169510743572467
658387.7178612864,-1447925.9535028078,0.8889453676139283,1.5169597601234797
660763.0924007383,-1448847.3892895216,2.3705209803038096,0.974010053670364
661727.9574171819,-1443712.6245833375,4.592884399338631,4.954054687446213
663884.6167158177,-1450119.5887239003,0.5926302450759522,0.27760260172689044
661208.8789913713,-1446766.1447049582,0.5926302450759526,1.5436506879124439
668598.0484853496,-1448183.259452691,3.555781470455714,3.5238129914179357
658439.70851114,-1443026.5605586888,0.44447268380696503,1.9823889768871208
664248.8847458058,-1452938.3421605816,5.333672205683568,5.422077870053322
668686.3369030596,-1449312.0322785228,3.4076239091867224,3.2514376336213795
662464.6253508558,-1464507.198010892,6.963405379642438,10.722672508008163
666618.3898876919,-1437611.2219147698,0.14815756126898627,0.1454861964378864
667908.7046378426,-1456823.9665466915,4.889199521876604,5.0677393860815085
659384.9333383872,-1448928.9178776387,5.629987328221547,5.065614216532254
661202.9279244243,-1453583.6778829973,2.2223634190348225,1.5663167366756223
668827.6838655435,-1456271.3533541812,1.7763568394002505e-15,0.17269329443862702
667393.4555764522,-1448539.6015339862,2.6668361028417884,3.7185275210959086
661717.1290498052,-1465997.3236732502,6.815247818373447,7.777366822753008
666166.6636226687,-1452877.864335059,1.1852604901519013,1.4394658669955156
671646.2477757694,-1448727.3538725069,4.000254154262676,3.923550768188758
669692.6628640525,-1455098.6954580643,16.445489300857673,16.86295656441917
662083.9598566566,-1458636.2026258935,22.3717917516172,27.628750797182267
669718.4494131652,-1456238.4803713537,0.888945367613929,1.217657549908828
667049.5740559767,-1455886.9135163962,8.593138553601309,7.997830543960537
657449.8514981845,-1443183.7397566056,5.778144889490534,5.92707965037868
659488.9588333264,-1448153.5425791962,1.333418051420892,0.4304633367688089
668436.1600101655,-1437084.504860172,1.9260482964968446,3.27166591505223
668641.9581093907,-1454273.0357771385,0.1481575612689845,1.8592413575280755
665552.596595323,-1443032.891791569,2.0539125955565396e-15,0.03045483859076603
664337.3641846208,-1460397.9945903937,6.222617573297498,7.127238608485452
660697.6676205739,-1454799.2636486199,2.666836102841784,4.008865706676928
666474.4716164665,-1442487.4809052409,0.0,0.0
667129.980591791,-1463735.072130045,2.0742058577658353,2.9385455521978585
662979.046287711,-1461642.9344685574,1.0371029288829199,3.140178458768167
667051.1717964299,-1450619.423836687,0.8889453676139292,0.5708240238468538
668187.1768447666,-1446481.7981494612,1.3334180514208924,1.0618043568617956
657117.3215915598,-1441422.20751474,7.556035624718394,6.805304822924524
664007.263153994,-1463146.7963480968,6.2226175732975,4.110843473305671
664198.1177621002,-1457365.9990242403,1.1852604901519062,1.2341807259359534
669747.919374203,-1460550.2074665923,6.963405379642436,6.930412933727841
667759.5223747534,-1443252.6400544087,26.223888344610884,23.89913161122826
660644.9584061536,-1444579.4063942442,7.259720502180414,6.267601552434486
666379.7712491035,-1465271.3265859955,4.000254154262677,3.757128469238677
660837.7248238153,-1455923.5522982106,0.7407878063449411,0.925174575381825
665105.3169016999,-1440932.34775869,2.518678541572795,2.353175038607145
661067.2864462454,-1462809.6593680168,3.2594663479177335,2.812783089919538
674333.666717799,-1463603.794549805,7.259720502180418,7.881810855557722
671108.4052641297,-1445881.1165670184,2.2223634190348207,2.3524686686959857
660240.3723334848,-1453730.4514596607,2.3705209803038088,3.4074647281807806
665972.0589461683,-1440787.8023083764,1.9260482964968446,1.6643288940956076
670443.986967877,-1446873.062153434,0.5926302450759513,1.555520042459218
670831.8509936859,-1445046.8544006944,2.814993664110772,2.7946425052204336
669423.3629360432,-1441349.1451652865,3.2594663479177375,2.8763805197639734
669712.3569165012,-1442184.246655656,21.927319067810227,23.386659652409172
661098.6694867865,-1458791.769473249,0.5926302450759526,0.9981144289425505
667024.232992555,-1462985.9071100503,0.0,1.5364108016535223
668512.0376256555,-1443146.6928264427,3.407623909186726,3.9158146491507724
670942.5655009872,-1443881.1890175396,2.3705209803038088,2.164687803512958
661861.8410687761,-1449567.7792097416,1.4815756126898818,0.909042704227137
661082.57204218,-1451948.3977993631,27.705463957300765,27.7852110559163
660981.0145145106,-1445664.9213486947,4.444726838069641,5.678565724063877
660368.6490533715,-1446889.3821844347,1.7778907352278561,1.525662520324044
663846.5290971475,-1456545.195758693,17.186277107202613,16.489924012604845
663679.1726476927,-1443149.8757064058,8.296823431063329,8.06150393647388
665371.683658803,-1447046.692752224,0.14815756126898816,0.11567267379239932
664391.1850659122,-1454338.014058501,26.075730783341893,25.77693499722207
670593.9627774493,-1447991.8110116892,0.29631512253797165,0.4507903984639543
670648.7484264434,-1448872.3185725939,4.889199521876606,4.64385370068759
660766.3789116498,-1460882.001682193,10.519186850098151,10.254855422659013
669549.5020765965,-1460202.9797797094,5.037357083145592,5.19347410985061
664980.2420522883,-1443931.521596191,5.6299873282215485,5.068432748147454
666592.2864872911,-1448929.7693524968,0.8889453676139318,2.507898485479589
661978.4409170183,-1461800.0337376234,15.704701494512731,22.72861122223197
668074.3682288481,-1457417.2762116008,2.2223634190348207,2.4299561711229334
669200.2341538197,-1457340.0828911574,8.444980992332322,8.082763030996777
661844.5688578569,-1445589.5080810175,1.3334180514208955,1.2986793838495785
664752.8130059168,-1462213.8695246466,4.148411715531665,3.949824376745884
661729.124679286,-1450722.1961404318,2.9631512253797614,3.2020670295005638
662132.3425941996,-1462918.3510938887,4.444726838069643,7.221488504395049
670081.1757296666,-1457301.6943140638,0.14815756126899027,0.31668964616181716
661517.0608330911,-1449750.128543014,1.1852604901519057,0.968125848538675
662122.8869810913,-1452670.012027325,1.7778907352278583,1.5176489417677583
665977.4561657393,-1457829.6055377382,9.77839904375321,9.054752270425503
671033.9596816201,-1450831.282456074,1.1852604901519062,0.0407520489761275
666974.4038501267,-1457669.5346787781,0.888945367613929,0.9513143846154639
664942.3934492844,-1450915.0444903905,8.889453676139281,9.364144247010115
665942.6681825544,-1450757.1050037155,3.2594663479177397,3.330061790521332
671720.1623018158,-1447827.9344837149,2.518678541572797,2.7143544421093946
657855.7404470707,-1445357.2897222103,4.000254154262678,3.950644651537434
673020.2315988713,-1456720.9559568968,9.9265566050222,10.333886157400782
669348.8827614746,-1463405.512243324,0.2963151225379763,0.2272479167172663
660737.1163603604,-1438823.3646896188,3.852096592993689,3.280787082383364
668073.033698133,-1445234.2390311314,1.62973317395887,1.4764578782810338
662402.9315849451,-1454427.764183205,9.333926359946247,9.375143031861326
662677.4845662145,-1450501.114789206,4.296569276800653,4.17223952770906
670371.6034652167,-1464129.283029377,1.1852604901519035,0.5654274769573382
660096.9784478694,-1452109.284436462,4.296569276800653,5.902678251832449
666689.4425524671,-1459875.425058649,3.1113087866487454,4.001031258052567
668046.9412945602,-1439286.8811284509,19.556798087506422,18.32127788920946
665076.2040611047,-1457387.8032670366,10.519186850098151,8.680214488282823
663910.5486032311,-1463288.3381055288,5.1855146444145825,3.3002174453493502
669637.9642484938,-1455490.5130796237,1.3334180514208915,2.3131795857616866
661978.4239935314,-1457635.9923331628,0.14815756126898627,2.4011825679283403
672787.7400172483,-1454733.2094725152,22.371791751617195,22.303704456635273
667874.0115895763,-1460685.8862265288,3.5557814704557145,3.353096179183137
662558.8047534799,-1455552.2451252525,1.0371029288829172,1.0132033193724315
661881.250234264,-1456764.9537693504,2.814993664110774,1.3314889530437233
660734.7906937939,-1461848.6626959362,5.037357083145592,5.94798446929652
666970.7700367721,-1444392.7303132582,0.29631512253797654,0.04174367790113287
666907.9024212341,-1456918.7752797212,0.8889453676139292,0.5607668724298192
666362.1274844732,-1457893.1448945256,0.2963151225379743,0.077279049593999
664239.4074088398,-1465278.5455607064,5.037357083145594,7.340051648307309
669670.7285041569,-1443207.3365678252,3.7039390317247025,3.1028267595853247
659846.9667459918,-1438765.9869635836,0.296315122537977,0.5285514824378392
665619.2709329567,-1444011.7687595375,2.5186785415727972,1.999955793543709
671623.7841294669,-1460856.0781389596,4.000254154262681,4.2874848762658075
657259.6191537236,-1442416.8799796763,10.371029288829165,10.396616947114149
663702.0545133497,-1456441.542694327,12.445235146594998,12.39883689289338
659298.8420545759,-1441764.2959619346,0.44447268380696237,1.519172728401033
663467.9774775868,-1442032.2287549367,1.7763568394002505e-15,0.5336728781239568
662611.246512091,-1444233.4203602332,18.371537597354518,18.927929507019627
666702.1646609626,-1450812.0453653117,2.9631512253797614,3.451436660090007
660452.3688864331,-1443613.2636934516,2.3705209803038065,3.2243293733978127
667840.3642023909,-1450734.3494546567,1.0371029288829172,1.259933184104126
666105.5914961465,-1439881.2721769721,1.1852604901519055,1.2868790725121209
661066.3829341072,-1446667.1699147616,1.3334180514208955,0.6214364656672564
667431.9075788867,-1452840.8322741338,6.07446001202851,5.386324852328941
663879.7581529354,-1455265.2262976645,2.3705209803038088,2.621039987247979
664880.909732996,-1457039.4543581777,10.667344411367141,9.35792213481831
669453.1329202894,-1453496.4010495977,3.552713678800501e-15,0.6140768993565562
667415.1068826702,-1443435.2080769748,2.6668361028417826,2.968883559384542
664392.8248943237,-1453042.9964132211,8.000508308525355,8.363864415582555
668435.1539416979,-1441392.3618273265,2.518678541572795,3.3280933084125675
665336.9978981495,-1441939.4396278146,2.3705209803038088,2.9484568732086593
668930.3268853961,-1461330.7329049367,0.7407878063449433,0.4368480498116143
669837.7382828325,-1445069.498781203,2.8149936641107716,2.6613736663267553
670050.8009852831,-1461254.1118062343,2.5186785415727986,2.6212842427662846
666141.0966774805,-1463906.5460088423,2.370520980303807,1.305300251540043
668487.9137447565,-1460515.3467182685,0.888945367613927,0.896871684552893
669230.4866134991,-1452256.2183388346,9.63024148248422,9.01454716638063
665206.8896336681,-1440789.7265204978,3.7039390317247025,3.6007659614324705
662228.9540250326,-1446678.29602456,1.1852604901519053,1.061420378657941
659988.926694181,-1445670.5165012241,6.815247818373448,6.153839567797116
668595.8561526184,-1464757.7499609024,0.29631512253797876,0.4742368133543202
669321.4949258307,-1442132.5949415364,21.482846384003263,22.336608045581997
667986.7153531873,-1451485.6667911375,0.14815756126898627,0.6970490659493906
663980.3109590954,-1439924.7463830342,8.148665869794343,8.644327226336223
670481.6493732589,-1460411.1122048004,6.3707751345664905,6.475906153088869
660653.5083901824,-1449870.8497078011,2.3705209803038105,2.9914590929955622
669603.8989166969,-1448036.4521231363,27.2609912734938,21.901774403342245
672153.9631745613,-1451666.329136449,5.778144889490537,7.204676969038916
662516.8252013072,-1442488.633895568,8.741296114870295,9.00897033057629
669387.5934801812,-1459565.6991190338,4.592884399338627,4.563657575974866
658119.3823908134,-1441283.0356120863,2.3705209803038105,2.8438409582684985
661477.5338004238,-1442379.075142171,1.7778907352278601,1.6488108939608672
665476.9150178129,-1437584.043335835,6.667090257104462,7.168750891923433
666480.3233643792,-1447549.3150641173,6.815247818373451,5.731305554789546
667620.8778185332,-1447474.290871698,0.7407878063449402,1.389881606249883
671688.1931501685,-1454776.3808067897,1.9260482964968464,1.5987774350085837
666871.1727176362,-1449647.707557729,1.7778907352278583,1.9570109966475904
673415.6971682109,-1459817.9465122567,8.593138553601305,9.474420324906482
661522.194701216,-1454545.8784531802,8.148665869794339,10.815261784442383
661694.4356731819,-1443464.9013333376,0.14815756126898805,0.09987528410487911
664283.2827517884,-1447995.8394637457,0.7407878063449367,1.1779508777911099
671047.6422923274,-1457041.8857858023,0.4444726838069646,0.32942295774004937
665853.7101440225,-1454938.020193337,3.5557814704557096,2.572062084257203
669078.7412011576,-1450506.6209161524,2.814993664110774,2.070473889687894
668327.8481874261,-1446582.5675161092,1.1852604901519026,0.9140232322649329
666047.0924762082,-1445971.836004521,0.2963151225379721,0.47952212774035674
670506.4948527392,-1459380.1240943996,4.5928843993386295,4.995223491077397
659602.2495980199,-1455196.7993102856,7.556035624718391,8.643243152633012
666005.0428100456,-1462016.792432393,0.4444726838069606,0.4626255778700461
662505.0295948556,-1464753.907260892,3.259466347917737,6.066804568801643
662123.6750765429,-1457741.8299886019,8.889453676139283,12.475111050612195
666581.081133692,-1437364.0271647698,0.5926302450759531,0.5030742342735675
661094.0876422359,-1452688.1446260116,2.2223634190348207,1.716642957314125
661776.5849189038,-1450317.8495830055,0.4444726838069668,0.3560120899739001
661251.4971724243,-1453828.864132997,1.9260482964968428,1.3525388118081718
671436.6836386549,-1446856.720769264,2.8149936641107747,2.5007488293017213
672011.240860187,-1449897.1451627999,0.8889453676139318,1.8522402437278354
661664.0431738052,-1465753.0466732504,7.111562940911426,7.697061653467545
671252.5483712824,-1445983.8276539226,2.518678541572795,2.6274647651003296
663176.0533116865,-1458343.9263822453,9.33392635994625,11.606066196256926
661239.9764750381,-1441401.5763500393,15.704701494512735,17.197821710747398
657772.9845074206,-1446385.162404248,1.9260482964968446,1.3804350976797686
672511.6099351984,-1464019.6806499672,9.778399043753206,12.671253475475314
668018.3300098991,-1445621.7716784142,1.4815756126898778,1.5783720132913235
672050.5948172056,-1455734.0814527438,0.8889453676139292,0.2138071277212501
666880.4520934413,-1462883.107824978,1.1852604901519062,2.5022860934066795
662267.0702810135,-1447550.6335349828,0.4444726838069606,0.11225339603960816
665513.3848453229,-1442786.075291569,0.2963151225379763,0.30216906775803365
667531.9890101157,-1452695.1014273507,3.111308786648746,2.820249466558267
660742.106880574,-1455045.23589862,1.6297331739588694,3.450609818683959
667938.3632490898,-1440357.0301248364,4.592884399338631,3.588617601250469
667180.6847137911,-1463979.8186300448,3.1113087866487517,3.8356419204087384
668152.4727167666,-1446234.233649461,0.5926302450759495,0.5656637687622412
657067.77059556,-1441177.1720147403,4.74104196060762,3.9154420960937952
665265.0245691739,-1458114.6336215092,14.667598565629817,13.200000000000001
660985.6110357577,-1464092.7619214086,3.2594663479177406,4.101648974372426
667484.318601035,-1460629.8291945348,1.629733173958865,1.903920691531539
664151.5377621001,-1457120.3875242402,7.852350747256365,7.607288785775028
669695.1953742029,-1460305.8534665923,4.444726838069641,4.695120366061064
660101.0448341864,-1452745.5796636757,2.0742058577658344,0.6894194220795384
659170.00914112,-1440739.7171285786,6.815247818373452,5.722580906612756
660688.8790461537,-1444825.513894244,7.852350747256365,6.926663141959868
665060.7264056999,-1440686.3617586899,0.4444726838069668,0.8856073566832348
669299.560035297,-1440081.148616456,2.518678541572801,1.9323807325617413
661131.8810380569,-1457890.1376237764,4.444726838069643,3.221175142460597
671079.5018861297,-1445632.8200670187,26.964676150955825,27.628090468141465
667174.1308621315,-1451872.4337030002,0.14815756126898894,0.3608628848398183
660285.3068314849,-1453976.3772096606,5.926302450759522,7.19034887856556
670476.006213877,-1447120.9991534338,0.5926302450759504,0.20038770177613685
670791.779241686,-1444800.1689006945,15.556543933243745,16.732431248224405
662231.3479622818,-1462774.025147895,0.7407878063449402,2.803486100008893
660182.7985321224,-1447797.925539475,0.29631512253797787,1.440569728088084
658578.1643236568,-1450314.064433781,3.552713678800501e-15,1.1917636793343913
658779.6196476242,-1451165.5150592104,1.7778907352278583,1.8640550422319553
662584.9358664488,-1443480.4945303365,0.14815756126898805,0.20531868383368934
663606.835750709,-1454180.7555439738,8.444980992332319,7.61379425668384
663804.6104691476,-1456298.7425086931,11.55628977898107,11.230739087154692
660204.5724046552,-1441888.8809888423,1.037102928882919,2.295430904116299
664349.5464378066,-1442030.9692730452,0.8889453676139252,0.9032877637734895
664358.0669339122,-1454090.3335585007,26.96467615095582,26.759759522744538
664047.9752269211,-1453223.0558140576,4.148411715531663,4.7613313332625165
664828.4850356856,-1439839.107424554,7.259720502180414,8.542611608590004
667388.7390406379,-1442695.3500246066,0.14815756126898405,0.2065621796417565
670694.1950404434,-1449118.149822594,6.518932695835471,6.090808082010398
670183.1148513106,-1444873.6016918726,5.037357083145595,4.647758251727949
660713.2307796499,-1460637.728932193,9.63024148248422,9.084641191938749
662462.7852661782,-1453382.7976488168,12.741550269132972,11.925450405129231
666543.7044912912,-1448684.538602497,1.9260482964968482,3.7979537305339397
661735.1413195931,-1456666.69204431,4.000254154262679,5.4067677151941815
661792.964731857,-1445344.9530810176,18.816010281161482,18.11468914131337
664651.2377474888,-1450096.4816807758,4.296569276800655,3.9019545324767364
658171.0695927686,-1440895.705498621,3.259466347917736,4.0374569489432
665642.925179865,-1449925.601626864,1.3334180514208915,1.3580836867608506
670044.4594796667,-1457054.4150640639,1.1852604901519033,0.7801093246562905
663095.3410190769,-1456464.0785428581,0.4444726838069659,3.8081166927582455
667270.8118719098,-1447656.9501488255,1.1852604901519062,0.5255309982002636
664031.7967753427,-1450221.8913872018,2.2223634190348225,1.7873611223090666
671090.03005962,-1451074.8902060739,2.666836102841785,1.502293509580392
670284.1240726248,-1440088.5598809253,1.9260482964968462,1.582799868299759
671328.6825729277,-1451903.8071192747,0.14815756126898805,2.3203975399505428
667023.4412281266,-1457914.6771787782,0.7407878063449387,0.7789669827224233
664999.2433412845,-1451158.4262403902,2.963151225379758,3.022185904917991
659194.8967862412,-1447956.816909106,3.2594663479177357,2.70317383741714
665990.3185585544,-1451002.5095037157,0.14815756126898583,0.1422140156739351
660693.1383703604,-1438577.2676896187,1.7778907352278575,2.5242544771600883
662692.8197516291,-1461441.3934638,3.1113087866487543,6.823858622130903
662448.0860849451,-1454673.647183205,9.630241482484223,9.684004185223284
672172.3447227213,-1456967.214134422,1.4815756126898796,1.3073035396534274
661116.2035373026,-1440401.511095367,6.222617573297494,5.621823672070185
665685.2338710215,-1461208.1133936713,7.70419318598738,7.962872851883413
668093.4784205602,-1439532.498128451,24.001524925576064,23.079593002103998
665026.3949391047,-1457142.8187670368,10.371029288829163,8.927311622812498
663955.659349231,-1463534.215355529,1.0371029288829217,1.4376450099881932
669591.6018744938,-1455244.8548296238,10.074714166291185,11.061212199423581
659101.4924975426,-1445068.1188444416,2.9631512253797596,3.7288601933403367
662021.0733915314,-1457882.3270831627,9.185768798677259,13.849022553882268
660862.5912259625,-1463102.4405567276,8.88945367613928,7.93184098309103
662728.3864368745,-1438504.130612964,0.14815756126898627,0.3281807486528181
662806.2141009078,-1462564.892246737,6.370775134566484,7.808629572703207
660430.0578901846,-1454079.3582762873,8.444980992332312,9.384302556413463
662579.778850427,-1449271.3361560218,1.0371029288829192,0.8363649904116504
668454.2591394477,-1464655.7357508335,3.407623909186724,3.8120811145945246
669422.3153100254,-1441985.483811839,0.1481575612689882,0.12161408750869984
663057.3802152243,-1440462.833484205,4.592884399338628,4.63643991698648
666556.4162320433,-1441573.3395601055,21.927319067810224,21.731880832226942
667883.235525548,-1451628.9533993134,2.074205857765831,2.492517791297182
657342.2187923566,-1443315.3392072367,32.59466347917737,29.657351454448044
664277.2617808398,-1465525.6610607065,2.0742058577658327,4.771628583048923
669580.6211311765,-1464517.210757608,12.000762462788032,11.191703659162053
668543.6121839818,-1454418.3835474816,2.518678541572797,5.14974405775367
663033.6843603345,-1463421.2206899207,4.444726838069641,8.505974287874968
665574.1741769568,-1443765.8790095374,1.3334180514208933,2.167587095252575
671662.9185054668,-1461102.9651389597,8.000508308525355,8.35410511842085
657209.4082757237,-1442171.9864796763,1.3334180514208915,1.2646139132999643
659346.658552576,-1442009.6764619346,2.963151225379762,2.053561771950389
663659.5666373497,-1456195.185194327,7.704193185987382,7.96380980028373
663518.8670855868,-1442276.8652549367,0.44447268380696414,0.7257590755737642
668278.2352052578,-1440139.805339705,1.777890735227856,1.30947888594124
660497.298014433,-1443859.1876934515,6.963405379642433,8.625172367850217
667798.4073203909,-1450487.8962046567,2.3705209803038105,2.654802482779584
666058.3847481464,-1439635.774176972,8.444980992332315,8.76367359520496
669410.1091622893,-1453250.1495495979,3.852096592993691,5.035372721332141
661677.9018394351,-1461599.7460713987,4.592884399338631,9.537312622282723
665290.3946601495,-1441693.8711278145,5.037357083145594,5.9012241629969875
669654.6000422419,-1450307.556131662,2.0742058577658304,1.7760220858394478
669278.774353879,-1441250.825254119,3.7039390317247047,3.1793766422907748
662186.0672890325,-1446432.03802456,0.14815756126898805,0.038137938757575096
660029.981704181,-1445917.1217512242,1.9260482964968428,0.6880046797374142
661834.1762773062,-1462718.0363570615,12.000762462788026,16.569277235260962
669367.5276758308,-1442378.3146915364,2.8149936641107693,0.9213538082938584
664025.6765790954,-1440170.586133034,1.6297331739588685,2.1943616217387483
662320.8480830474,-1452385.384895319,0.8889453676139252,1.1929313460957505
658006.5743687988,-1447386.5238679824,1.629733173958868,1.9800657157792343
669644.200920697,-1448283.1766231363,29.92782737633559,25.14919668508495
661189.1262141906,-1451804.2396393914,1.1852604901519055,1.4758913273643115
660837.5063062707,-1445563.862737471,3.11130878664875,5.187772039046027
660223.4675534822,-1446788.6894483787,2.0742058577658327,1.9022165452365372
664461.8243372935,-1447084.1935527925,3.7039390317247003,4.454997754696612
667204.5140682862,-1446665.064299414,6.667090257104459,6.251074162109288
662491.537815307,-1442239.946645568,1.7778907352278566,2.807886220000002
669346.3405001813,-1459319.132119034,2.22236341903482,2.318808767054299
661854.5620664605,-1444317.6309651453,17.03811954593363,17.38096115664561
670451.195910409,-1447891.9779704153,1.926048296496846,2.73288261773503
662260.601251975,-1463926.4396013115,8.741296114870293,12.483869191089294
671728.7914041686,-1455023.05530679,2.6668361028417826,3.748494094850046
671697.4258994223,-1455920.1986332643,0.8889453676139292,1.385901774195853
662007.8096518589,-1440408.5902785533,16.59364686212666,17.003959747552216
665033.6786188001,-1463304.472873044,0.44447268380696414,0.35725133913549634
664339.4744437884,-1448239.3559637456,5.333672205683568,6.14705856415608
674024.1051849333,-1461771.4295642434,0.14815756126898627,3.408603168414979
671084.9474123274,-1457289.0757858022,0.5926302450759509,0.8722582415909237
669025.5380771575,-1450262.3601661525,2.963151225379762,2.6223313870487894
665996.0339742084,-1445727.111504521,1.3334180514208938,1.319740776924586
670459.7819727391,-1459134.5328443996,1.1852604901519035,1.1123997603615539
659558.1790980198,-1454950.7210602856,13.18602295293994,14.270357555144862
664924.4584562653,-1461293.2930890294,4.741041960607621,6.212364691962065
663213.511280095,-1457453.0135494848,3.111308786648748,0.7418974143735646
662078.8712026598,-1456476.4492928288,2.074205857765829,4.0370147179091385
661825.6357949037,-1450562.9823330054,1.4815756126898838,1.5178198646862227
666842.6252716647,-1445571.1750930706,1.7778907352278601,1.8448019894668501
670223.5806887134,-1457404.0366046545,1.3334180514208898,1.727314113287135
671970.295488187,-1449650.5509127998,0.2963151225379761,0.5256294219443598
671216.1278712825,-1445736.5841539225,28.00177907983874,28.395280163487612
663220.8001776864,-1458589.8803822454,8.741296114870295,10.604680718961035
667708.4656479794,-1461619.8983860952,1.3334180514208898,0.8100947352553813
668023.2225816087,-1455650.8217800898,3.111308786648748,3.132689793463408
671619.2976069446,-1447971.689966177,1.1852604901519035,0.8944346987195178
667738.7675641826,-1454819.8461785968,6.667090257104461,4.892436081270528
657745.8647614205,-1446136.645654248,0.5926302450759522,0.3242973333937069
673170.8868677302,-1456824.1638253338,10.963659533905115,11.281958381594674
659214.3049081957,-1446813.2710688757,5.778144889490532,4.667825741778572
667969.7410098991,-1445376.5634284143,0.5926302450759486,0.8649225958640314
668867.6617497797,-1455510.6317353244,26.964676150955828,21.890650699721725
672083.3673312055,-1455981.921202744,1.3334180514208915,0.8051654065656773
658920.0086303977,-1451265.1224283725,0.44447268380696237,1.007108647102589
657787.1745164418,-1444346.4131025122,1.037102928882915,1.0133579757338853
659142.5845790049,-1453258.9157435829,1.0371029288829199,1.2049006690118045
669820.5692849855,-1443921.7821996212,0.14815756126898627,0.10304542406293127
660058.2061398218,-1441790.5399149775,4.296569276800653,3.7740378401311814
659262.9066955622,-1454102.1473013097,1.9260482964968428,2.6420192019986963
672686.634656429,-1454878.44028056,2.222363419034821,1.8520252630719645
662588.3086083739,-1461584.4168891278,3.85209659299369,6.514691253341828
666033.6019315362,-1456936.9028031623,8.889453676139283,10.459847107285862
664177.4545163298,-1458385.0142034695,9.630241482484223,10.71604176429945
668729.290857964,-1461611.7118678112,2.666836102841787,2.8281171019156095
669846.9451437094,-1461556.047402976,7.556035624718385,7.893299682472302
666872.318409499,-1444537.5487218513,0.5926302450759526,0.7133432863912703
660949.6040277578,-1463845.3711714086,5.926302450759519,4.741742101085574
667527.1217470351,-1460876.1319445348,1.037102928882918,0.9728755401699267
664066.0867498526,-1464300.0179090404,2.6668361028417884,5.360849320147546
663266.8298808944,-1465523.2956736027,12.445235146595,14.50071963948852
660148.3817121865,-1452991.0526636757,0.8889453676139265,0.7243244390628725
673040.2839578567,-1461758.9252593494,4.296569276800655,6.26916079317788
659211.50640112,-1440986.2246285786,5.926302450759521,4.854392261941907
658867.9722803563,-1439027.2942271563,1.1852604901519044,0.6125261424846578
661694.0075517364,-1445491.741779361,6.2226175732975,5.845150112046066
668098.5941524564,-1461662.0303209508,5.926302450759524,6.166487616503586
667126.9527301316,-1451626.933203,4.296569276800655,4.085439033613188
659699.7385919996,-1438661.7723295956,2.6668361028417853,1.9761059554706275
664628.3193096037,-1465339.0966286636,3.11130878664875,4.1297205186784804
661243.8346606917,-1447544.4167587182,3.852096592993684,5.392874414389432
670050.8406739273,-1462275.546138321,6.07446001202851,7.419638784820396
662749.6488927428,-1444334.6810137802,0.4444726838069625,0.41014869801858705
658527.6954476568,-1450069.3276837813,5.18551464441458,3.630031406632999
667413.0530590222,-1447758.4850226687,0.5926302450759522,0.03185479771859079
670937.3995213243,-1450973.7573265657,1.7778907352278566,0.7378318993003905
664204.8514098024,-1440761.8241439483,11.25997465644309,10.782631814517174
666661.9428302717,-1449926.518570105,1.1852604901519055,1.1957696489485972
665092.2019043622,-1451018.9133932232,7.556035624718389,7.710408798165579
663776.4118688507,-1455409.7160665202,2.518678541572797,2.8000116002548143
668860.8867006232,-1445382.981375108,2.0742058577658344,1.9266337710512016
666952.0949542413,-1440622.9747310737,2.2223634190348225,1.8776219989269816
662530.9238644488,-1443236.4292803365,8.889453676139286,8.351436933497494
664889.3706292082,-1463200.3941639573,0.5926302450759504,0.6993133577103858
664394.8563178066,-1442276.823273045,2.0742058577658344,2.101099331028608
666042.8511104641,-1464053.4066095052,3.703939031724701,2.6644646836264307
664784.8281380651,-1442970.512490156,2.3705209803038065,2.506357305106282
667362.2630366378,-1442446.7817746066,0.5926302450759549,0.42289552687376997
660251.3601756776,-1457992.5676972214,3.5557814704557105,5.379807395471475
669125.8643883234,-1446087.432394771,2.0742058577658344,2.792740496605997
670227.9616113107,-1445119.5404418726,5.629987328221547,5.334596963726189
670160.1266071594,-1446020.9217925225,0.14815756126898605,0.12210320398445318
662504.3403881784,-1453629.3156488168,12.29707758532601,11.449915617125685
662411.3515931424,-1442639.9954955326,6.81524781837345,6.873243926531595
665569.2585263012,-1448906.7468950243,3.2594663479177397,2.392095802675307
658217.1517187686,-1441141.3982486213,3.111308786648748,3.8434050905764656
664061.7202808025,-1447008.5855782197,3.7039390317247007,4.38918336964017
662307.369922422,-1441485.9802147625,1.777890735227858,1.0266854718111986
663157.3330017334,-1452198.03542307,13.334180514208924,14.448701236881428
668722.5555203925,-1455407.926415256,3.1113087866487494,2.2681323129639077
667230.9913719099,-1447410.1433988255,0.14815756126898982,0.2616714602620309
670238.1091966247,-1439842.8331309252,1.7778907352278581,1.4312561709492264
671370.1479369276,-1452150.3343692748,3.111308786648749,1.4487563835804504
657882.8997068679,-1444198.804638301,0.7407878063449429,0.6903107290826127
663862.7123238032,-1451249.3832844463,3.1113087866487454,2.941410792620851
668681.762091561,-1437038.0365162445,2.222363419034819,3.7094389237572702
671765.7877661797,-1460960.8456274632,6.2226175732975,6.330127098828276
658336.6219234515,-1443183.7227871786,2.963151225379758,4.585114562711391
664583.5334392209,-1460354.6651980628,4.741041960607619,5.543243811255673
661524.9114753647,-1455574.9214702023,9.778399043753208,13.858102962097
662733.1791176291,-1461688.0942138,0.5926302450759469,1.961542430048473
668012.9289036955,-1456679.4250885672,2.3705209803038105,2.6461226049552025
665636.5878710216,-1460962.898893671,8.000508308525355,7.876907878015283
666573.180816907,-1454695.2082029195,1.629733173958872,2.380570844500338
663180.7913372521,-1464407.0474910513,8.00050830852536,11.973625298386839
669309.3080889884,-1453394.5843936591,5.926302450759524,6.55653582093168
661568.5898714509,-1465897.3088413463,7.259720502180416,7.83449255993025
667233.2736141915,-1445638.080377609,1.9260482964968462,1.945588005846234
663603.2455088176,-1460440.6303439424,8.741296114870295,13.43552383494239
660821.5951119625,-1462855.8383067276,4.889199521876604,4.5359839340919414
659504.2661507796,-1449809.871453244,7.259720502180415,8.918159374835943
662085.295770841,-1446572.1079840863,1.1852604901519053,1.2091398959348834
668470.3458579883,-1442285.10978718,1.1852604901519035,1.3842732483332643
671078.8523632011,-1445008.4434859795,0.888945367613929,0.9221267432841764
672329.7472610332,-1458846.855580734,7.556035624718391,8.730841769535592
668490.0716374477,-1464903.1425008336,10.074714166291189,10.658877907265499
671602.5819937041,-1460237.380861238,1.777890735227862,3.750520086258275
672641.4937854509,-1459672.3888388206,5.1855146444145825,4.2548925782630755
669466.8754360253,-1442231.469311839,3.259466347917738,3.7112221644822387
664125.0466273392,-1440023.237253036,4.7410419606076175,4.57911380770065
662407.4754208908,-1447645.5895212896,1.0371029288829132,0.6863066250170933
665658.4616383729,-1442886.0394355434,2.5186785415727995,2.6211901806647386
669978.034339428,-1463418.0342405802,7.556035624718389,8.035062246004067
663074.9409803345,-1463667.7899399204,7.8523507472563665,13.045240508793933
657215.2667158658,-1441277.9291736316,5.629987328221545,5.133570531203648
668323.6892072578,-1440385.637839705,1.77789073522786,1.2800654684247934
659790.2914826117,-1444704.968628054,28.594409324914693,25.737177773649545
664436.7432713234,-1448095.3141229977,3.1113087866487517,4.211752637884499
673920.9371116566,-1461912.1099926291,6.370775134566486,9.774580625872183
669149.7514135428,-1439972.4820482882,3.8520965929936906,3.677943109157072
670299.3413412187,-1446121.7718225992,0.888945367613931,0.4798058121757318
664735.0059983105,-1443980.0077683562,0.2963151225379784,0.18561085602109928
661732.2913134352,-1461843.7133213987,12.593392707863986,20.01070346453451
664015.7377562281,-1445008.088097705,6.0744600120285135,4.972354302406609
669918.5954888847,-1451027.3768654587,1.0371029288829154,0.12947491266350575
670496.489683303,-1453973.6717472146,3.703939031724704,6.984861227922628
670744.7811965162,-1449993.8720673234,4.000254154262677,3.80947477899843
662846.027809055,-1445444.5649632574,22.964421996693144,21.620921329663293
672114.9208493968,-1449750.587418734,5.926302450759518,5.577636500721768
664548.2148882328,-1438127.3455337556,2.0742058577658344,2.1723232146333027
662369.7220870475,-1452630.560145319,1.1852604901519013,1.4963621888422023
657950.0861187987,-1447142.9988679825,1.0371029288829172,0.8462340094786582
658918.0876151811,-1450120.440398618,6.66709025710446,7.094993494961182
666237.2028413875,-1446958.977556074,3.7039390317247047,4.1823387934835585
660876.6690662707,-1445810.764237471,3.407623909186726,2.9389689996306303
662276.5611336138,-1451534.3893560548,4.741041960607616,5.226778789802181
660269.0857934821,-1447034.4876983787,2.518678541572795,3.2097121541736207
667150.1463182862,-1446421.0540494141,3.4076239091867238,3.0476652704623435
669795.0943438369,-1449016.3980226724,0.29631512253797654,0.26514626147609466
672195.6377288578,-1450908.4695780142,5.6299873282215485,5.2876542168228715
670492.859910409,-1448138.4714704151,3.7039390317247007,3.9743303605692373
663110.1993380934,-1451334.4889639593,13.778653198015888,14.715523714682396
662646.9316082215,-1454373.7962418115,5.333672205683571,4.92248678140878
661975.4304158589,-1440160.7270285534,3.4076239091867224,3.310853616093952
666024.3353007489,-1463177.5598874008,2.9631512253797645,3.1112804224618262
664992.2398808002,-1463057.944623044,1.037102928882918,0.9689572822350101
659411.5396013537,-1454206.6367868348,6.074460012028512,7.0778682172166345
660009.9143284645,-1457038.0379178636,2.518678541572797,0.34855635230156246
665184.7870651935,-1452019.447934235,10.963659533905112,9.68423542047645
673977.0478009332,-1461525.9090642435,1.0371029288829199,1.7106695665186376
669683.8202980761,-1437011.8314243942,9.333926359946249,9.71354078878789
659730.9672657107,-1456201.6202761792,0.44447268380696325,0.7017576887125045
666137.9881989807,-1456787.5976402336,7.8523507472563665,9.689282641668463
671366.9351897868,-1452799.5267267695,3.111308786648747,3.106089166842091
662748.9112920674,-1460552.6523640337,4.444726838069641,8.462318595665183
666772.5780534938,-1444679.7468852964,1.6297331739588659,1.9039263065826744
665283.961081207,-1452875.8976647449,8.889453676139283,9.119868575823286
662804.0084875915,-1455503.5690080056,2.96315122537976,1.0537810780790613
666640.0085123875,-1455714.0522976543,12.297077585326008,10.486122660143014
662127.4694566599,-1456721.6730428287,2.2223634190348234,0.5841211414569667
672888.5580086203,-1461659.6295825215,3.8520965929936875,5.580345153552056
670186.8578187132,-1457156.7618546546,0.7407878063449371,1.1931178102242606
662952.2119040517,-1456359.1225485853,1.4815756126898822,5.187677435323966
666114.9189031678,-1457930.166012222,4.296569276800653,4.764305896891012
663594.6825416321,-1449388.724886154,0.5926302450759522,0.04963289288619066
663483.159503178,-1448534.0110320428,0.1481575612689882,0.10350100698025216
667756.5908959793,-1461865.218886095,8.000508308525355,7.672953341173475
664485.7215122755,-1465235.7910750494,9.77839904375321,11.890795161295067
671573.5768629445,-1447725.915716177,1.6297331739588676,1.835716836488892
667701.1375701827,-1454572.7436785968,6.3707751345664825,4.804562871503425
668580.701960603,-1453659.211558949,4.444726838069638,4.79638149545427
657965.0995619567,-1445214.3034486382,1.9260482964968466,2.023107550282477
673117.9468617302,-1456579.8408253337,1.9260482964968442,1.8534984387099853
660591.8860698759,-1438720.5267269514,4.444726838069645,4.605465180920418
669949.7593483636,-1462428.3194358547,5.037357083145594,6.396132723014407
668824.8039817797,-1455264.3399853243,26.964676150955828,21.837504102966186
658684.0842535405,-1442974.370332981,0.296315122537977,1.4032388787514298
670182.4357123005,-1464539.6285871197,2.518678541572797,3.9441517658562404
657506.4537990157,-1442377.2773124445,10.371029288829165,10.402568948141468
668192.5960456573,-1439388.7392292866,16.593646862126665,15.880680349083011
658880.7948743978,-1451018.2976783724,1.0371029288829146,0.5635102828894691
657733.7713944418,-1444102.1841025124,1.1852604901519053,1.2109778709003196
659095.5124510048,-1453013.5167435827,2.0742058577658327,0.4135553906139613
664679.8712089432,-1456310.290890035,9.185768798677259,10.407631332009089
667185.9306417907,-1452885.4318942204,0.7407878063449402,0.399038597099838
669874.4117829856,-1444165.9039496211,5.185514644414582,5.744451347405778
659214.912691562,-1453856.8063013097,2.963151225379759,3.714538334938146
672647.6707864291,-1454631.57353056,22.223634190348207,21.841201154826614
665582.8810216994,-1441894.2782503392,3.11130878664875,2.2984306596438984
666068.2543135362,-1457184.4820531623,0.2963151225379761,0.7828716020073347
664138.4210223298,-1458138.1402034694,6.667090257104464,7.03414635645756
671296.5467338153,-1464330.484725857,5.926302450759522,7.733294620666943
668682.978725964,-1461366.043617811,1.0371029288829172,1.2799602114997328
669806.9928997095,-1461309.281402976,3.4076239091867233,3.4182569124582276
670082.8670830973,-1445020.393544536,0.4444726838069646,0.6694521627333918
663803.9405696962,-1457302.912185798,9.482083921215235,9.401254674775549
664100.8867478527,-1464547.5724090403,3.852096592993691,6.680339435958997
673076.2858418566,-1462006.0282593493,0.4444726838069659,1.880799313364859
660295.9305974225,-1440704.4525822261,5.92630245075952,4.106151311883429
662695.3396792419,-1445347.0894905555,24.149682486845048,22.702863456691784
659748.8807099997,-1438906.8803295956,1.7778907352278583,2.7577958493893036
663118.2390385112,-1447304.5021795684,1.6297331739588676,1.2453573495619872
668947.3971567119,-1444078.1752009396,2.0742058577658367,2.3356362916281523
663373.1049343168,-1442173.7888326484,0.14815756126898805,0.4516178278161984
661292.1171586916,-1447789.701008718,1.777890735227856,2.5936476905026438
662717.6108987429,-1444086.76251378,3.8520965929936883,3.824020118342293
667373.6874230222,-1447511.6072726687,1.4815756126898822,0.6544087618420011
670993.8697873243,-1451217.2375765657,0.8889453676139265,1.5907972440944853
666205.3563687159,-1439735.7680054079,1.777890735227858,1.632741095562166
664242.1256578024,-1441008.9918939483,10.667344411367138,10.303016394015659
666623.2249482716,-1449679.5400701049,0.14815756126899027,0.25400098964881224
671473.5282832354,-1452006.5944954767,0.2963151225379761,0.9878787878787882
663734.8703668508,-1455163.2035665205,2.3705209803038105,2.704622248639218
665216.7654231018,-1464431.9952354012,5.1855146444145825,5.322298981763917
661448.6458470073,-1443510.4678424513,1.0371029288829199,1.0194121317854439
668833.090931837,-1450553.009526188,2.6668361028417857,1.8470112465951445
668154.0221068247,-1456776.467589214,3.407623909186724,3.5497100553259924
671266.8452464577,-1452946.0178571034,9.630241482484221,9.542835915108242
673898.3983340863,-1462647.4143206226,1.6297331739588685,1.3690108730110673
661340.4081270725,-1452645.50122558,1.9260482964968422,2.3165885756923443
665428.331862537,-1452982.4842667792,4.889199521876608,4.824327711275586
670193.3697411595,-1446268.6905425228,2.9631512253797596,3.631226234222752
667561.5120934732,-1448763.024991104,2.2223634190348163,1.124075464010983
670582.3075049343,-1460266.2170940246,9.185768798677257,9.267488915170567
671768.9136302704,-1449958.3382940681,7.259720502180417,7.657481271165779
670060.1606137144,-1451129.5550332544,0.5926302450759486,0.6357937661241397
671423.3553250657,-1454067.6608484755,1.3334180514208935,1.105514629338172
662383.2832151424,-1442391.6899955329,6.815247818373454,7.748382871444518
670300.8870268425,-1441215.9760944927,2.0742058577658327,1.964200863291746
661883.5290845889,-1451466.1294073774,8.444980992332322,9.23474017913704
658020.3465016035,-1446349.0962685242,1.6297331739588694,1.7372389187922357
665126.0440471191,-1445821.6795808692,1.1852604901519035,1.2974340234437913
664118.1856588025,-1447252.1245782198,3.7039390317247025,4.389183369640173
671585.8851403822,-1454921.251097458,22.66810687415517,27.79395958155666
673515.3293510228,-1459669.1141518624,5.185514644414587,4.3228688764746614
671804.8495310689,-1455778.6222690223,2.518678541572797,2.0760948475853027
662253.946232422,-1441241.8257147623,4.7410419606076175,4.312748275813862
658189.740186899,-1441925.8284051018,1.3334180514208935,1.6022382172620178
662886.1413945507,-1450236.2521357094,2.2223634190348207,2.599314488541324
666470.8051803951,-1453843.6724611465,0.5926302450759549,0.49172397289106407
668593.3093409357,-1447292.2833410122,3.5557814704557122,4.243039021254744
658589.0748759266,-1443869.598927131,25.92757322207291,25.492287237943465
668719.295983561,-1437285.1950162444,1.3334180514208942,2.886436620725874
671811.8893961797,-1461206.4806274632,6.96340537964244,7.28205829429106
664533.4991912208,-1460109.7421980628,3.111308786648747,3.9679091540288542
665899.5918304417,-1445874.7918728027,0.7407878063449389,0.6089952531105607
661568.5290933647,-1455821.0677202023,9.630241482484223,12.909796481994196
663814.1523416324,-1461404.0305344407,1.926048296496841,5.572411557549104
667976.2630276955,-1456432.131338567,2.8149936641107716,2.047114987293159
665020.1081835681,-1458164.592131319,10.519186850098151,8.807848648974247
661232.7056780822,-1464056.4080161266,5.333672205683573,5.848460535313446
666006.2981866567,-1444693.027933381,0.0,0.013129686708991173
664530.6322742903,-1461245.530268189,9.33392635994625,10.20255423743715
664303.9467058221,-1463349.0680166408,5.037357083145592,3.274595804749614
660343.795895387,-1452685.8349072803,1.9260482964968446,0.6330539285613419
661515.8389954509,-1465652.9595913463,8.29682343106333,8.62302934295252
669264.0834589885,-1453148.723143659,6.667090257104464,8.074490200432566
672171.0054148261,-1462797.8200337612,1.7778907352278601,2.144804714424687
658882.9036365831,-1445856.9469128517,4.000254154262679,2.5677431651634786
662308.1203790829,-1458467.1752007566,11.259974656443092,14.31330630793508
663642.1972568176,-1460687.5738439425,8.000508308525355,12.606847125946572
663321.0598669981,-1458444.5317284048,11.111817095174104,13.563487525621936
659549.5472707795,-1450055.734203244,8.148665869794343,9.9001263298016
663068.4727191078,-1446446.1251210696,3.259466347917734,3.195066035790974
662036.1447768409,-1446327.0224840865,1.9260482964968462,1.9158272575867605
668504.7816099883,-1442532.68078718,3.8520965929936883,4.376843091953153
671038.7806112012,-1444761.7579859796,19.260482964968446,20.449200496729016
672368.040261033,-1459093.9030807342,2.2223634190348203,2.110200979546256
672674.4227694509,-1459920.1170888206,2.0742058577658327,0.9047537655672766
667106.6924000247,-1462716.40841346,6.222617573297498,7.528557619356013
663344.5964073867,-1448429.3080156376,0.5926302450759527,0.6627339053438841
669224.6717396589,-1462425.6724179164,9.18576879867726,8.216045294894148
658823.3152641179,-1450265.096073778,5.629987328221546,6.002717793458023
662371.6051688909,-1447398.2015212895,1.4815756126898774,1.0908459743370083
660425.7647135783,-1454715.9615757423,11.259974656443088,12.529585736359653
665610.3281343728,-1442640.7659355435,1.7778907352278566,1.808623569588442
666742.5984072761,-1442565.591238119,1.3334180514208915,1.3699721737858153
669065.8356827688,-1445087.8575210068,3.555781470455714,4.042102540057237
664050.8735274009,-1456256.0506946817,6.815247818373452,7.451052871126737
657167.7709658658,-1441032.4926736318,4.296569276800653,3.728570288627021
664597.0225410571,-1441995.5696539846,5.333672205683571,5.1777539157810475
668877.5201859844,-1451437.8805442387,5.778144889490535,5.370748254237606
659843.2577266116,-1444949.278378054,2.666836102841785,10.576968127151712
660003.4110116845,-1452896.3171652597,3.555781470455715,1.6224988904881101
673877.6248716566,-1461665.9054926292,0.8889453676139301,2.351615583222456
669195.6851655429,-1440218.1265482882,2.2223634190348207,3.189480567219685
664776.9197543105,-1444226.4662683564,1.0371029288829152,1.1590929009254034
671157.8465420771,-1462070.1267839703,11.852604901519044,12.718743644183913
666790.3151197743,-1448643.5738790233,1.333418051420895,3.214408619283148
659907.9521942995,-1440641.3828942839,0.8889453676139292,0.005848605625390135
670683.8614513549,-1460117.7977803512,2.96315122537976,3.580576824251324
669623.5756693515,-1447272.630522034,0.888945367613929,0.3197695251364485
660970.0428676938,-1450722.3059177103,25.631258099534932,27.445016516321346
664054.570760228,-1445255.0478477052,3.1113087866487517,1.5483975648892416
662037.631093974,-1445293.6239723247,16.297331739588685,15.781720970165354
669954.5629968848,-1451274.7721154585,9.037611237408269,11.765150421001048
662789.892805055,-1445200.9509632573,4.444726838069645,5.292048202053881
661322.145780031,-1458630.0171317528,0.2963151225379783,0.6573264321229089
664242.1298558082,-1446096.8831803198,3.7039390317246963,4.965556619138633
661592.3335917648,-1449482.7852518153,1.926048296496842,2.9210232952495305
663427.5108614659,-1454584.7428209388,4.296569276800656,3.6823229737044807
666208.5678393876,-1446710.801806074,1.3334180514208978,1.4612242086299245
671082.9073988991,-1451949.2923909412,0.44447268380696414,2.44351517248516
664183.2443310346,-1452332.2481206928,7.407878063449405,6.747566852143496
658543.4107091367,-1442873.9591169194,0.29631512253797165,1.5261390538647746
669834.284093837,-1449263.3067726726,0.5926302450759522,0.5309255720511681
672158.9113468579,-1450661.2033280144,12.000762462788035,10.72089713226406
662692.0861082216,-1454619.6792418114,5.629987328221547,5.231347934770739
665983.6530547489,-1462930.9641374007,4.000254154262683,3.508838136403318
659861.3606364022,-1457940.9462559,2.074205857765836,4.109739855148754
662605.9875047582,-1453482.9376940285,18.07522247481654,16.588877035359033
664628.0701983697,-1449333.1128228027,5.629987328221544,6.527985964669989
659363.0713533538,-1453961.3860368347,2.2223634190348225,2.9175446280554507
659967.6968224646,-1456791.6311678635,7.2597205021804125,5.39786283005684
665219.2380651936,-1452267.0436842348,15.704701494512733,14.330319932753731
666949.5606578863,-1439593.7749278997,1.777890735227856,1.7502104129066216
659686.7666377106,-1455955.5600261793,1.1852604901519026,2.4791000509897687
657722.2925552346,-1438956.4679028043,15.704701494512735,14.82281409201272
666173.9374469807,-1457034.9988902337,8.741296114870297,10.432291670169274
665022.6209510078,-1462293.1763002821,1.6297331739588685,0.5042836863866924
671412.169949787,-1453045.3992267693,2.8149936641107765,2.5843705480962873
666724.3034274939,-1444434.4548852963,0.5926302450759529,0.3922723721418011
666012.3374117569,-1451765.1585113727,0.8889453676139265,0.7124428195768533
665326.8283292071,-1453122.179664745,1.7778907352278566,1.8442936717347367
666681.9032563874,-1455960.4997976543,9.778399043753211,8.075186380810042
669890.4852028951,-1438990.7315615572,0.4444726838069666,0.5234209023478245
662991.9344300517,-1456605.9445485855,1.0371029288829163,4.516804751415934
659998.9186705997,-1450879.6299664294,0.5926302450759546,0.49898024786673645
666162.3205211678,-1458175.507012222,11.40813221771208,11.41147723997093
663557.3706656322,-1449141.588636154,5.481829766952556,4.928860011190402
663451.698633178,-1448286.0077820427,2.0539125955565396e-15,0.02093350526453025
663271.9817694689,-1447403.1010874119,29.92782737633559,31.72653001064129
663809.9809171006,-1450385.6040987058,2.222363419034819,1.768102730813263
657590.6052376584,-1443290.6681266627,2.0742058577658304,1.8937748976519637
664523.5758842754,-1465482.9065750493,6.815247818373448,9.32237209603668
664481.7860496617,-1460501.3857018822,3.2594663479177335,4.441563256445805
657490.6987015059,-1444160.4838330299,0.7407878063449389,0.7206860183792698
662595.628682181,-1448507.1029876769,1.3334180514208938,1.215161660033604
669912.3919643636,-1462181.1724358546,7.259720502180418,8.576288768841401
670142.0633403005,-1464292.91658712,2.518678541572795,4.195448282955848
659205.772416794,-1452226.8287292155,3.111308786648747,6.394363747044244
657456.2429210157,-1442132.3838124448,1.3334180514208915,1.2705659143272832
666420.9981951322,-1459784.6614348858,0.5926302450759504,0.19713908402144753
664630.2318309431,-1456065.286890035,6.07446001202851,7.5225950546638725
672016.4215056915,-1461833.7128580422,7.407878063449397,9.697761026127818
667142.6860057907,-1452639.2198942204,0.8889453676139265,0.45393197680222386
667338.6524336757,-1464835.1130980593,29.187039569990645,26.28141944603209
671254.7813478153,-1464084.013225857,6.81524781837345,8.606359395769672
670129.1895810973,-1445266.056044536,2.518678541572795,3.0373340198410186
668576.9441251182,-1442139.1550069805,2.370520980303805,2.8184715341902935
659894.7534491743,-1449863.076416534,4.444726838069643,6.39969081808663
663238.5287724363,-1440048.8306027518,2.9631512253797627,3.263687210445389
664784.4971239634,-1444899.7393742884,7.111562940911424,6.083476665651855
668147.8957595123,-1451710.2682637624,0.29631512253797787,0.23710727381962293
664214.5942549708,-1447119.197577464,5.778144889490533,6.8124050770701565
668995.5301647119,-1444323.4939509397,4.107825191113079e-15,0.03609807410636279
669593.7864365157,-1459283.9995993057,3.2594663479177397,3.1918776431059603
666972.1624524291,-1450886.392839014,6.2226175732975015,3.206132873124538
669263.2407894447,-1451487.208788412,4.889199521876606,4.643902127944277
665178.1005491018,-1464185.1254854011,6.518932695835471,6.879197364137723
663414.8948862965,-1453161.5981654131,2.3705209803038105,1.566737067582153
666571.3560784669,-1464986.933246212,7.407878063449405,6.706775268419106
668779.887807837,-1450308.7487761881,2.814993664110774,2.39886874395604
660225.4725938493,-1459023.4452613522,6.222617573297501,6.834296428707013
668117.1011048247,-1456529.227589214,2.0742058577658344,1.5492786242013157
671312.7715064578,-1453191.7606071034,10.074714166291187,9.508208897520788
664680.0183977694,-1461345.6390107023,7.556035624718396,8.493004813087616
665907.0303201601,-1451907.609840773,2.3705209803038088,2.077615361326721
669977.0517394182,-1457445.514472745,0.0,0.5691231281898221
671727.9682582703,-1449711.744044068,6.074460012028509,6.330870449382304
670541.4308829342,-1460019.5835940246,2.9631512253797596,3.3353622183379876
670093.9282357143,-1451377.2582832547,16.00101661705071,19.907883729980224
659272.4847782231,-1445901.776225447,7.5560356247183895,6.998898850306709
667839.1596055124,-1449482.0386937975,0.888945367613927,0.7057914262736911
661411.1344273109,-1441618.4354874268,10.371029288829163,9.231375233297285
670253.1629048425,-1440970.5870944925,1.48157561268988,1.8841260371923618
657993.2267556034,-1446100.579518524,2.963151225379762,2.7933766830782973
672778.4171843305,-1459775.4430496427,7.407878063449399,6.173306705547474
661927.8777125888,-1451712.1606573774,7.111562940911428,7.874769260662589
665164.7020451191,-1446068.6575808693,1.9260482964968464,1.9842659406096885
670832.9987304106,-1456071.662774379,3.11130878664875,2.6912774544162437
671837.622045069,-1456026.462019022,2.963151225379759,2.66745312642973
658240.166058899,-1442170.6391551015,3.5557814704557122,4.341171271604601
670407.9855903643,-1453102.0588508262,2.2223634190348225,3.9156633372072447
665039.2275920823,-1451917.1485967909,8.889453676139281,7.251454356884867
659388.3634101403,-1453213.2695063357,0.44447268380696237,2.3062324741424067
666513.7770623951,-1454089.9212111465,2.5186785415727933,2.751515263261229
669587.2338242106,-1437157.8977299314,6.37077513456649,6.551240285780369
671918.9776269663,-1461971.7303071432,9.778399043753206,12.092117985984427
658643.3041299266,-1444113.6141771309,26.668361028417852,26.400297725263933
662602.7157961405,-1460443.0788635563,3.407623909186725,7.040122758664289
666749.314410787,-1460740.5858562142,2.9631512253797574,1.6502282278964344
661196.6986700823,-1463809.0172661266,3.8520965929936866,2.994930540144554
669433.8877277903,-1454389.8797820355,9.185768798677262,10.718757876553834
664313.4904560647,-1464264.1135782935,14.963913688167795,16.75621877454017
671305.2051819944,-1458893.1719130694,1.629733173958868,1.2268744285620672
666233.3908761685,-1441900.9431845075,4.5928843993386295,4.4846215095178135
660391.132773387,-1452931.3079072803,0.7407878063449367,0.780689932581069
672209.4679108262,-1463044.8370337612,4.296569276800655,4.4170027280275175
660014.7684876232,-1440496.5748586282,1.1852604901519057,2.2559337071383463
658926.719760583,-1446103.0574128518,7.556035624718391,6.8457659854363335
662351.2719990828,-1458713.4232007565,7.259720502180412,9.680640733937048
666854.1278629107,-1461872.299486122,4.44472683806964,5.148337504793776
663642.608094537,-1437954.506205028,3.1113087866487517,2.789865986420385
667876.4662360759,-1455545.1505586356,4.8891995218766064,4.860049271434076
667854.6149084707,-1461716.538161961,0.5926302450759513,0.899806951866192
673024.5066471383,-1462637.3504508128,0.14815756126898627,0.8008409170990944
663031.6604751078,-1446198.8781210696,0.2963151225379761,0.2859027373676821
672242.9749325251,-1463941.6624608105,5.629987328221548,9.058862251906314
659109.3294222151,-1446962.3798437263,7.704193185987378,7.185274519637974
659024.8824668577,-1451117.104901895,6.815247818373449,7.183754235453292
663307.8710273866,-1448182.0720156375,0.8889453676139312,0.9251369795851766
658772.846388118,-1450020.3593237782,0.44447268380696237,1.180922707490633
659933.1766869106,-1451888.6274548084,7.259720502180416,6.72823627797822
669725.3965578557,-1444065.9847016288,0.14815756126898583,0.20690763897407738
669106.1068127688,-1445334.4917710067,0.44447268380696453,0.5150193372593834
668894.0325246142,-1439009.1444769322,25.631258099534936,25.195120054959837
667948.2108783403,-1462439.468777406,2.2223634190348225,2.01349187387901
659578.9469753155,-1443726.9506394616,2.9631512253797614,3.2388622006643564
669938.583956515,-1449122.4179720501,0.14815756126898627,0.17669140079879408
665025.0211388714,-1456120.2541689747,5.185514644414582,6.754404382195915
660280.0478340625,-1441619.4611037406,3.1113087866487517,4.171247968566879
664730.8349554378,-1455287.6685835854,3.407623909186725,4.036886700075442
665370.1195833805,-1465285.706205966,12.88970783040196,12.642800876063228
669949.7548990069,-1461403.9624922585,0.592630245075954,0.8325305422766736
664538.3592852424,-1443012.350171111,4.8891995218766064,5.058522610331096
661580.0194298294,-1460399.9262927002,2.963151225379764,3.03124305030898
668857.1825842736,-1460450.2937528193,2.666836102841785,2.3563398466418066
660006.590135247,-1458042.9776895703,2.963151225379762,4.930408473777051
660973.4069612157,-1456665.5743687358,1.7778907352278601,0.027561854826078758
667092.0125612246,-1439694.786357975,2.220446049250313e-15,0.03761693179623715
670824.0585024422,-1461364.9604281285,8.14866586979434,8.413777674196607
659945.9173182996,-1440888.468394284,2.814993664110773,2.330826815156359
669500.594897603,-1442984.977524085,0.8889453676139271,1.2029658358392714
663297.7892318137,-1441431.599891116,0.740787806344942,2.1661920141706332
665815.8279127809,-1448865.5772608072,0.5926302450759531,0.6268966966885081
660406.2802319492,-1447642.5889306876,5.18551464441458,4.492659655834296
661369.428776031,-1458875.5046317526,14.519441004360832,17.982194891294718
664929.2187996686,-1445001.8742585625,2.6668361028417853,2.2294122470116506
665620.1856734151,-1437683.095786369,2.0742058577658318,2.6152765048921474
658648.3187455231,-1449145.5708329016,0.44447268380696414,0.39829041474249127
670843.4902501102,-1451116.3185856473,3.5557814704557114,2.605548473989643
658469.8968592864,-1448291.8227528078,3.555781470455714,3.088129191184282
663381.687239466,-1454338.9803209389,5.333672205683573,4.569175849550194
672374.0234548191,-1452773.8432635306,0.14815756126898805,0.14823277915035504
664144.6625770347,-1452085.2538706928,2.3705209803038105,2.340530574437474
665485.0104355323,-1455006.4166621505,3.4076239091867215,2.3860264261023776
664324.3836258057,-1453305.4429105816,6.815247818373452,5.968176964376363
658578.6544571368,-1443121.4598669193,0.5926302450759486,1.9162435811267589
662768.1711376138,-1451529.1041060546,8.296823431063332,8.823224523294698
661027.4855546667,-1440668.6885297322,12.889707830401958,14.038803473285505
665649.3761990396,-1455868.9205596698,0.592630245075954,2.596022587391479
667765.8549792643,-1456716.860046944,9.18576879867726,9.337817952491068
668892.1299915435,-1456640.7636041811,3.407623909186725,3.3124064484885674
666820.2709420695,-1454657.1960406245,5.185514644414579,3.2967420524329754
666913.3591578864,-1439346.4376778998,7.7041931859873785,7.560179978964687
671215.9472675712,-1459029.4036634474,8.29682343106333,8.680458471544982
671718.5543957695,-1449095.211122507,4.296569276800655,4.245132183703284
657782.9995432345,-1439198.9054028043,13.630495636746902,12.388196347944508
665466.5631494538,-1449055.8668069718,1.4815756126898822,0.29083245521601775
669853.2499608952,-1438743.536061557,1.3334180514208935,1.357512502215023
672574.958246114,-1458798.2361881186,9.185768798677259,10.482658681661272
672394.9280751876,-1459713.640268648,1.4815756126898814,0.6205393514350108
671973.9215697151,-1454974.0319522005,4.000254154262676,4.9287962565432855
666328.6635858554,-1453737.004062989,0.7407878063449429,0.9194513456707138
659412.5832113263,-1447786.4973291962,2.814993664110772,2.083994494984454
662164.404202438,-1447704.007294796,0.5926302450759486,0.3837421342543399
667766.612888379,-1444496.9138848672,0.0,0.05636012954598557
663212.4547594688,-1447160.394087412,25.186785415727975,27.115122977451843
668577.2944682364,-1437186.415546604,1.1852604901519062,2.441991245145811
665412.541377617,-1442930.9851146913,1.3334180514208938,1.661769592887429
664436.8608076615,-1460255.4854518822,3.4076239091867215,4.367336391009356
670226.2266929101,-1463389.8092163524,5.185514644414582,7.076292176227602
673472.5624326237,-1463846.4992044996,14.815756126898805,21.023510043316286
666536.2758764665,-1442857.266155241,3.1113087866487517,3.140192550625888
669037.0428882767,-1439105.148872943,24.742312731921007,24.41028989370032
667846.4432057375,-1462592.340325371,4.000254154262678,4.680855619411414
663318.4694140598,-1463611.4716801865,6.96340537964244,11.75826447488612
668047.2953273517,-1446380.7142139089,0.2963151225379743,0.15898542444434405
663917.3326348788,-1461265.8858004282,5.629987328221544,10.385339010073993
667843.0613707535,-1443618.1200544087,28.14993664110773,25.83958139742701
672068.3986276914,-1462078.2446080423,7.852350747256361,10.475948288375978
668131.5983615415,-1463686.9738980797,32.74282104044636,30.87539212955803
667375.0766896758,-1465082.4223480592,25.03862785445898,21.916456608669918
664033.1547347058,-1462386.9564186423,2.666836102841784,1.834254936505559
660655.5743402245,-1453917.1149682128,6.074460012028508,7.069970137253032
670767.2276483632,-1443036.9186496516,2.666836102841783,2.4661742625635252
669366.1474300431,-1440978.7124152863,0.44447268380696414,0.3282264571595195
668185.5193345381,-1464578.567829561,3.4076239091867264,2.8370544787775938
663659.3859966651,-1465599.188194086,2.8149936641107747,4.306626725451336
668608.7557591182,-1442387.1082569808,1.7778907352278566,2.2165637045250532
663281.2926344364,-1440295.1306027519,1.1852604901519062,1.492961684637855
663092.46110272,-1445402.7867812347,10.222871727560173,8.907831476725057
663790.879355731,-1438054.9903761442,0.4444726838069646,0.2268722522574591
668268.8078365911,-1459551.331918215,9.482083921215233,10.208315342532762
673053.5903038637,-1455835.8267660802,2.814993664110772,3.0699426017223743
669118.6606839478,-1462564.0625933597,2.2223634190348185,1.9625311181591392
664829.5521379634,-1445145.6301242884,7.111562940911425,6.095019480773066
666556.1143199708,-1443593.4269323463,1.9984014443252818e-15,0.1437000791056886
667986.1668568698,-1449578.824342459,0.2963151225379783,0.18473386718412677
673124.2557161278,-1464036.880318888,8.000508308525356,13.64454822596497
661021.0961581799,-1451578.6557993633,26.66836102841785,26.649299435157303
665023.4520114585,-1445967.86893418,1.481575612689884,1.3240251961107043
660820.8245871053,-1454777.8860057592,2.518678541572797,3.869735659038799
664269.961636971,-1447362.9865774638,3.4076239091867224,4.05928614640048
668362.6178431467,-1452423.4069661687,0.0,0.1691292405404896
667437.1758621207,-1441523.5046590897,0.7407878063449411,0.6029889064394962
669548.1406177591,-1449055.1657678315,0.7407878063449407,0.5434477575583951
666927.9560884291,-1450640.425089014,27.557306396031784,26.657780545585986
662347.6028782995,-1463655.6691563705,9.185768798677259,13.134112560232406
670253.8356095204,-1453004.545284104,8.148665869794343,10.1938082942885
660295.4447034933,-1442768.5137657248,4.444726838069639,3.18603374673771
669224.7622894447,-1451240.2040384118,4.889199521876606,3.921415373649112
656918.920458798,-1439318.7975305077,0.14815756126898805,0.5899800108332602
669624.5498305967,-1460570.3225297094,6.66709025710446,6.566804360403432
665431.69494216,-1451980.475590773,7.111562940911429,7.041971961175934
668155.9538568482,-1457783.2092116007,2.9631512253797636,2.7046909138460298
660967.7818419759,-1457665.964324418,1.9260482964968446,4.133350411399464
663910.7116376837,-1445143.2901877598,1.0371029288829177,0.025812676329319828
669882.0661946294,-1450147.585225472,0.14815756126898805,0.15954208922976942
660189.9704758492,-1458776.005261352,4.296569276800658,4.726273736082792
670709.517822647,-1442048.2384650044,32.44650591790838,34.146017250356806
670388.1946626685,-1454119.8029767307,9.185768798677255,12.423434593346604
664632.1074037694,-1461100.356760702,5.629987328221546,6.638512384125021
666009.5932836555,-1449847.040411452,4.148411715531665,4.10115842744969
669940.3288694181,-1457198.239722745,0.5926302450759526,0.03492682512694767
667776.3201452116,-1455689.5810717647,0.44447268380696503,0.5714241936656403
669913.7933928416,-1440146.2461260525,5.0373570831455945,4.463974513851439
671767.5347323716,-1453878.798862869,28.74256688618368,24.588091703878277
666350.1522625757,-1446815.5965365632,2.074205857765835,2.347429542494174
665490.4538487918,-1453991.864886518,21.33468882273428,23.343261857924293
667716.0315595914,-1437328.1712822388,7.259720502180411,8.191769306228453
673610.1838882845,-1460680.2789560738,3.4076239091867233,3.673278725346437
657717.697386933,-1445250.159690674,1.333418051420891,0.9910433803428966
661998.6325986877,-1463854.5234586648,9.333926359946247,13.555818365739643
670868.1758524105,-1456319.1747743788,2.222363419034823,1.6317652014446247
670429.2274592168,-1464499.7922793769,6.815247818373449,7.8482818932206975
660037.7134478695,-1451739.0484364622,5.778144889490539,5.538400374703213
661587.7139857872,-1438593.866371504,3.111308786648746,2.943901574308638
670446.4756163643,-1453348.8868508264,3.407623909186727,5.672063019751097
659866.3735440217,-1456939.1371162303,0.4444726838069677,1.6056737207536464
665079.9513480824,-1452163.754346791,5.037357083145594,3.7471167643622696
671315.0315847684,-1457134.0650253529,1.629733173958868,1.2645325937390397
659341.2912821402,-1452967.8705063357,0.5926302450759504,1.5148871957445635
669537.2008222106,-1436912.9797299313,3.703939031724701,4.161798996523635
671968.1953869663,-1462216.827557143,5.481829766952552,7.839155074843262
662645.3746741405,-1460689.4033635561,0.8889453676139283,3.7746590249558203
666778.192166787,-1460988.8998562142,1.333418051420896,3.062201902357872
661511.8720465263,-1465011.6663620505,6.222617573297496,5.730085499077102
672795.2373037345,-1461807.95236366,0.8889453676139301,2.594457612805039
658622.2265350537,-1439073.0494420314,2.222363419034819,0.4410752418295143
664348.2904540647,-1464511.6680782936,16.149174178319697,18.07570889035162
671376.1815659944,-1459132.8584130695,4.000254154262679,4.274225826598814
666190.3521181685,-1441654.6759345075,1.6297331739588659,1.4194836518775258
666259.5830440826,-1458036.240065025,6.074460012028511,6.434789871632558
667603.7730808008,-1453708.8317400003,8.889453676139283,8.72055795658687
660049.1419856232,-1440744.1921086283,1.1852604901519057,2.3363998916768476
663693.3347205371,-1438199.3009550278,0.7407878063449409,0.5770898393517632
666911.1198729107,-1462115.6847361224,3.852096592993691,4.325821166374226
667901.9849084707,-1461961.9981619609,6.815247818373452,6.773571846939603
669212.5781961275,-1464589.052360163,10.815501972636127,10.186818412514757
673046.8129011383,-1462886.3489508126,7.259720502180414,9.418119905369615
668434.4577362722,-1453557.5517404021,8.296823431063329,8.173056482315708
672291.3744345249,-1464186.9004608106,7.111562940911432,10.369873288858424
659151.158420215,-1447208.7953437264,5.185514644414581,4.2760209887554135
658973.3974408577,-1450872.7084018947,6.074460012028507,5.321407876595807
658820.1642269011,-1452162.689877778,1.7778907352278583,1.9413889489011869
672275.944642907,-1452915.491671975,2.518678541572795,2.1075861763131094
659425.4515681327,-1442870.2016424139,3.11130878664875,3.0334074532213853
668937.7984206143,-1439255.2684769323,27.40914883476279,27.192159741398733
667197.6499120833,-1464732.1170862964,6.518932695835474,5.742796135820258
669001.998255396,-1461698.7974049365,3.111308786648752,3.0674536813660542
664698.8544594378,-1455039.8148335856,1.3334180514208915,0.07110960742267736
662799.3101031287,-1438236.4594407156,1.3334180514208938,0.7650679791362656
663841.3114676237,-1444001.2388352724,2.220446049250313e-15,0.09703572317060849
669905.3470050069,-1461157.9599922583,0.8889453676139247,1.2479272115987516
664584.2161612425,-1443258.106171111,4.296569276800655,4.4746033041884505
661610.0569318295,-1460648.1125427,8.444980992332315,10.66160183338248
674143.7042500486,-1462599.2855265704,2.222363419034819,1.3458589417441953
659962.943895247,-1457796.8189395703,2.6668361028417875,4.793610398416076
661017.7068372157,-1456911.6108687357,4.440892098500626e-15,2.2641988693005652
667054.8150612245,-1439447.584357975,1.62973317395887,1.614676054882547
662889.7205256526,-1440237.888549875,0.14815756126898538,0.14575489044135992
657632.2893726232,-1439101.0176267896,0.14815756126898627,0.7594709699167086
670781.2573884423,-1461118.6611781283,2.9631512253797645,2.889306398736448
668654.7126432699,-1459578.613235815,4.592884399338627,3.9472124901895524
669227.4669535339,-1447204.3115425012,0.14815756126898816,0.3555680087946722
669547.899273603,-1443230.4512740849,0.14815756126898605,0.3104315026545934
662626.8068384514,-1442335.2195851386,4.148411715531667,4.95535076595192
660456.263105949,-1447887.5296806875,0.7407878063449393,2.2018777086812333
669490.3715080391,-1459422.4956738076,6.6670902571044595,6.681379726323354
666554.2606143793,-1447916.7725641173,1.7778907352278583,0.28545924254530775
673710.9117178372,-1460534.0693292904,8.444980992332315,9.166252243799656
658601.5357375231,-1448899.9978329015,0.44447268380696414,0.6155702696221921
671831.6856981907,-1454875.7542069152,26.52020346714886,31.266419236917713
664140.1942051838,-1441159.0350722482,12.297077585326008,11.418890578915587
658413.9092352864,-1448048.1782528078,1.0371029288829154,0.5940507037614058
664108.7947735601,-1451205.3617810474,2.5186785415727924,2.525375881801555
660748.6911547382,-1448723.2220395217,1.9260482964968455,0.529204834676527
661188.9713613712,-1446642.7414549582,0.14815756126898805,0.5735828248335366
666717.5548262778,-1453803.6491389745,1.1852604901519013,1.3189384544365366
660361.6696506426,-1459124.4719788884,7.111562940911425,7.938508064516129
668709.2789110595,-1449434.899528523,3.8520965929936875,3.7402520192833677
666144.5583698039,-1445824.9120169568,0.5926302450759529,0.6668148789220232
666638.9754996919,-1437734.49066477,5.18551464441458,5.112384263266575
664826.6165245564,-1461442.6100167416,6.518932695835474,7.451253608243107
665694.7819510398,-1456114.75080967,4.444726838069645,6.880691602410161
668850.1636095435,-1456394.312604181,1.3334180514208933,1.1898122566912628
667416.0991984522,-1448662.527033986,2.2223634190348243,3.391361708682953
666295.3004798782,-1451963.4789293287,2.814993664110773,3.2772692098805107
666866.4491940695,-1454902.8795406246,9.037611237408274,7.342750527909288
666142.9520006687,-1452755.1345850588,0.4444726838069668,0.277019272298475
671667.4056437694,-1448850.546122507,4.000254154262679,4.163703270674658
659127.2615494109,-1445804.1758387075,3.703939031724703,2.606455940717696
662062.3834786565,-1458513.0788758937,13.77865319801589,17.156184867520466
669739.9957891654,-1456361.6086213535,0.8889453676139313,0.7184204826516905
663075.624990043,-1458491.8920263075,11.111817095174104,13.44140203172657
661312.9983390381,-1441769.3876000396,1.0371029288829146,0.09150185375923492
667029.6986799766,-1455763.5100163962,9.482083921215235,8.822701568143007
670936.897329224,-1455926.7672924974,1.0371029288829154,0.15332575928958514
666702.0559281255,-1443695.7665549414,1.6297331739588679,1.8019366959260927
672427.8570591876,-1459961.3685186477,1.6297331739588685,2.729599461260788
672667.3076807074,-1455780.5862419233,2.5186785415727972,2.3852255497614054
666367.1134658556,-1453984.008062989,1.185260490151907,1.2909650266950559
659466.8217173263,-1448030.529329196,3.852096592993689,3.2540973701038776
665433.4584379661,-1460109.981894166,2.9631512253797627,2.313330191345134
662128.5339504379,-1447456.6192947957,1.0371029288829128,0.7882814835742549
667719.0657623791,-1444251.482634867,0.0,0.05636012954598557
660672.667246574,-1454676.79089862,8.148665869794339,9.940725630133489
668618.3974642362,-1437432.992296604,3.259466347917737,5.232965958373173
665364.407873617,-1442685.7116146912,2.0742058577658367,2.4743362039637256
666496.6732464666,-1442610.4919052408,0.5926302450759527,0.6072117323022074
670180.5993229101,-1463144.0134663526,0.2963151225379761,2.0059700601676127
668507.9416789932,-1452522.2742910378,4.444726838069639,3.869850198525681
669085.6378602767,-1439350.3473729428,21.038373700196306,20.335165090720654
667881.2478157375,-1462839.8953253708,24.890470293189992,27.409904476275372
662957.6451617109,-1461519.7842185574,0.14815756126898982,2.4671911006647615
663959.2037748788,-1461512.3528004284,7.1115629409114245,5.419161694116289
661090.2448323958,-1463946.7843440021,4.444726838069641,3.5713820784380546
660246.5999408028,-1452838.4215337976,2.3705209803038088,0.8891469199396322
672068.6094886572,-1462947.5844805827,4.44472683806964,4.6242860102400165
665124.7092676999,-1441055.8307586897,0.888945367613927,0.5482185230770762
660685.8932577607,-1442829.661604382,5.33367220568357,4.716784818555779
669781.424428351,-1454202.5315890592,8.59313855360131,10.270447678879727
666950.6097464745,-1461735.510809037,5.778144889490536,6.696535747622276
662929.1726880214,-1446347.946599729,1.629733173958872,1.5789749498561383
667392.544612183,-1457848.5429525096,31.85387567283243,34.028556943515106
668226.9614605381,-1464825.0465795612,0.14815756126898538,0.9366728017116888
669689.6367925011,-1442061.332405656,22.668106874155168,24.2290483135639
663036.32609872,-1445159.1727812346,17.186277107202613,18.005138054992116
667003.754012555,-1462862.5971100503,3.703939031724703,5.310244805514763
673016.0575438638,-1455588.6845160802,2.5186785415727977,2.7640317525157325
669077.587437948,-1462317.5420933599,3.7039390317247025,3.449803730198443
661839.425068776,-1449444.8124597417,1.6297331739588676,2.8627162832380466
663675.001746709,-1454549.5032939739,6.815247818373451,6.125462224296684
665062.4162714584,-1446214.7921841799,0.14815756126898805,0.27899389827338794
663661.3318936927,-1443026.1594564058,2.963151225379762,3.133120471570674
667381.2588661208,-1441279.86990909,0.8889453676139274,0.6935336441400008
664638.5293600722,-1442868.1667411071,15.70470149451274,16.561372812447267
669587.3303677591,-1449302.0745178317,0.14815756126898805,0.2526240759688676
667732.3074030841,-1442386.0383070991,1.6297331739588679,1.7753928191522752
670308.1793675204,-1453248.319784104,2.9631512253797627,4.9624982204794055
659763.9679597698,-1457082.5697092654,0.0,2.0535179335372202
669571.8258305966,-1460325.9685297094,4.148411715531665,4.331511792736655
666229.8174490265,-1462887.386641681,1.185260490151908,1.025984707373686
661949.6583250184,-1461678.3994876235,9.926556605022197,15.376263211303927
668103.5527288482,-1457538.8204616008,5.6299873282215485,5.1259637235301945
661008.9099719758,-1457912.5505744182,3.259466347917738,2.1385368126106075
661874.0867298569,-1445710.9720810177,0.5926302450759527,0.6394789888263008
661112.8998774942,-1450811.812673737,0.14815756126898583,0.09618854180526393
663948.1758816836,-1445390.4549377598,1.4815756126898796,2.934984934352381
664776.4385139168,-1462336.6115246464,2.9631512253797627,2.836779040183238
661491.7117090912,-1449627.728043014,1.9260482964968464,1.6975105556920624
667728.5513992116,-1455444.2158217647,1.629733173958872,1.868711679588019
670178.1666387976,-1452108.3355013574,3.259466347917739,7.37286949131814
669867.7785168416,-1439900.5193760523,4.8891995218766064,4.312430816500906
666307.9903785756,-1446569.3175365631,0.5926302450759486,0.7022187160930864
667423.9711503638,-1446500.4053807594,0.1481575612689916,0.9748355305742855
657678.853508933,-1445003.2981906738,4.296569276800655,3.9705524621174924
665300.6072667402,-1447938.6691008476,3.8520965929936866,3.978046921450156
661173.8257873026,-1440771.940095367,8.000508308525353,7.4727074815165695
662237.1030219358,-1440242.3531174434,7.407878063449403,6.865439115662235
670388.8550872168,-1464253.0802793768,6.8152478183734475,8.099578410320305
666668.868296467,-1459752.1313086487,3.8520965929936892,4.6430466851852366
661540.4397377872,-1438348.513871504,1.777890735227858,1.5995519608141031
665537.0669742988,-1461103.9859648903,3.2594663479177406,3.942680790059857
666043.1965776272,-1455932.8278718693,2.0742058577658344,4.235357630853564
661958.9902555314,-1457512.5183331626,0.29631512253797876,2.184654106469403
662652.1638148745,-1438136.981612964,0.44447268380696503,1.1377506538796864
662534.1721254799,-1455429.7071252526,0.5926302450759531,1.4295602551123636
671623.2084326103,-1459094.72254888,4.000254154262679,4.173183041151345
661857.7044722639,-1456642.1912693507,0.44447268380696237,1.3042103450319171
661461.6159245262,-1464766.7768620504,4.296569276800655,3.317177291463688
660363.7221501846,-1453710.2785262875,3.4076239091867206,4.316558209463901
666886.024541234,-1456795.7102797213,6.963405379642436,6.8152287878692475
671502.1120940396,-1464047.6504492378,7.259720502180414,8.667292387407171
662631.9892104269,-1449642.6714060218,0.4444726838069628,0.6325395933954834
669996.8277948753,-1438851.2905197302,1.7778907352278563,1.8443638737265506
672432.5986726768,-1458699.5001035552,0.8889453676139292,1.755361507375449
662992.5548372243,-1440093.4969842047,0.7407878063449402,0.8711717719064485
667553.9745848009,-1453463.85899,8.741296114870297,8.521370240546744
669646.2406301568,-1443084.762067825,3.407623909186726,2.7378458881442738
668981.2323853183,-1463479.014375633,1.0371029288829152,1.041146435905543
668398.4862402723,-1453310.196740402,5.185514644414582,4.87319406736137
672605.9561880194,-1460701.556940868,2.518678541572797,3.6333347487724037
666317.7071548572,-1459924.7171698897,0.14815756126898805,0.48573142710142214
668231.1008258648,-1462644.5326627023,1.6297331739588699,1.4675743398992562
661046.8901881073,-1446543.7001647616,1.777890735227858,1.19152433465345
672223.2670129071,-1452671.125671975,0.0,0.35757961594915244
660646.8614607032,-1460918.4841619227,8.000508308525355,8.261364193298066
659463.2175621327,-1443117.3301424137,4.000254154262679,3.8834745086238773
664902.9535949961,-1457162.4876081776,11.408132217712081,9.916982020160187
668411.1291916978,-1441269.6935773266,3.555781470455718,3.1713168405921244
667986.1997055967,-1463584.4283354767,1.7778907352278581,2.0829493087557625
663475.1876787778,-1464620.144383452,13.33418051420893,18.393788797906023
667232.5399180833,-1464979.6670862965,7.259720502180416,6.470585054274384
670833.5341837591,-1462376.135373712,11.55628977898107,12.463089685595685
665364.0770241495,-1442061.4713778147,1.9260482964968444,1.8343686397557661
668952.9201353961,-1461453.6736549367,0.4444726838069668,0.2057171107257405
669408.9173981668,-1446285.656740096,0.5926302450759531,0.01052112193350574
669249.577373499,-1452379.7515888347,5.481829766952555,4.381915881437163
670381.6442875268,-1442984.3416230641,0.0,0.11360801782005403
668577.3712746184,-1464634.1357109023,0.5926302450759522,0.2115727304576227
669299.6549238309,-1442009.5236915364,24.149682486845048,25.327055636418205
667762.4158760714,-1448472.6144310562,5.037357083145594,5.457183156126825
668006.6348351873,-1451609.0650411374,1.0371029288829137,1.6201259890263122
668606.8715232699,-1459333.240485815,1.0371029288829199,1.4964623662144554
672172.6046705614,-1451789.9248864488,4.741041960607621,6.290489801490159
666065.3811214571,-1450733.310516517,3.4076239091867278,3.4851236432128703
669450.9797600391,-1459175.6316738075,3.7039390317247003,3.5249010585527145
671828.26294953,-1450983.3350467635,3.555781470455713,2.885828678128851
666500.6867383793,-1447672.5910641174,1.9260482964968464,0.3532909548623877
670499.491984349,-1440928.0938156229,4.000254154262679,4.3655421135950565
662204.4972559751,-1463555.6901013115,7.407878063449402,11.75020147878492
671871.5283301907,-1455122.557956915,4.889199521876606,5.714309462065297
661712.1520391819,-1443588.6280833376,1.3334180514208915,1.6537743671750755
671027.8971643273,-1456918.4565358022,0.14815756126899027,0.03416812131518365
673306.0123750919,-1458575.3907088721,0.592630245075954,1.3296107792186778
665832.0643940223,-1454814.9109433368,5.18551464441458,4.237280324902398
660331.7520246425,-1458876.3042288884,3.703939031724702,3.8867381456752055
661555.257240793,-1461623.7707117102,7.7041931859873785,12.323049405001708
666022.3366880455,-1462140.582432393,1.6297331739588667,1.4291501271665634
668666.7027850596,-1449188.595028523,3.1113087866487454,2.9148291522977674
662484.3546048556,-1464630.630010892,7.111562940911426,10.61368926617509
666089.1546538039,-1445581.1705169568,0.5926302450759547,0.5991702852983678
662102.2140645429,-1457618.686988602,1.6297331739588703,3.704333982002394
666600.270639692,-1437487.5441647698,2.9631512253797627,3.0328727921471472
661075.402648236,-1452564.5498760117,2.5186785415727972,2.0447610800116762
664775.9715205564,-1461197.8225167415,7.852350747256372,9.103086195234878
660725.1902254694,-1450772.4738451652,2.666836102841783,2.849949318004092
661225.2942884244,-1453706.6476329973,2.518678541572795,1.957857890570203
670780.2076577485,-1454179.8231756873,10.963659533905112,13.970108066676364
666190.6678746687,-1453000.536835059,2.6668361028417875,2.656137274378117
664759.5762348998,-1437844.1657530046,11.259974656443093,11.956742329172377
659171.0776734109,-1446050.2863387077,7.259720502180415,6.884478760990552
662105.5350986565,-1458759.3268758936,9.778399043753211,12.523519293522433
661264.2614610381,-1441524.1941000395,11.111817095174102,10.035578954278876
673270.9693724418,-1462595.4758516862,3.555781470455713,4.447393102249002
667081.4515171308,-1446686.9833505456,7.852350747256363,7.560638666201292
672488.9035671984,-1463896.769149967,8.593138553601305,11.295073435440713
670973.8365632241,-1456174.0137924976,1.9260482964968446,1.1785539724851741
666860.4899674412,-1462759.714074978,3.259466347917739,4.289671405329461
668475.3474967786,-1448207.1207707326,2.6668361028417866,2.687144867575949
666660.3114321255,-1443449.3165549415,1.9260482964968484,2.0369914409716023
661886.3842657176,-1440438.1660292433,5.778144889490534,7.110254083396276
660721.6753765739,-1454921.9198986199,0.7407878063449429,2.252676273942753
667155.038721791,-1463857.515630045,5.481829766952562,6.092559763161434
665284.2103211738,-1458238.147121509,13.778653198015888,12.358817125652758
667544.4428283544,-1459745.4661287004,3.9968028886505635e-15,0.24994502005356156
661054.0624563958,-1463699.4185940023,1.4815756126898796,2.089317066183325
664174.0887581,-1457243.33277424,7.556035624718389,7.323097117820025
660291.4511908029,-1453084.3572837976,0.592630245075954,2.479271863441401
673186.9367591623,-1461866.3667080884,3.1113087866487508,0.6985687690958944
665083.4307756999,-1440809.2822586899,2.814993664110771,2.684353610941835
672103.8754806572,-1463195.0652305828,6.667090257104462,6.7686798142186095
660154.3549939189,-1440599.1485089292,11.408132217712076,9.36055502146432
661110.651670057,-1457766.9571237764,0.14815756126898805,2.4151779153290978
667007.5993744746,-1461978.9098090369,6.96340537964244,7.214946298534956
659751.0954203231,-1450912.46641827,0.14815756126898605,0.28172602776844813
660263.2033254848,-1453853.3484596605,4.000254154262677,5.222116932112421
665947.0415641682,-1440665.3363083766,1.926048296496842,1.6482960300316654
670814.2861296859,-1444923.1179006943,18.96416784243047,20.108871171111332
660158.4350421224,-1447675.324539475,5.037357083145592,3.9999720056006343
661122.4877347865,-1458914.479473249,14.223125881822856,17.59734192984071
667044.967760555,-1463109.1756100503,1.4815756126898822,2.924010189898935
658402.1670635599,-1449189.094337797,0.14815756126898805,0.45403601212483125
661887.190192776,-1449690.1797097416,0.7407878063449411,0.17965799707374952
667052.5856169909,-1440479.2806590702,18.07522247481654,14.110419189420027
663629.178124709,-1454303.740793974,7.852350747256368,7.012315100142398
664875.7886645468,-1456018.5729794926,3.555781470455715,5.337850133522947
660180.8046626551,-1441766.1617388423,2.8149936641107733,2.35174963054007
664326.5423118066,-1441908.110773045,1.3334180514208895,1.364483812492266
665399.5542490347,-1447795.5592038278,7.407878063449403,7.4194748911233415
663696.8465276926,-1443273.6187064056,4.148411715531665,4.0618413187317985
665223.010945109,-1465187.0019552042,17.778907352278566,17.21890992925459
664684.8544840722,-1443113.835741107,14.519441004360832,15.389258118026321
661470.7691284614,-1460540.8007073477,7.85235074725637,8.841423753163289
660740.3670276499,-1460759.739682193,9.778399043753211,9.262149135340955
669021.8534667791,-1446233.548954425,2.814993664110774,2.5431746485674287
668976.2042447879,-1457508.6217114278,2.0742058577658327,2.2672188413582277
663489.2916075585,-1444189.8739365,1.037102928882913,0.97859533197586
661897.7882504419,-1450287.7979803158,28.298094202376717,30.834814083168155
662442.9880101783,-1453259.3758988166,11.704447340250056,10.801926120343637
662421.1646659869,-1465659.665963281,2.6668361028417866,5.052934806731976
661816.6678618569,-1445467.6740810177,0.14815756126899016,0.15450546186338843
658029.4727540078,-1439157.1976368697,6.074460012028512,5.0289844134452055
664733.0240039168,-1462090.4647746463,5.03735708314559,5.025708671930184
664635.5088754888,-1449972.4759307757,7.111562940911426,6.487323757953659
660554.5220986591,-1447748.49531274,1.1852604901519035,2.373310620427195
665621.5548358649,-1449802.442376864,4.000254154262674,3.9708629597291294
663221.0688777333,-1452567.57392307,4.148411715531665,4.281948737287026
667290.0190039098,-1447780.4648988256,0.7407878063449402,0.34432053709015875
670241.3537547977,-1452350.1062513574,3.407623909186727,6.687663673906849
671307.4606949277,-1451780.6228692748,5.3336722056835715,3.4619009339276126
666576.0999690377,-1453701.3820139726,2.3705209803038088,2.6126983890890623
659167.3225282412,-1447834.894909106,2.518678541572795,1.865699278394073
665967.3548105545,-1450879.6367537156,2.2223634190348207,2.312171027910986
668857.9105020575,-1449530.352866584,3.8520965929936875,3.6638743367616655
664682.0361558893,-1460206.7006540312,3.407623909186727,4.203331035368327
672153.3098587212,-1456843.673884422,1.3334180514208915,1.1802623095186768
662426.078582945,-1454550.600433205,8.148665869794343,8.079001746563089
661132.4597913027,-1440525.449095367,12.889707830401958,14.095263271525964
669323.2519036869,-1457317.9261366986,3.703939031724703,3.6660177814843298
663669.3904132417,-1461297.7006327105,3.8520965929936875,7.982129742075376
666708.6939304671,-1459998.928058649,0.7407878063449411,0.00664526830544343
665051.1781891047,-1457265.3345170366,11.40813221771208,9.74696254120117
666718.8365371347,-1454799.025028782,3.7039390317247007,2.73995667666652
669614.4174984938,-1455367.7530796237,15.260228810705767,16.814015460020553
662702.7973168745,-1438381.779862964,1.3334180514208915,1.892952527248673
669884.2017937885,-1456463.178131394,1.777890735227854,1.2418422446187196
662786.0911009078,-1462441.5224967368,9.77839904375321,11.497259805218203
663786.7494993861,-1462429.1712857068,2.370520980303806,2.137362114101494
660408.6566481846,-1453956.2042762875,6.963405379642434,8.09944235984868
662597.843714427,-1449395.0166560218,29.63151225379761,29.910927251397545
668431.3018914477,-1464532.8712508334,0.14815756126898616,0.3010179170019396
671563.382747704,-1459864.517111238,9.333926359946247,7.7904672477259735
672471.3067826767,-1458946.479603555,3.5557814704557122,3.3689002419399485
663035.3186992244,-1440339.7969842048,2.518678541572797,2.6418972977139825
672807.2910443009,-1455878.3617081582,0.8889453676139272,0.9274494185596773
657357.1287943566,-1443439.4432072365,32.44650591790838,29.5278755358285
668566.3708159818,-1454541.2900474814,3.5557814704557167,1.029940654829586
662802.1099600614,-1450491.4986732686,2.8149936641107756,2.651420201068655
669696.673256157,-1443329.613817825,0.14815756126898627,1.106206935215814
671642.2582494668,-1460979.7051389597,6.07446001202851,6.365578610444718
663681.1530133497,-1456318.304444327,8.444980992332322,8.538856115495207
672659.3815660195,-1460945.7629408683,2.518678541572797,3.8043443276345723
669017.7209465653,-1451534.0974191143,3.7039390317246976,3.632469812495258
672407.466794455,-1453925.3960036696,5.037357083145594,5.317051909418595
666682.6470349627,-1450688.5961153116,0.5926302450759504,0.8657528638732008
660475.421632433,-1443736.1194434515,2.0742058577658304,2.779057081860693
660593.7133287033,-1460674.2114119227,7.111562940911423,7.091149962577802
663628.0287297715,-1444291.8612995776,0.0,0.0009102906965184066
668457.1404376978,-1441515.4038273266,0.4444726838069659,0.25857794656229505
668031.4227075966,-1463830.2993354765,2.518678541572795,2.841201522884795
670787.7646877591,-1462130.377373712,14.667598565629818,15.160536452134052
665311.7658961494,-1441817.0228778145,0.5926302450759529,0.3471030667188546
660824.5940483258,-1450626.5638278401,25.03862785445898,27.30531905757598
669634.8196702418,-1450184.131381662,0.1481575612689925,0.5014030234518101
669258.3655838791,-1441127.5092541191,2.814993664110774,2.1617095166348377
669210.0593794992,-1452132.9005888347,6.074460012028508,5.469760808466954
666343.6300254078,-1440737.4021914692,4.444726838069642,3.588093536172014
660009.533342181,-1445793.8065012242,6.222617573297495,5.484370055438708
661804.9520333062,-1462596.5008570617,14.371283443091842,19.618816756789112
669344.2150498308,-1442255.5091915363,20.742058577658323,21.494219384427268
667965.6269671873,-1451362.4572911374,0.8889453676139283,0.3798740109736851
664002.4774510954,-1440047.763133034,5.481829766952558,6.0308831019786675
669624.5599266969,-1448159.7326231364,25.92757322207291,20.847243248445636
661169.5330901906,-1451680.8096393915,0.888945367613929,1.1065070786103566
660202.7869194822,-1446665.4146983786,2.0742058577658344,1.9118766705851005
672137.1241725613,-1451542.471136449,0.5926302450759522,2.597048814457681
670161.416432166,-1440112.2359511622,3.1113087866487517,2.5909332691183717
667227.7593182861,-1446787.873799414,5.629987328221546,5.189751480650016
665737.3313013446,-1453952.5342418826,0.14815756126898583,0.023514087021059726
668376.4637301213,-1448353.402611981,2.5186785415727924,2.553645004482421
661567.9967315695,-1448488.4456082326,0.1481575612689907,2.0258244963653427
666113.0314974571,-1450978.7150165169,2.220446049250313e-15,0.012847837017603059
661871.4671944604,-1444441.4829651453,15.556543933243749,15.917690782030677
662243.149377975,-1463802.6686013115,8.889453676139281,12.748935975485796
662033.3867858589,-1440530.8835285534,3.1113087866487494,2.8456688747275303
669080.0918051722,-1451138.7855611397,1.4815756126898805,0.8372020034498764
656768.0509124554,-1439218.3551833166,1.6297331739588703,1.1323175089853974
666125.098035878,-1463032.4188159052,1.9260482964968482,2.3393328650525156
674044.7146669332,-1461894.7173142433,6.074460012028508,9.354085449815713
665326.432586602,-1452121.9881913862,10.222871727560175,9.971029649417957
671067.0581663274,-1457165.3687858023,1.1852604901519035,1.5429149182253954
669053.0005751576,-1450384.3059161524,3.703939031724702,3.1765894468271254
670483.4264767392,-1459257.2758443994,2.666836102841783,3.0034517084310886
661609.646714793,-1461867.73796171,15.704701494512733,22.796440247253496
664922.179087956,-1462437.5420702347,1.6297331739588685,1.1169817258299393
665984.1003220456,-1461893.569182393,3.5557814704557114,3.2776033216061364
662144.8634625429,-1457865.0217386018,10.963659533905115,15.152173967956323
661111.893270236,-1452811.8681260117,2.8149936641107693,2.3960498622623776
660771.8469794695,-1451018.069595165,2.3705209803038088,2.5382841246990218
661801.8854229038,-1450440.2610830055,1.9260482964968464,1.9967221767683219
671992.101126187,-1449773.6206628,0.5926302450759575,1.4639394587202537
661354.8655865631,-1442403.0253530224,2.0742058577658327,2.1559254633878044
661398.9847932351,-1454566.9457831313,9.037611237408267,11.85327109072638
671638.8672209445,-1448095.143216177,2.518678541572797,2.80763141903138
669458.0294121853,-1464541.6175916689,10.66734441136714,9.851056176201013
668421.2596215184,-1454443.922816726,4.296569276800655,6.949886729158408
673293.2756264417,-1462844.4743516864,10.667344411367141,13.064672090519522
667027.0837671309,-1446442.9731005454,4.592884399338628,4.357229774554348
667992.836755899,-1445499.4029284143,3.9968028886505635e-15,0.13369349995083724
668892.0553817797,-1455633.2247353243,25.927573222072912,20.83959241189838
672066.9029432056,-1455858.012202744,0.7407878063449429,0.04559433979199312
666900.9310734412,-1463006.417824978,2.518678541572797,1.2715479104545615
670285.4927844722,-1464397.0553797253,1.7778907352278566,3.3755788126757498
664778.6290439952,-1456162.5272542099,5.778144889490532,7.429615779388323
667511.5560041156,-1452571.7844273504,1.777890735227854,1.3544088830834564
672710.3792824291,-1455001.1637805598,5.0373570831455945,4.587885436182397
666015.6425595362,-1456813.2003031624,10.222871727560175,12.012663949642937
661363.872348639,-1464907.388575037,4.444726838069645,3.5185018048733063
664204.4590263299,-1458507.0482034695,14.223125881822856,15.588343452190495
668754.6500959639,-1461734.1081178111,1.3334180514208915,1.3506454200547071
666991.6732797767,-1456653.1277222554,6.6670902571044595,6.53084993083638
666896.044533499,-1444660.2749718516,0.5926302450759526,0.7127670131442163
667579.8990803545,-1459992.8761287006,2.814993664110774,2.946859903381643
669661.1413986922,-1461211.2286985035,6.074460012028506,5.957134194444622
667505.100625035,-1460753.089694535,1.777890735227853,1.9465643327482587
663247.4218868945,-1465399.8119236028,6.222617573297499,7.7203807004490805
669155.4585413001,-1441271.1220908416,4.592884399338631,3.864604408739841
659192.01202312,-1440862.7551285787,7.2597205021804125,6.293149050987072
667457.3972610955,-1453612.3925939375,5.037357083145594,4.867001580752434
660192.320117919,-1440846.2340089292,13.33418051420892,11.685533230995288
661154.486784057,-1458013.0768737765,4.444726838069645,3.217050718503181
661721.9085477365,-1445613.5757793612,5.0373570831455945,4.700976190059876
670725.4135386985,-1444047.5336095658,22.22363419034821,23.401546630958475
664609.0740656035,-1465215.5876286635,12.297077585326008,14.248858447488585
660099.9777510632,-1446808.0185364592,1.9260482964968442,1.6829653833103804
660208.4179161224,-1447920.2652894747,0.8889453676139283,2.694565358914895
670071.2318059274,-1462398.868888321,4.000254154262677,5.424631874571517
662766.3160127429,-1444458.5645137802,0.7407878063449409,0.7082587640449949
670328.3584146843,-1447915.0828957094,2.6668361028417866,3.3637435916562346
658931.0612180408,-1452019.0600484826,2.6668361028417795,0.47906863904750985
663794.1307488508,-1455533.4513165203,4.444726838069643,4.826558349111508
668843.489816623,-1445259.210375108,1.1852604901519055,0.903195777595591
664621.8306113307,-1454162.3855439015,1.4815756126898816,1.6646352146589618
667596.455461568,-1443658.9403127583,0.2963151225379743,0.018361545453082995
664910.1588772081,-1463323.6424139575,1.9260482964968464,1.8836783293643542
666201.9276566119,-1465051.0892511872,4.5928843993386295,3.960575392000159
660228.5139146552,-1442011.5647388422,0.29631512253797654,0.6687299264290401
664372.8286938065,-1442153.779773045,1.1852604901519055,1.1973598031343546
669100.6667978285,-1461560.8938005539,2.9631512253797636,2.474884584238506
665446.4352490347,-1448041.1112038277,0.44447268380696503,0.24130661395879116
666056.9048504641,-1464177.4718595052,1.3334180514208942,0.5382165759872475
661502.1861304615,-1460788.8174573476,0.0,0.49665152446892336
667376.5330306378,-1442570.9485246064,2.220446049250313e-15,0.12821044585127028
669391.3479911766,-1452480.2551359532,6.815247818373448,6.159421298044078
660272.3100656775,-1458115.7976972216,4.592884399338629,6.528377233684451
668932.170628788,-1457262.5367114278,8.593138553601307,8.224807598267503
670139.8696091594,-1445897.5865425225,0.14815756126898805,0.45453117768117823
661946.8391264419,-1450532.9307303159,29.335197131259633,31.996621857880477
667662.0148418279,-1448617.5603228374,1.7763568394002505e-15,1.0446147705275628
662464.858919987,-1465905.8064632807,2.2223634190348207,4.768024510919483
665549.5771503013,-1448783.3058950244,3.5557814704557167,2.641465416620873
658192.8809667686,-1441018.7782486212,3.259466347917736,4.00508336286952
665663.6921678649,-1450048.8626268639,3.25946634791774,3.2774543913206684
670400.9072533664,-1441070.2603116077,1.9260482964968446,2.3748884348631205
663178.1706297334,-1452321.28567307,0.14815756126898805,0.5401122301690164
668744.3362743924,-1455531.006915256,1.926048296496846,1.0773790947834496
661520.2383764319,-1444631.807548182,1.7778907352278543,1.9550276185122057
662950.7247725506,-1450605.5541357095,4.889199521876605,5.123422589022772
667250.6533679098,-1447533.5871488256,1.6297331739588703,1.0305840966507507
664951.7275436026,-1439818.2610308446,4.44472683806964,5.735023630814797
670817.3023490815,-1449096.502487606,5.629987328221542,5.153452996830617
670260.7803226248,-1439965.760130925,0.8889453676139292,0.4950613336646823
671350.2071869277,-1452026.9368692748,5.037357083145595,3.255915174336071
663881.3095678033,-1451372.9920344462,1.3334180514208933,1.482297543920926
666614.5498490378,-1453948.3860139726,2.814993664110773,2.9842120701134043
659221.5610342412,-1448078.9269091059,3.555781470455712,3.0358021535134965
665677.4139780081,-1460055.3956384778,5.333672205683571,4.231498707741739
666012.9478125545,-1451125.4377537156,0.7407878063449433,0.6860652450562781
671747.3136461796,-1460837.218627463,4.148411715531671,4.252033364649366
658319.2518054515,-1443059.9367871787,2.222363419034821,3.686278880169103
663338.43069965,-1453431.3143297601,8.889453676139281,7.954149611474118
668808.4475020575,-1449285.3368665841,3.4076239091867224,3.3115799417281933
666420.0741370437,-1448702.965740129,1.3334180514208924,0.8143110752535492
662342.3326117427,-1464533.0490576543,8.29682343106333,11.8940154138114
666496.2219982229,-1437637.6258598259,3.8520965929936866,3.696194950945027
662711.777991629,-1461564.9439638,1.481575612689877,1.2885550719450674
672193.1206087212,-1457090.471634422,2.666836102841783,2.637265802472676
668031.8665236956,-1456802.966838567,2.9631512253797614,3.2019983053155463
663711.2615532416,-1461544.1676327107,8.889453676139281,7.822370962114906
658830.9363791242,-1444981.2816279007,26.52020346714886,22.606861839185203
661338.7149616403,-1463920.2827756726,4.7410419606076175,3.9048426970631183
669579.8446528425,-1454492.9752946459,16.001016617050713,17.340943834159912
665004.3510771047,-1457019.7855170364,9.630241482484223,8.36825173747062
661594.1466214509,-1466019.6595913463,6.815247818373447,7.709693738715537
666289.353738782,-1452854.455616985,1.1852604901519013,1.4774717482068338
671768.5669741106,-1448701.6872437468,5.629987328221544,5.574721579714456
663582.9237508175,-1460317.2923439424,9.185768798677259,13.84237335632475
662206.6570352216,-1458612.3351991274,20.74205857765833,25.81116823503375
669841.5617797885,-1456216.8436313942,2.518678541572793,2.1366632413761817
662825.2193589078,-1462688.436496737,6.3707751345664825,7.912666567018608
659576.2232278688,-1438680.939873328,5.629987328221549,4.699949784661453
668472.7440174477,-1464779.3500008336,3.7039390317246976,4.074745197491222
671591.8581317042,-1460112.847611238,1.481575612689877,0.49774157493888893
669444.1553120252,-1442108.555061839,2.5186785415727972,2.86883350332751
667863.3160435479,-1451505.5551493135,1.1852604901519035,1.5694408682202603
667249.4963330086,-1462816.6871029492,9.926556605022197,10.78166530809751
672769.7582843009,-1455631.2194581581,0.5926302450759529,0.6215385693530353
657325.1061603565,-1443191.5232072365,24.742312731921004,21.87926038123765
669555.8713831764,-1464394.687757608,6.222617573297498,5.962380928651385
668519.0779339818,-1454295.8152974816,0.29631512253797254,2.5400973548100154
662761.4419620614,-1450244.8869232687,1.1852604901519035,1.504196077217451
665675.4541363728,-1443009.8604355433,5.778144889490537,6.286812001813552
663054.1072223345,-1463544.5391899205,1.3334180514208942,1.812423964386447
671688.3598794667,-1461225.3401389597,6.81524781837345,7.317509805907502
657240.3988318658,-1441400.3739236319,6.07446001202851,5.596543721567131
663414.2036833358,-1443063.895105388,3.1113087866487517,3.2256700022987665
665516.70487436,-1465384.0268950914,8.000508308525356,8.072601310620545
668301.0649552578,-1440262.702089705,2.074205857765836,1.6049299150738252
668979.2424465653,-1451287.0926691145,3.7039390317246976,2.909983058200093
672364.9446804551,-1453679.0740036694,8.148665869794339,8.485337145183438
667485.5918826092,-1442426.4227888873,1.3334180514208938,1.173379349582106
664981.854154543,-1440951.8816811456,6.667090257104461,6.428382507452141
660583.6123817967,-1442977.1493059387,10.963659533905115,10.733589670442127
669637.2811800705,-1454102.3353189947,10.371029288829167,12.181386659863497
670282.9718392186,-1445997.8540725992,1.037102928882917,0.6773779884236752
671121.0889592629,-1463369.356642723,3.5557814704557114,4.536934091379381
664714.8141163106,-1443856.6497683562,1.037102928882913,1.1029334212158703
661703.5087214352,-1461722.0790713988,6.815247818373452,12.658355453606472
660870.4730583257,-1450872.30882784,24.445997609383024,26.697690133377534
670425.0182137154,-1441841.1881931005,0.44447268380696037,0.3716629562054883
669300.8414598791,-1441373.8612541193,4.000254154262677,3.520525172896284
660049.1174481809,-1446040.646501224,6.222617573297498,5.495404220880702
661738.3440659574,-1449587.09065649,1.4815756126898818,0.9972331545928554
669663.259174697,-1448406.7148731365,30.520457621411538,25.750568409140488
669932.64969292,-1452155.3375174045,8.741296114870293,11.98825904583272
660858.0159302707,-1445687.164737471,0.8889453676139292,2.45766803107049
667921.6811047324,-1450467.2019935292,0.14815756126898805,0.4279330359498488
660245.6635454821,-1446911.7026983788,1.0371029288829154,0.7379628589613976
670115.4015561659,-1439866.509201162,2.9631512253797636,2.4393895717678387
667177.6319442862,-1446542.993799414,6.074460012028506,5.699637001045988
669188.0843252148,-1445061.7866378103,1.0371029288829137,0.5847631315845518
663802.7105959759,-1443130.8262162902,8.88945367613928,8.749452935564685
661612.7544715696,-1448734.4046082324,0.2963151225379743,2.1549945263805146
670471.203020409,-1448015.3644704153,1.3334180514208938,1.8618628852375463
661990.7882878588,-1440284.7777785533,1.9260482964968462,1.6773997661199729
664565.7884483696,-1448963.3365728026,0.7407878063449402,2.219714642797788
660030.8322044646,-1457161.2729178634,3.7039390317246994,1.5764795880293416
674001.4024269332,-1461648.5128142433,1.185260490151908,1.9311204071659862
661445.2602331198,-1465917.640525057,6.0744600120285135,6.562384143703097
668996.6319511575,-1450140.7514161523,2.963151225379762,2.6813239439546033
666808.9230293111,-1439492.666502683,32.002033234101425,31.19137177342588
667109.6600581864,-1445656.6303594457,0.7407878063449409,0.7543841153725792
670437.2967327392,-1459011.5745943994,0.7407878063449389,0.6441832377319789
664875.857331956,-1462191.8795702348,1.3334180514208924,1.5847098222767944
666794.0466714939,-1444802.8713852963,1.777890735227854,2.0557274007200044
662779.3758595916,-1455381.0310080056,2.518678541572796,0.6374241423391291
662103.9236946597,-1456598.910542829,0.14815756126898805,2.0515781566186737
666820.6361856696,-1456061.8272293312,8.000508308525355,6.525757166079225
661848.7154189037,-1450685.8328330053,0.44447268380696237,0.5354060714092492
670204.3686947132,-1457280.5273546544,0.4444726838069606,0.8022999242598883
665776.151108196,-1437906.7905788068,3.11130878664875,3.3681559774258116
666100.1499151678,-1457806.0572622218,1.3334180514208938,1.6979235687993395
661443.5614252349,-1454812.938533131,1.0371029288829137,2.6424615554782758
663662.0436885781,-1450284.356948915,3.703939031724703,3.1033794375559864
671596.9089789444,-1447848.716716177,2.666836102841785,2.8275273483643852
669406.4114121853,-1464297.0218416688,5.333672205683571,5.511652094926036
657979.3141899566,-1445338.491948638,3.5557814704557122,3.536920651171937
673143.7942397301,-1456702.1360753337,10.66734441136714,10.976031226521423
660613.765061876,-1438843.5942269512,0.5926302450759547,0.6872481072711261
669972.4230903636,-1462551.2426858547,2.0742058577658327,3.4385720643973006
667949.4832598991,-1445253.2179284142,1.0371029288829192,0.8865852358868154
668415.8424423831,-1446311.4898316427,2.3705209803038096,2.2093139589264563
670248.3156524721,-1464149.8606297253,6.222617573297494,5.112484236063078
666565.554636379,-1459892.0478813015,2.370520980303807,3.248084262790214
668170.1427916574,-1439265.7789792866,18.667852719892494,17.828086433274613
664725.2144159952,-1455918.31000421,5.481829766952556,6.2785475532165
660081.9738818217,-1441913.2591649776,0.4444726838069606,0.8731426945251872
672664.7250344291,-1454755.3940305598,24.445997609383028,24.151170060479416
669026.3994811096,-1439992.5371516917,2.2223634190348203,2.095029930706767
668232.7920528187,-1463543.4585560823,27.557306396031777,25.839498491407813
667479.5125000284,-1464941.3174532643,0.7407878063449389,0.9075555781404697
671338.9787860445,-1445713.5964274108,14.223125881822854,14.986660591477957
666051.5918075362,-1457060.6015531623,11.111817095174105,12.755672978143748
661313.485344639,-1464662.547575037,0.5926302450759522,1.4778728911329893
669960.1695952287,-1455175.7123266314,13.037865391670946,13.521116593897712
664156.4323943298,-1458261.8309534695,8.29682343106333,8.981968712632286
668705.5719759639,-1461488.9843678111,1.3334180514208938,1.5110911505856066
667031.4601597767,-1456899.8812222555,5.926302450759519,6.142933112871425
666847.7699074991,-1444414.9829718515,1.6297331739588659,1.5834316655802592
664084.0087478526,-1464423.7181590404,6.518932695835476,9.64951194359505
663287.4502548944,-1465646.5784236027,5.6299873282215485,6.458309174253797
667615.8158395531,-1454842.2844292573,8.593138553601307,7.037672590264533
659231.26888912,-1441109.6511285785,4.7410419606076175,3.44704590657674
668252.2262749611,-1451562.3885077457,1.481575612689876,2.0135967228696963
668783.047097985,-1443232.066473255,0.7407878063449427,0.3673006265336658
670667.3137906985,-1443804.380859566,0.5926302450759569,0.7168394673045044
659723.3512059996,-1438784.5180795956,0.7407878063449393,0.06916764841172185
663149.0384245111,-1447425.6331795682,2.8149936641107756,3.0420341018384116
657711.7810533914,-1443260.1566518052,0.2963151225379763,0.29415624293433024
671926.5610412353,-1451834.1842454765,10.371029288829169,10.427546910837806
660145.5959910632,-1447053.8167864592,2.6668361028417835,3.4289633160997774
663344.629202317,-1442052.1170826484,0.5926302450759522,0.1811477660853722
661664.6853376694,-1444732.42846434,2.8149936641107693,2.6241466957888218
670033.8644219273,-1462151.721888321,6.2226175732975015,7.604787920398511
662734.1366407429,-1444210.6497637802,2.6668361028417875,2.5774468370664003
670370.0224146843,-1448161.5763957095,4.444726838069641,4.605191334490442
665100.1447094164,-1439921.4927232263,18.075222474816545,17.352973490920046
660575.7429055457,-1443593.2042740872,2.666836102841783,3.488197168811083
670917.5402867305,-1448950.3550162592,8.000508308525353,7.535081499413198
660943.7912022483,-1446691.583902991,3.1113087866487517,2.3992100294632532
664221.8212818024,-1440885.6566439483,8.593138553601309,8.31716602430572
663756.5548748507,-1455286.3068165202,2.3705209803038088,2.6379757039920175
672757.1578525288,-1453737.8987435435,0.7407878063449402,1.8439106444023539
667538.573587568,-1443415.7353127585,2.814993664110771,3.127360584084366
661466.3622130074,-1443634.1945924512,0.4444726838069597,0.7342375194945108
664868.7201392082,-1463077.1141639575,0.44447268380696414,0.5574697079938478
665213.6973545314,-1441959.958489927,3.259466347917736,3.805599730351515
666018.4976084641,-1463930.8271095052,3.8520965929936892,2.6568462014256298
660086.6359116572,-1458925.35889755,3.703939031724702,4.014908621746808
671244.1773644577,-1452823.0916071036,5.037357083145594,5.042052261805333
669353.3141211766,-1452233.1671359532,7.556035624718388,7.0644087325389915
667003.9889450086,-1451649.373384431,5.185514644414582,4.599456051727211
661321.7231330726,-1452521.90647558,1.6297331739588656,1.9884704529947932
665407.835618537,-1452859.1805167792,7.852350747256367,7.971797973971505
670486.6248427127,-1442837.234225961,20.890216138927318,21.757460469272267
666388.0421198101,-1452706.404823354,1.3334180514208955,1.5321945608586465
659865.138705967,-1445687.8360908395,8.29682343106333,7.737474134729321
667619.2465878278,-1448371.2675728374,0.0,0.7471552403153883
670604.7071269342,-1460389.1883440246,9.926556605022201,9.847738372806006
669479.9613754356,-1448052.677574186,1.0371029288829172,0.12460431813707906
671398.4733310656,-1453945.1635984755,1.3334180514208935,1.108764810130621
662394.8997231424,-1442516.1459955326,8.741296114870295,9.163054752186666
658242.8760947686,-1441263.720748621,1.6297331739588699,2.1326976828088533
670351.4003733664,-1440825.2143116076,2.3705209803038088,2.8774988871541507
664090.0987848025,-1447130.3213282197,6.370775134566485,7.526436084409519
665102.0156852362,-1446976.0586630316,0.1481575612689882,0.23697044167232395
673537.9514830229,-1459792.0466518623,6.667090257104459,7.617277467763623
670727.2504199496,-1456215.0897521013,2.814993664110771,2.2807855454446595
668701.4785063925,-1455284.715165256,1.9260482964968442,1.0242324980279114
662904.3957785506,-1450359.9081357094,0.14815756126898805,0.08488586735369186
657856.1335748679,-1444076.705138301,1.1852604901519055,1.11348509333622
668612.6193349357,-1447415.7773410121,5.333672205683568,5.860796796719435
671786.4480221797,-1461084.1056274632,8.148665869794344,8.318653606804409
663292.2304416499,-1453185.6305797598,2.963151225379759,2.114682273061602
670383.2820192308,-1459401.1565078679,4.148411715531667,4.481835832419581
662382.7368557428,-1464779.7583076544,4.5928843993386295,7.238147474604881
666458.913244223,-1437390.4311098258,3.111308786648747,3.047634520233573
660971.56776957,-1452712.7965525787,4.148411715531665,3.6826035679492746
662755.4387496291,-1461811.0964638,4.889199521876607,8.041197661683007
665039.2939355681,-1458288.1056313189,9.630241482484223,7.966665774627002
658877.1146271243,-1445226.9801279008,27.40914883476279,23.724329348227744
662844.7113833947,-1457520.9004662612,0.14815756126898805,1.401071248773575
669535.4251548427,-1454246.9547946458,8.444980992332322,10.188245785939472
671559.8261837419,-1446835.261750894,0.5926302450759509,0.6030321291509382
661541.0607454509,-1465775.3825913463,7.111562940911426,7.629388569430074
666335.6864887818,-1453100.1133669848,2.0742058577658287,2.3304837456104623
667213.3356061915,-1445514.696627609,1.629733173958872,1.648192948072178
663623.0383808176,-1460564.0513439425,13.778653198015892,20.000588107232794
662250.2924092216,-1458858.4961991273,17.186277107202617,21.98034794958226
666759.1442900978,-1462006.4568850268,4.592884399338631,4.8602021206994745
663299.0001189982,-1458321.4954784047,8.593138553601309,10.771293181588982
661117.2550917778,-1441425.3034442435,25.631258099534932,26.195113817287563
659625.3653458689,-1438926.047873328,1.1852604901519053,0.03395202019847776
671061.2874992011,-1444884.7069859793,22.66810687415517,23.825640419615944
665841.6497242075,-1443842.6918394505,1.7778907352278583,2.4484418219543054
669490.1880620252,-1442354.274811839,21.18653126146529,24.284087740615647
659075.1411578808,-1441919.0507003695,5.037357083145592,4.35966745592201
662388.7471668909,-1447522.0190212894,0.8889453676139252,0.503691045288809
665636.2423863728,-1442763.0439355434,6.074460012028512,6.619435908162352
667782.4701388795,-1439211.224384653,24.29784004811404,24.072233106334856
669955.4244714279,-1463295.0992405803,2.370520980303807,3.1545577806869254
663056.904329743,-1464423.6733507935,6.9634053796424435,10.729105839737922
664071.7750274008,-1456379.2889446816,10.815501972636127,11.311033648524909
660426.2845375682,-1441718.8584832463,0.1481575612689882,0.0006149185453077077
657190.8478358658,-1441155.3384236316,3.259466347917736,2.7066809947364026
665386.482933335,-1458085.1009583194,12.445235146594996,11.030021850233318
663449.7183173358,-1443311.3543553879,4.0002541542626755,3.969291788003706
665468.29962836,-1465138.8106450913,10.66734441136714,10.43636555111104
660944.5515487499,-1462833.3316867072,5.037357083145592,4.719147648388864
667607.2769792071,-1460607.3911082493,1.7778907352278601,1.594435407767751
664438.345434501,-1443155.4339790922,1.7778907352278561,1.857922503597056
661719.3859427469,-1460519.9281415897,6.815247818373454,7.342597282691215
668713.997679014,-1460348.0290301028,4.7410419606076175,5.068684795918452
669818.3909564714,-1460284.6978058699,4.296569276800655,4.491272211061354
659292.7790485087,-1440716.2560127303,1.1852604901519017,1.803624954980938
673900.3276296568,-1461788.8222426292,0.44447268380696414,3.829098344471449
664436.6244572985,-1464242.6893788432,0.4444726838069677,2.9280402980355866
669175.3376595429,-1440094.8310482881,0.8889453676139314,0.34812616058760515
671076.508327263,-1463123.420892723,7.407878063449401,9.432281033532005
670316.2149732187,-1446245.622822599,2.0742058577658287,2.8317450418146235
664755.6578663106,-1444103.2890183562,24.149682486845048,24.037867068356178
671179.8001600772,-1462193.1792839705,7.407878063449399,8.662804671164391
661763.8964274351,-1461964.6490713987,2.814993664110773,7.931804751155962
670704.7359393549,-1460241.0420303515,6.370775134566483,6.780468468395748
669598.3859073515,-1447150.213272034,1.6297331739588699,1.2388301118651637
662061.3342239739,-1445416.3449723248,2.3705209803038088,2.178462709284627
669937.0275008847,-1451151.0093654585,0.14815756126898805,1.444577562867373
670597.6439506434,-1447092.3054834793,0.7407878063449429,1.340954176576137
663239.9578538138,-1441061.162391116,2.814993664110771,1.5315397030350653
658895.7304871811,-1449997.465398618,2.0742058577658327,2.562568018757884
671061.6855208991,-1451826.1081409412,5.926302450759524,3.3387833013929953
664558.8750838772,-1448068.7075318207,4.592884399338633,5.673073101217154
664225.6489959606,-1442047.5270124716,2.518678541572795,2.4190447744439423
669228.3554552149,-1445308.4208878102,4.1484117155316635,4.111846334382405
664171.3498458578,-1453202.9955506567,3.4076239091867215,4.087929934311513
672178.3933548578,-1450784.6678280144,12.741550269132976,12.26616042510604
665259.6675995754,-1463141.3070360129,1.1852604901519062,1.603133980252963
666413.2640870855,-1463996.5496488076,5.037357083145594,4.390333409495158
662670.0786062216,-1454496.6324918116,4.148411715531667,3.6263454961105426
670866.7459814108,-1449966.5451696995,2.370520980303807,2.3887940970611634
659883.4561324022,-1458063.9772559,3.407623909186727,5.475144441997686
662585.6141347582,-1453359.6094440287,18.22338003608553,16.75695359306572
664607.7799523697,-1449209.7780728026,4.296569276800653,5.069756645903414
661392.5093571197,-1465673.291275057,7.111562940911428,7.350920926725367
666155.9475709808,-1456911.3001402337,6.518932695835474,8.136465799311388
667073.9959321865,-1445409.2453594455,0.2963151225379763,0.3007526033145346
666748.8519294938,-1444557.0206352961,1.6297331739588659,1.9045025798297284
664774.2786869046,-1450074.4518647327,5.185514644414585,4.9403504140640955
662246.05562171,-1452648.7202808708,2.222363419034818,2.5137875199070403
663444.5725146241,-1458425.3228401497,10.371029288829163,12.99785541731702
662823.9348575915,-1455626.9542580056,0.44447268380696237,1.981354311754548
670167.6524447133,-1457033.2481046545,0.5926302450759524,0.29449904655821935
662843.4689250729,-1449348.5175610783,22.964421996693147,23.84370469931556
662971.7205340518,-1456482.5907985854,1.3334180514208942,4.923163239211039
665742.846990196,-1437659.0370788067,3.111308786648747,3.6327537492862834
663468.083883178,-1448409.9252820427,0.44447268380696453,0.3906672706796122
657605.5152396583,-1443414.7721266628,1.9260482964968424,1.764298979032418
668813.0832919297,-1454501.6274565938,0.14815756126898982,1.6521494482847068
657948.4519419568,-1445090.434698638,0.888945367613929,0.8099085041691214
657517.4648335059,-1444282.5833330299,1.1852604901519015,1.143860382632877
660569.787071876,-1438597.4972269512,6.222617573297501,6.492289666814578
668266.4702744519,-1447608.7323566927,1.7778907352278583,2.230585941329158
669929.3682163637,-1462304.9966858546,7.111562940911426,8.391139633263286
662815.9011032593,-1461419.6514884457,5.037357083145595,8.192351379938643
672294.2774549662,-1456939.8147206455,2.518678541572795,2.2995889974454093
658701.4543715406,-1443098.1563329808,1.0371029288829137,2.3020745612937175
666601.844260379,-1460139.3821313018,2.074205857765834,1.3278997295357668
665149.8744406229,-1457123.4663124369,12.593392707863982,10.957508523630867
668163.3763423959,-1441303.0778896785,1.9260482964968482,1.7526070651338936
671216.4817378649,-1447017.8177117747,2.074205857765832,2.151261805803975
669678.9241586585,-1453331.6272642396,10.66734441136714,11.52581872936317
669072.3332331094,-1440238.1816516917,3.852096592993691,4.77239374566999
668278.0150548186,-1463789.3295560824,26.81651858968684,25.08124627727878
662929.267750898,-1462542.937192928,5.926302450759522,7.391252344485645
665557.6490196995,-1441771.8615003391,6.074460012028512,5.593990599571413
666905.1893938107,-1451794.9454998872,1.4815756126898796,0.7262610361650967
660553.6182538432,-1454060.4531736802,7.407878063449399,8.155564331370607
671274.6425998153,-1464207.421725857,6.370775134566486,7.978140275678651
662456.5500227553,-1449292.300429482,0.7407878063449431,0.5497120164629599
669502.9450057859,-1441075.851283654,0.44447268380696436,0.07320238507350396
667578.1858455532,-1454595.1819292572,8.296823431063329,6.94979938049743
662667.2865532419,-1445225.2802405555,4.741041960607621,5.570899206915396
668211.2184069612,-1451315.7807577457,0.4444726838069659,0.01359672286969893
668826.5764739851,-1443478.234973255,2.814993664110774,3.6195467909888435
673063.5832061276,-1463666.830068888,13.037865391670946,19.943609022556387
662911.229847223,-1463446.3006090028,5.037357083145594,8.872086867007086
663089.5114145111,-1447182.9261795683,1.926048296496842,1.5693729313510363
658971.907311024,-1453032.1087310864,4.000254154262677,1.2641330173448786
664186.2157509709,-1446997.461827464,3.111308786648748,3.6751523623008078
663395.5188103169,-1442296.7535826485,0.14815756126898627,0.010938431364435175
668158.0819502699,-1440174.2680810906,1.037102928882913,0.6155332656422774
661321.566742505,-1448530.488049447,1.0371029288829128,0.9932462945847798
661625.4009636694,-1444485.57896434,0.7407878063449402,0.8259958600998347
665049.3643314166,-1439676.7159732264,15.408386371974757,14.51251959236879
660620.6720335458,-1443839.1282740873,7.25972050218041,8.889040163263488
666181.3111167159,-1439613.104505408,5.333672205683566,5.713688769117544
669960.3252552636,-1445045.0594214404,3.1113087866487477,2.85080137506019
665200.5304331019,-1464308.076985401,6.963405379642437,7.326194959665748
669473.9001048907,-1460468.6555404272,0.14815756126898716,0.7261889332946048
661426.3445910073,-1443387.4853424514,2.2223634190348225,2.3805258610896445
663437.3362722965,-1453284.561915413,6.667090257104465,5.756554816755013
661801.042666681,-1461578.2752724155,5.037357083145595,9.845495300690192
668807.350305837,-1450430.694526188,3.555781470455714,2.953126803734376
671289.4121244578,-1453068.9641071034,10.963659533905117,10.732511976743712
661358.2137550726,-1452769.22472558,1.3334180514208935,1.6371816707440918
665450.702866537,-1453105.462516779,0.7407878063449411,0.6962230698829552
670215.3999252226,-1447046.0418891157,0.1481575612689885,0.4833596391054451
666435.7579938101,-1452951.8070733538,0.888945367613925,0.8469234412209955
659906.1937159669,-1445934.4413408395,3.407623909186725,2.2716392466696194
661957.1779749908,-1462695.778965416,11.408132217712074,15.857562902942524
671749.7738962704,-1449834.813794068,6.963405379642443,7.269180486158198
669520.2633794355,-1448299.402074186,3.7039390317247047,3.122817963605625
666747.0942374582,-1449662.8271565111,1.0371029288829194,1.1806545100550714
667863.8467295123,-1449604.5649437974,1.9260482964968486,1.796691503006648
662369.6123371425,-1442267.4587455327,1.7778907352278566,2.961970641610378
661905.5995865888,-1451589.1641573776,3.5557814704557145,4.003801518727103
665146.3404171192,-1445945.0155808693,0.2963151225379743,0.3741645652751444
671605.6786403822,-1455044.674597458,1.185260490151903,2.40228254712818
671821.1576570689,-1455902.553019022,2.3705209803038105,1.9078820596560457
670376.6177283642,-1452981.1066008261,7.556035624718392,9.615993756536888
665906.779826609,-1461041.6058582878,4.000254154262679,4.545477152120297
661791.4263544596,-1455653.2325743493,12.000762462788034,15.915217122939158
669612.5220782105,-1437280.3117299313,6.963405379642442,6.89577590559253
671892.4677549663,-1461849.575807143,9.333926359946242,11.489225343919067
658614.9132519267,-1443991.8824271308,29.038882008721657,29.36326068822689
665873.6445764417,-1445752.5198728028,1.1852604901519035,1.095553441984435
670336.5691392308,-1459155.5652578678,1.6297331739588659,1.6257874190193708
661955.7857568683,-1456498.230639385,1.3334180514208906,3.277227773199355
664997.790431568,-1458041.606131319,10.81550197263613,8.875479622823615
659772.2948825305,-1449888.0953681348,2.666836102841785,4.949811107834088
658905.717884583,-1445979.8454128518,7.407878063449403,6.661176974467065
663343.7469849982,-1458567.4494784048,8.000508308525355,9.769907704293091
667830.7166584707,-1461593.8439119612,0.296315122537977,0.5487066565538861
667899.4143540758,-1455668.0083086356,4.296569276800652,4.139310104545225
659091.9006662151,-1446838.6013437263,4.1484117155316635,3.003897263226186
665799.0449822075,-1443596.3578394502,24.445997609383028,27.492860619304555
659042.6239708576,-1451240.838151895,5.629987328221545,6.484287758484764
669697.5819338558,-1443944.120201629,1.3334180514208915,1.455359434969838
665885.7319365757,-1444725.9659145742,0.29631512253798054,0.39793872742342407
669088.7099287688,-1445210.7207710068,1.3334180514208935,1.538457330714994
667824.0368848795,-1439457.7071346529,14.519441004360829,14.13812215281876
672563.7482174138,-1454901.3248114134,0.7407878063449389,0.5063811263423208
664180.90098829,-1463371.0749460408,7.7041931859873785,5.6349018317524955
663103.428327743,-1464669.3016007936,16.59364686212667,21.221233966008622
666448.0125433754,-1465007.2088830392,4.889199521876607,4.251573022372978
664301.313013461,-1458368.2042427403,8.741296114870297,9.803548795944236
668852.5059606715,-1461591.0384326216,2.5186785415727946,2.6723015629476423
664620.3047970571,-1442118.3801539848,5.629987328221551,5.471825955141913
669968.641631007,-1461527.5187422587,5.926302450759518,6.444339984110755
667650.0801252071,-1460853.6938582493,4.444726838069643,4.471231639469217
661750.8029447469,-1460767.94489159,1.0371029288829163,1.9954779949409982
660027.5400252469,-1458166.2076895705,4.00025415426268,6.078978311990028
659334.2763085086,-1440962.7635127301,2.0742058577658327,2.671813599651787
661912.2438802486,-1446343.5142977946,0.8889453676139312,0.8818027568254403
658745.1740230145,-1439050.6251686043,2.3705209803038088,0.5773613685559873
664471.4244552986,-1464490.2438788433,1.6297331739588703,4.247530413847038
670663.8593173549,-1459994.4085303512,0.14815756126898627,0.8483417715631694
669970.7951228847,-1451398.7126154585,16.741804423395642,20.716667526723455
663276.0179718137,-1441308.544391116,1.037102928882918,2.4686503958973063
665796.146536781,-1448742.136260807,0.8889453676139301,0.377527082742942
660359.0568244222,-1448026.0587309487,1.3334180514208915,2.7820877950193825
665636.385921415,-1437807.036286369,0.296315122537977,0.054187445896214825
673778.6419738373,-1460902.8778292905,1.1852604901519044,1.3435162497427573
658668.621611523,-1449268.9090829017,1.9260482964968446,1.4732163257586022
670814.1867421101,-1450994.8055856475,3.2594663479177353,2.367693410842751
665835.7828681872,-1439798.913944284,18.816010281161482,18.592785442537707
661331.5626755911,-1446742.2327523741,1.4815756126898796,2.425981387291875
672399.4210788191,-1452896.2255135307,0.2963151225379761,0.32986029074003653
671104.4320128991,-1452072.422140941,5.629987328221548,3.1327975418014535
665463.3646855322,-1454883.3074121503,5.037357083145592,4.051244666747572
658561.2843391368,-1442997.6738669192,0.14815756126898805,1.0174078985844712
659954.7730311533,-1456032.7299339026,0.2963151225379743,1.6977004770040276
670907.4552374107,-1450213.1989196993,0.14815756126898805,0.21777379625113724
664119.0137723107,-1446118.4950646465,4.000254154262673,5.246158530830128
657754.9790332345,-1439077.1011528044,12.889707830401964,11.565094400442987
670581.3249466205,-1455091.070369102,15.85285905578172,18.90420937917679
665446.9345254537,-1448932.4190569716,3.1113087866487517,1.8718945557325863
664812.1084429047,-1450321.5501147327,3.1113087866487525,3.36773167361528
667471.6356582289,-1454738.765792071,3.703939031724703,2.0609871687210717
658987.3735038206,-1446989.7764713336,7.4078780634494,6.904079914975092
668599.0261916802,-1455427.0395294237,6.81524781837345,5.303512988429777
671954.1280697151,-1454850.6084522004,25.483100538265944,30.320473290971766
663431.358503178,-1448162.689282043,0.1481575612689861,0.1282641964383197
663985.8087904339,-1451227.6584632345,3.111308786648747,3.0234344272811327
661791.745213826,-1454630.594595494,13.037865391670948,15.319486006425405
657573.4926056582,-1443166.8521266629,5.778144889490537,5.884316175558432
668559.2268462363,-1437062.7285466038,2.666836102841783,4.103725380024013
665429.533875617,-1443054.8061146913,1.9260482964968442,2.003852228261385
664460.7748076615,-1460378.174701882,5.18551464441458,6.1370364825312045
670247.4899389101,-1463512.9872163525,1.0371029288829146,1.0398103084317487
673452.8468086238,-1463723.0652044995,14.074968320553864,20.187236668558143
673454.1080636692,-1458804.3358794344,0.1481575612689845,1.921095568178714
659486.6492025099,-1453942.6258874147,2.2223634190348225,2.8999899528710404
669016.0239662768,-1438981.9298729429,24.001524925576067,23.57462231663576
663297.6356560597,-1463488.2209301866,2.2223634190348207,0.5254479304786344
668224.971152452,-1447362.2276066926,1.3334180514208915,0.4271893038888148
659563.7324763287,-1455977.6100671955,2.6645352591003757e-15,1.401789465219701
662856.2604692593,-1461666.3522384455,1.3334180514208942,3.330035187856213
668064.2682053517,-1446504.555213909,1.3334180514208889,0.7145763405974215
666267.3779983988,-1445801.6710113303,0.0,0.02037987032654165
665181.3268943883,-1458388.3564091665,14.074968320553866,12.229137382062914
662946.3372234497,-1457375.2809533644,4.5928843993386295,3.567003917986743
663480.2289398843,-1460462.800054596,9.18576879867726,13.736641361892573
671365.7173991227,-1463317.8547542673,4.889199521876606,5.497628206841446
671163.5692358648,-1446773.486711775,0.7407878063449389,0.9011213627631158
662965.3441268981,-1462790.308442928,7.407878063449399,9.656455412755461
660122.4104871803,-1450860.304723435,0.44447268380696237,0.6254584570664028
664010.5962247058,-1462264.0106686424,6.963405379642439,6.7386663345499835
671238.2651038154,-1463960.119975857,3.4076239091867233,5.126985896620338
668593.3816351183,-1442263.0615069806,2.3705209803038105,2.4656325584781142
659917.8816991744,-1449985.9166665338,5.1855146444145825,7.286841749554463
670955.1399127452,-1445026.2786179525,0.29631512253797654,0.2805772742610837
671725.3802617725,-1460214.0321217654,0.2963151225379814,2.7078320237634657
669131.9928059479,-1462688.3408433597,0.2963151225379761,0.07161781677030543
662719.3855032222,-1448489.5317245605,1.9260482964968442,1.7891780289600385
664806.0040079633,-1445022.8688742884,5.333672205683568,4.327056386442811
666578.764565971,-1443716.3541823463,1.3334180514208915,1.5347021734845243
665781.394058615,-1442863.403012068,2.3705209803038105,2.59622439338517
673103.7787101278,-1463913.574318888,11.556289778981066,18.49647327330907
662952.4864672229,-1463692.869859003,8.444980992332319,13.41135308792605
665003.1556414585,-1445844.53293418,0.5926302450759549,0.40075573794205743
664242.6811289709,-1447241.0008274638,3.11130878664875,3.6751523623008104
667265.829905509,-1452617.764157562,3.7039390317247003,2.956805476415184
668385.2846011467,-1452546.3337161685,1.7778907352278583,2.03970738654508
668203.5359522698,-1440420.1005810907,1.037102928882917,0.5861198481258307
661366.324482505,-1448776.447049447,0.8889453676139292,1.1224163245999517
660272.2802174933,-1442645.6812657248,4.889199521876604,3.7537578162165683
669244.9881594445,-1451363.5507884119,7.111562940911426,6.392327552102322
656939.872084798,-1439441.9930305076,27.112833712224816,28.01987092474633
670006.6477532636,-1445290.7219214402,1.0371029288829172,0.4829195179525634
669426.1659728906,-1460223.2892904272,1.6297331739588694,2.2460620953439774
664857.8306034904,-1443956.8086003521,4.889199521876606,4.322486802201506
664810.7150460021,-1448914.0664281482,1.9260482964968446,3.1369187281985242
661855.432140681,-1461822.2425224157,13.03786539167095,20.31888614294198
668750.981681837,-1450187.140026188,2.814993664110774,2.457861300861854
663891.2945116835,-1445019.8091877599,3.555781470455715,2.8892646595568237
670373.4672826686,-1453995.718976731,5.926302450759523,8.814129520605553
670247.5393012227,-1447293.9603891158,0.8889453676139314,0.33526811029467574
662009.2742149909,-1462940.2374654158,4.7410419606076175,7.465948251854675
669957.8397454182,-1457322.005222745,0.8889453676139292,0.3558910608374246
662038.9684565509,-1441417.716283963,16.741804423395653,14.4036996933864
667794.6673992116,-1455813.2168217646,3.703939031724698,3.396731887623254
671157.3593162177,-1450811.3544234454,3.259466347917739,2.30644507250366
666360.7718825757,-1446940.126786563,1.3334180514208938,1.5712149875156225
664818.8266488437,-1450933.9144651573,8.889453676139283,9.359684700803664
667818.5199815125,-1449358.7609437974,0.7407878063449411,0.5199780140159356
658463.235855026,-1442006.2058964043,0.8889453676139274,2.028046250928146
661690.3084697095,-1454772.828489038,7.5560356247183895,8.94388748328664
667222.2749513544,-1440706.7334456714,2.814993664110774,1.766411658661204
673633.8865162844,-1460803.007456074,2.5186785415727933,2.6642330903782074
657731.912014933,-1445374.3481906739,0.2963151225379743,0.522769720546564
671855.197661069,-1456150.2197690222,2.9631512253797614,2.699648626360843
670430.9614863642,-1453224.8811008264,2.3705209803038123,4.384683682727794
665783.8034123739,-1444885.8856917773,0.14815756126898605,0.2336978763951083
659887.3157960216,-1457062.3691162304,1.3334180514208942,0.680381495736663
665061.5114740824,-1452040.126346791,5.77814488949053,4.32766312459294
661839.5649884596,-1455898.535074349,9.630241482484223,12.492933445865887
669561.1254522107,-1437035.6552299312,7.704193185987382,7.997036604070586
671944.4448769663,-1462094.107557143,9.778399043753206,12.267412606167227
658669.9389999267,-1444235.738427131,28.14993664110773,28.241768715118774
662236.6646232529,-1453547.746180329,3.407623909186726,3.0808106927780083
662624.6724221404,-1460566.1351135564,4.7410419606076175,8.407165824050413
662681.2671771571,-1455527.1943499367,2.2223634190348225,0.2169528755256227
662004.3840108684,-1456743.454389385,2.963151225379762,1.34390808616675
665807.7610399246,-1457115.770855283,5.481829766952561,7.196243092599509
664156.5262038907,-1462366.879638807,3.8520965929936883,2.810120363547039
664331.4124540647,-1464387.8138282937,18.816010281161482,21.044881397987673
659820.0675085305,-1450133.477368135,4.148411715531669,3.2180341611565497
666238.7280360826,-1457913.019815025,1.1852604901519053,1.6439955010581766
667624.5033268008,-1453832.09749,8.741296114870295,8.605515315155973
663667.8266005372,-1438076.932205028,0.4444726838069668,0.26893752371110047
668995.0501740336,-1462582.5809208895,0.7407878063449407,0.498300918301986
658116.9402274494,-1442191.5672041283,1.0371029288829172,2.0085291151886366
667878.8419064707,-1461839.164411961,6.370775134566487,6.3141519493642075
667851.6456080758,-1455422.6430586353,5.481829766952559,5.436597590467604
668457.5148562723,-1453680.404990402,3.111308786648747,3.450284714740672
669827.4280138251,-1462453.7057395056,5.77814488949053,6.811013667331064
659003.4102148577,-1450994.0134018948,6.222617573297497,6.040689394271644
659770.1522855612,-1448985.6395136297,6.370775134566485,4.640003668748022
669751.4244318558,-1444188.2419516288,4.000254154262677,4.392137336498871
669121.5258127688,-1445458.5372710067,1.4815756126898798,1.7021253417867677
672524.7843474138,-1454654.4580614136,23.705209803038088,23.186845291556256
669576.0501604403,-1453473.7319293139,4.7410419606076175,5.37179694607781
662774.9970991288,-1438113.8579407155,0.14815756126898805,0.5638141205282481
664262.2795194611,-1458121.3302427405,5.778144889490537,6.121653388102347
671173.447728877,-1464352.1275506497,7.556035624718392,8.715052204546648
668806.1938286715,-1461345.3701826218,0.8889453676139247,1.1241446725317656
669928.6893870069,-1461280.7527422584,1.7778907352278566,1.969297214096681
659984.494639247,-1457919.9466895703,1.6297331739588712,3.5650038869281193
660996.2102052157,-1456788.4766187358,1.629733173958872,0.26274658328110334
660112.7303566802,-1445653.2707047607,5.481829766952557,5.08592743123826
663975.7069866839,-1446014.901160507,2.3705209803038114,3.5873511577309403
662869.3491656526,-1440114.5655498751,0.5926302450759486,0.29100619935571803
670803.3165064424,-1461241.6951781283,4.000254154262679,3.8863460267722534
663857.443471434,-1439947.6965670474,4.5928843993386295,5.110195168735834
669523.411399603,-1443107.8767740848,0.4444726838069625,0.6754123740956443
665835.4565367809,-1448989.0250108072,1.0371029288829163,2.2079587972050767
669510.986376039,-1459545.7824238075,6.518932695835471,6.326824893267211
659702.3252024318,-1443706.895283087,24.594155170652016,24.265775140341095
665599.5462934151,-1437559.829786369,2.518678541572797,3.051374225543336
673733.0130918373,-1460657.0903292904,3.111308786648749,3.445061805059707
671810.8809441908,-1454752.5032069152,0.44447268380696453,0.5274706726306022
664120.0201931838,-1441035.674822248,6.370775134566486,5.7685747512804735
664127.3920175601,-1451328.9705310473,1.9260482964968464,1.8983324547402223
665786.0532401872,-1439553.920194284,13.037865391670946,12.360670352658651
672346.743448819,-1452651.8595135307,2.222363419034819,2.1353055015222253
665670.9022065017,-1447879.9682912724,5.4818297669525595,5.0790022940098645
668956.0405803246,-1450530.4707137952,2.6668361028417857,1.8470112465951445
658597.0277151368,-1443245.1013669195,4.000254154262677,3.642044039557873
666169.669617804,-1445947.3645169567,1.7778907352278541,1.9795195947130915
666703.6148912731,-1437339.325889355,1.6297331739588694,1.7112876033770439
661217.3312841803,-1452667.32105732,1.6297331739588659,2.0279193075612687
665552.311044813,-1452966.6315071909,5.926302450759525,5.681753869131636
667747.8715972643,-1456593.1617969442,4.296569276800653,4.794704973324105
667438.5535764522,-1448785.492283986,1.9260482964968402,0.7721494820646457
666275.7669738783,-1451840.0174293288,0.2963151225379761,0.5530833933159025
663053.5652420431,-1458368.8557763076,8.593138553601309,10.649207687693616
658224.1281807532,-1447219.5165351823,2.5186785415727946,2.140097644407626
664021.1157204323,-1452104.2521227305,1.3334180514208938,1.4419332160354528
668538.7619947785,-1448576.6270207325,0.14815756126898805,0.2898692707954478
666726.1835521255,-1443818.4138049413,0.7407878063449389,0.9311192526174396
662890.9518663213,-1451505.7099852276,7.7041931859873785,8.243992998407418
663942.8439144338,-1450981.4234632344,8.889453676139283,8.591823491239454
666346.9654558555,-1453860.656062989,1.0371029288829154,0.9783115979280224
665457.393929966,-1460232.668644166,1.7778907352278566,1.4365779198539137
662145.6759484379,-1447580.4367947958,0.4444726838069606,0.20112655452605566
658712.918607515,-1443852.6425906206,27.409148834762792,27.282089107485845
665390.322125617,-1442807.9896146911,2.2223634190348185,2.3364761346101846
668596.7607382364,-1437309.887046604,1.7778907352278583,3.280723076992617
664410.7405596615,-1460133.251701882,3.555781470455708,4.561701825304386
670203.61682491,-1463266.8742163526,0.0,2.1957877109104604
673429.4280736692,-1458555.5821294347,1.1852604901519026,0.9620470334985356
669059.7898622768,-1439228.053872943,25.77941566080392,25.571662003074657
663938.2536208787,-1461389.1220504283,3.4076239091867233,7.395689931125917
665142.9196483884,-1458141.3309091665,12.000762462788034,10.387500000000003
661108.5870903959,-1464070.4295940022,5.0373570831455945,5.558242198762582
662989.2215934496,-1457621.5737033645,0.7407878063449385,1.103316857713951
664028.4739787555,-1457142.2806897708,7.407878063449401,7.242630835469015
660222.4371868027,-1452715.7797837975,3.259466347917737,1.8996725549539413
672048.8146126572,-1462824.1634805829,2.6668361028417866,3.091944162845122
669803.2694223509,-1454325.6080890591,10.519186850098155,11.814650956354335
671321.1367671228,-1463071.919004267,8.741296114870295,10.39297514899407
662946.1384440215,-1446471.787849729,2.666836102841783,2.651906035862657
667368.215484183,-1457725.9337025096,31.261245427756478,33.389264286289695
668627.8173871182,-1442510.6325069806,0.2963151225379743,0.5269372851417744
670915.0681607453,-1444779.5931179526,18.07522247481654,19.246496479183755
668724.2624794281,-1444241.1563484885,0.14815756126898816,0.2033393562509197
666983.791886555,-1462739.2033600505,5.778144889490536,7.097630117437545
673035.8809178637,-1455712.09551608,4.000254154262677,4.183225905255832
669100.5516839479,-1462440.40609336,2.2223634190348185,1.9213624808392082
666537.020069971,-1443469.9041823463,1.629733173958872,1.769756918530034
664018.308671019,-1441186.7179167205,10.371029288829163,9.659603773632222
667961.4797328699,-1449456.298092459,0.7407878063449433,0.9061662095488301
670094.2666802901,-1443998.4663276374,14.223125881822853,14.273864991718689
668338.7727271467,-1452300.7102161688,2.2223634190348225,2.392354756227442
664473.3639453091,-1442013.8226454621,2.0742058577658344,2.081786863092181
663589.983208301,-1443415.633314591,3.111308786648747,3.2469390590859346
667746.577397084,-1442510.205057099,2.2223634190348207,2.3264987918773157
670285.2034715204,-1453125.497534104,2.814993664110773,4.493477874958856
659784.8858357697,-1457205.8047092655,1.1852604901519026,0.8255946978094411
660316.1944674933,-1442891.7740157251,5.18551464441458,4.088967631751609
664852.7065500021,-1449160.5079281484,5.481829766952558,5.98696073130415
660987.6806039759,-1457789.370074418,1.3334180514208933,3.4978162451790875
670806.8075934655,-1460095.8037914722,1.0371029288829163,1.8168907818639557
661090.4543694942,-1450688.8471737371,1.3334180514208913,1.3659381793958107
663930.1275156836,-1445266.76893776,0.5926302450759531,0.534692077960544
670691.7749546471,-1441924.5067150043,31.409402989025466,33.01944877514345
661915.438299073,-1445319.9631814703,5.333672205683566,3.9828234784179593
669830.8802607679,-1451292.8468723022,10.66734441136714,13.378845238317275
671634.3189345467,-1452871.3535119542,8.296823431063329,8.717638639541327
671059.7030206668,-1455903.4822292817,1.62973317395887,2.3009633912435623
661469.2957090911,-1449504.761293014,1.185260490151903,2.074248431773121
667753.3720272116,-1455566.7233217647,1.0371029288829199,1.2921633605544915
670157.4446247976,-1451985.1042513573,11.556289778981066,17.06971733121926
671213.4296942176,-1451054.9621734456,4.7410419606076175,3.7679865331079245
669890.4496428416,-1440023.4463760522,4.000254154262677,3.376235979216362
666332.1368805757,-1446691.9510365631,1.0371029288829132,1.1498995973380115
671206.0404537756,-1451927.867521753,1.037102928882918,3.2044593773168515
664875.6765408438,-1451177.2962151575,2.96315122537976,3.0177263587115393
658507.1444770261,-1442252.2788964044,1.1852604901519035,2.478483350475758
667176.2404473545,-1440461.0106956717,1.3334180514208933,2.2416855579570028
665115.5418961938,-1463037.4464996033,0.2963151225379743,0.5042731259699966
657701.0497669331,-1445126.290940674,4.148411715531667,3.8240594347944947
665276.2610147401,-1447816.0653508473,0.7407878063449409,0.7387970971467152
662569.8234388443,-1454645.300071159,17.630749791009578,17.53548842222832
670005.7779728981,-1450129.7978670641,1.6297331739588703,1.9843768798141812
665561.6031102987,-1461226.5534648905,2.6668361028417866,3.4118949294698453
665746.5484103739,-1444638.6934417775,0.5926302450759549,0.705449722068076
659845.0982900216,-1456815.9623662303,6.07446001202851,4.368924982018615
666019.6949516272,-1455810.0626218694,0.29631512253797787,2.3774586516355942
662542.8015223376,-1465630.8832854396,4.2965692768006525,6.275696149977833
664404.0658639874,-1458227.5843594763,11.556289778981068,12.103896220348672
671586.9204206102,-1458975.11379888,6.667090257104466,7.008250657452171
672817.8606877344,-1461930.80961366,1.6297331739588685,0.3836545851919766
671521.9733460397,-1464171.058949238,6.81524781837345,8.03907326731615
665366.8114126532,-1454010.2128077797,1.185260490151901,1.0394884958733077
670014.4924248753,-1438975.0357697303,1.7778907352278581,1.8568152334387151
664366.4850780647,-1464635.3350782935,13.186022952939936,14.840336221023563
667592.2065025368,-1437345.237516277,9.482083921215231,10.30991927473408
667823.8776874731,-1454549.1309257098,6.963405379642436,4.561155804367582
659373.5253892059,-1447038.00722524,6.81524781837345,6.446567898194002
663574.7827286962,-1448264.2971601817,1.7778907352278601,1.7719914311274212
668953.9769280336,-1462336.0604208894,2.2223634190348247,1.9855735303412902
660160.8664471245,-1451717.665595421,4.148411715531669,3.928035156390211
669187.8284481275,-1464466.529360163,5.037357083145593,4.957495682004088
669623.4241281569,-1442961.862817825,2.963151225379762,2.210292426400647
673308.7254386263,-1463618.090980854,14.815756126898805,21.227367235554013
663155.3408355289,-1463392.56064551,1.3334180514208924,5.34433045225853
668214.1416998648,-1462520.6909127021,3.555781470455712,4.07066331771221
663546.4286837247,-1461320.0348755703,1.3334180514208889,5.600344737121262
672250.547018907,-1452793.109421975,2.370520980303807,1.925958664723428
660673.4943327033,-1461040.6141619226,7.407878063449402,7.626172519109021
668388.0231836978,-1441146.8495773266,2.9631512253797654,2.5469713885107215
663451.5069247778,-1464497.408633452,11.259974656443093,16.34142610464811
667215.4246680833,-1464855.8448362965,7.55603562471839,6.79543748355658
669533.0264024402,-1453227.4804293138,8.593138553601305,9.793092768053395
662825.6306011288,-1438358.6561907155,0.7407878063449385,1.3190159938972346
671131.6823428769,-1464105.6560506497,8.44498099233232,9.588116979649378
668554.4140266185,-1464511.2712109024,3.8520965929936906,3.2994904671349623
660153.7853666802,-1445899.8759547607,0.5926302450759513,0.37990745682144134
662912.1130276526,-1440360.865549875,1.185260490151908,1.479719326451816
664020.209352684,-1446260.8366605071,1.629733173958872,2.738134069756648
668024.9325911873,-1451732.7170411376,0.29631512253797787,0.16706232267499832
670758.2223884423,-1460995.8019281286,0.8889453676139301,0.7602532549251446
663902.8090914339,-1440193.5363170472,1.9260482964968446,1.3397704358616407
668631.3563952697,-1459455.816985815,2.0742058577658327,2.8914265361022142
669768.0922217597,-1448266.6035641497,1.6297331739588723,1.053300148575026
667618.1791319423,-1449650.754864314,0.1481575612689925,0.030149952341989028
658196.865832855,-1448221.1059084148,1.7778907352278557,0.9489022608296223
663917.6101283209,-1452246.3630860725,1.0371029288829132,1.1046407481582063
662613.1359604513,-1442210.9883351387,0.8889453676139301,0.1689385361177802
660485.6723467971,-1448634.228811204,4.148411715531667,2.4526781713324786
669573.844025603,-1443352.728524085,4.000254154262675,4.519465197455732
669469.7333960391,-1459299.2154238075,4.148411715531664,4.0819760843466435
659749.4721924318,-1443952.394283087,0.44447268380696414,4.461471142157034
671851.4791981907,-1454999.1777069152,5.037357083145594,5.874742202489232
664576.1549112074,-1455063.6713223192,4.59288439933863,3.1146765985081917
669140.1451791723,-1451508.9135611397,3.7039390317247003,3.5306613444485615
664089.1405175601,-1451081.9257810474,5.18551464441458,5.167542034790741
665055.9201331984,-1464211.4495250373,4.148411715531667,3.155007867250605
673318.8194870919,-1458699.711458872,1.629733173958865,3.7440930369591836
674147.8326540431,-1461753.727492872,0.8889453676139265,3.995823613626589
668902.8374563245,-1450286.2099637953,2.814993664110774,2.39886874395604
667177.2472974309,-1439422.3952340642,30.52045762141154,30.461981081631013
660348.2891586425,-1459000.1929788883,6.667090257104463,7.239583333333335
666118.611115804,-1445702.6400169567,0.14815756126898827,0.18025669004814882
670583.1389761356,-1459114.3538035322,1.7778907352278561,1.6313794191032038
662082.7803265429,-1457495.212988602,1.4815756126898778,3.487805520543457
664802.3503925563,-1461319.9982667416,6.518932695835479,7.770059422603563
669350.4937956447,-1447182.420638062,2.666836102841783,2.282500967212238
661252.4137921804,-1452914.8425573201,1.4815756126898796,1.8642013163316233
660701.7567234694,-1450649.694345165,2.07420585776583,2.1878286046119886
670339.4763394892,-1442108.7503287247,1.6297331739588659,1.7322790997691944
670757.8390277484,-1454056.8669256873,9.482083921215231,12.343999115409336
661431.5263345632,-1442770.0853530224,0.7407878063449402,1.257432160470735
671848.6989710799,-1449679.4139997521,4.440892098500626e-15,0.5323527472218794
670120.9583434202,-1438836.5848308867,1.0371029288829174,1.0385970199449246
664777.3769888999,-1437967.8902530046,9.482083921215235,10.029435523857732
659150.0757974109,-1445927.0743387076,7.111562940911427,6.699889750021282
663098.3121080431,-1458614.8097763075,8.000508308525355,9.647822210397726
661289.3949630382,-1441646.6401000395,10.074714166291185,9.053035460638458
670956.1515712241,-1456050.2722924976,3.407623909186724,2.933672457420669
668499.2178727784,-1448329.8172707325,0.5926302450759522,0.6881122074446546
666679.4056821254,-1443572.8393049415,0.2963151225379783,0.41093460154725714
672729.1191571942,-1460680.2167998524,5.333672205683568,6.472556514165733
661911.9613997175,-1440560.4592792431,13.926810759284876,12.739374538883471
662838.9023623213,-1451261.1932352274,0.14815756126898827,0.05291356457818486
659490.8343423717,-1448784.75021148,14.815756126898805,17.904107332069856
665409.104563966,-1459987.379894166,1.4815756126898805,1.0799082397106812
662111.6137004378,-1447332.7750447958,0.8889453676139292,1.150662225293015
668973.8269014793,-1456376.1316429395,2.518678541572797,2.4361761709445178
671794.7408809317,-1461985.5098265158,12.297077585326006,14.225874544824809
658767.1478615149,-1444096.6578406205,28.149936641107736,28.190099594806313
668485.2749209933,-1452399.347541038,6.222617573297497,5.740428344530271
666872.6968900764,-1460720.8034909342,1.7778907352278583,2.423493428814443
663351.2543427516,-1464636.4309037467,18.07522247481655,22.925154667003362
664053.5824615981,-1458401.7210461325,12.000762462788032,13.011087763538459
667520.4069623544,-1459622.8056287006,0.2963151225379743,0.5844604259768942
669724.4360246921,-1461580.7874485035,11.1118170951741,11.153546966956625
661072.5800823958,-1463823.0388440022,4.148411715531665,3.285148876695418
666907.3132142286,-1455788.927473467,10.963659533905115,10.007773169586395
663391.047730105,-1465509.3680443922,13.778653198015885,15.979059054225049
660269.7740648028,-1452961.2527837977,2.074205857765829,0.48592869381153037
673164.3133751624,-1461743.5094580883,0.5926302450759522,2.9093717967089567
672087.2771086572,-1463071.1804805829,5.185514644414582,5.364142176447952
659089.0361386047,-1441011.2406406258,2.370520980303806,1.5964822976271975
661090.7529080568,-1457643.5513737765,0.7407878063449393,3.0507120815494737
666978.2367424746,-1461857.4093090368,6.963405379642436,7.532447636855579
663520.0805228776,-1437979.2235449557,1.3334180514208938,1.1292270531400979
659720.406158323,-1450791.30166827,0.2963151225379743,0.1956173566269892
662909.3262000214,-1446224.5408497287,0.888945367613927,0.8290627372959989
658422.4699295599,-1449312.432587797,1.6297331739588685,1.5289619231409421
667075.3477569909,-1440602.19065907,24.29784004811404,20.344297974742847
663652.285994709,-1454426.5852939738,7.852350747256366,7.062717005794876
664901.7300485467,-1456140.8482294925,4.000254154262679,5.9407879300303765
660748.3744775909,-1444433.0804251167,6.370775134566486,7.881845399674578
660695.7723549028,-1455821.7455348666,0.8889453676139265,2.8051513253352036
660157.3589106551,-1441643.3829888422,0.888945367613931,2.196053772222262
664518.6738253091,-1442259.676645462,0.888945367613925,0.8839752958370624
665247.4305711088,-1465309.5597052043,16.445489300857673,16.04559894558368
667567.9567822454,-1464673.448122048,0.44447268380696636,0.726327941100734
664661.5276120722,-1442991.032491107,16.001016617050713,16.85876139692846
661456.2377544614,-1460416.6484573476,4.741041960607621,5.150688953363615
674236.8012788831,-1463749.8441367082,10.963659533905119,12.126948066952913
660454.793247064,-1458854.2904524894,4.741041960607616,4.901148866128685
670323.6934975204,-1453372.325534104,4.000254154262677,6.249877557502709
660850.6330274281,-1456689.028688449,1.9260482964968446,0.06554880236356109
669002.9204627791,-1446109.9912044248,0.5926302450759513,0.08884554084017182
659743.0257077697,-1456959.3377092653,0.8889453676139265,2.9788101585542037
662401.784047987,-1465536.1794632808,1.3334180514208942,3.4538351949511394
661031.5157179758,-1458035.489824418,3.2594663479177397,2.1344123886531907
658001.4522440077,-1439035.3933868697,5.333672205683573,4.205882465943685
664636.1258042363,-1437863.698030612,14.815756126898803,15.66202632697007
671498.630214521,-1453800.9230240071,8.000508308525355,9.54783788472606
670827.9560606367,-1455050.2034725975,14.815756126898805,17.920876880230384
658770.7699165405,-1449120.6631337716,2.0742058577658327,1.7194337239452846
671096.6422546669,-1456150.7287292816,0.7407878063449409,1.2757351780479735
665468.9481957294,-1446898.744636956,23.705209803038088,26.447054722970325
667258.5066245885,-1441303.4079106776,1.777890735227854,1.654021742995761
670207.1203407976,-1452229.8970013573,5.629987328221548,9.71644220010724
671247.5058177756,-1452174.3947717533,2.222363419034819,0.5646945462141417
663739.4654562003,-1451270.2389830914,3.555781470455708,3.3370536983194286
664705.9501558894,-1460329.3899040313,5.185514644414585,5.9730311268901755
665323.14201474,-1448061.6173508475,6.222617573297497,6.439371180017836
672134.6691167213,-1456720.071634422,1.3334180514208915,1.1802773578830617
668226.2434514584,-1457514.9290741652,4.444726838069643,4.080513742871031
661150.9342873027,-1440649.0645953668,12.889707830401958,14.01243736798432
669345.0461436869,-1457441.0073866984,2.3705209803038088,2.035886233571288
663649.3094032416,-1461174.3248827106,4.5928843993386295,9.121029265960935
670045.0240928981,-1450376.6971170641,0.2963151225379761,0.07971333802514735
665512.9571102988,-1460981.3389648902,2.963151225379761,3.3259299556017154
666696.6956631348,-1454676.0045287819,0.7407878063449393,0.35292857109950493
666065.1007036273,-1456055.8928718693,4.148411715531669,6.662127666654277
663726.6332048738,-1460420.7054103678,5.333672205683568,10.498050434480431
662586.4957763376,-1465877.0237854393,3.8520965929936866,5.99078585416534
662676.4768188745,-1438259.583112964,0.7407878063449407,0.19113144578482721
661975.4419393772,-1452569.0812460175,3.555781470455712,3.521095579704883
671652.8700466102,-1459216.08554888,1.7778907352278583,2.0270797582717384
659875.1139160077,-1450896.8637927584,0.5926302450759486,0.7739664927069267
663764.190989386,-1462306.2255357068,6.667090257104461,7.041773512145919
660386.5531421845,-1453833.1755262874,5.037357083145589,6.131210413395541
671695.5776438953,-1454146.969305798,0.888945367613927,0.6550889423095687
662614.607968427,-1449518.8871560218,1.0371029288829192,0.8384788719306833
672452.4266546768,-1458822.915103555,5.926302450759523,7.130777528828688
663012.9261972243,-1440216.8199842048,1.1852604901519035,1.3079328617035264
667638.9822685369,-1437590.8042662772,4.5928843993386295,5.086290273860424
669246.3435341043,-1463556.2724343836,0.888945367613927,0.9514300522795907
668587.6629259817,-1454664.4627974816,1.1852604901519044,1.3492363098528593
662826.0253400614,-1450614.1889232686,5.926302450759522,6.218541000346645
660198.0105871245,-1451964.879595421,0.5926302450759504,1.4499104933806448
670101.6706031545,-1463400.1097804613,6.07446001202851,7.2600144044093025
673348.9209426262,-1463864.8352308539,13.334180514208924,19.780231486306697
663196.5974555288,-1463639.1298955102,4.7410419606076175,9.883596673177495
659848.381106945,-1443810.772157528,1.629733173958868,1.8925988620701575
672631.7569340195,-1460823.8631908682,2.2223634190348207,1.1067647859139296
668138.9966993337,-1452589.2309820426,2.963151225379762,3.1728694081701145
664466.6260566085,-1455208.689536242,0.44447268380696237,0.4259622948308657
668248.9463098648,-1462768.245912702,24.445997609383024,26.799712174576168
660879.718498506,-1461957.3095906472,5.4818297669525595,6.229714583128198
663588.2998237247,-1461566.5018755705,11.40813221771208,10.20415596706902
660620.8495767033,-1460796.2221619226,7.259720502180414,7.2686579059800085
660519.3581297968,-1442607.724305939,8.741296114870295,7.982986171108646
669702.9881760704,-1454471.5290689948,16.29733173958869,17.641777015776242
663612.3352357715,-1444167.8575495777,2.0742058577658304,2.1338207418119266
668008.3065895967,-1463707.4573354768,2.6668361028417875,3.017132207570123
664612.0659618583,-1444002.603487235,1.9260482964968486,1.6390484267029644
670809.7183057591,-1462253.429873712,10.222871727560173,11.10459747911453
669444.7515392471,-1447043.6548230532,2.518678541572797,3.0529814110823335
670481.6383457154,-1442211.8611931005,0.7407878063449367,0.7498616188109322
669243.625953879,-1441003.4285041192,1.1852604901519035,0.3159181959727908
668731.9240234259,-1442365.79762659,5.629987328221547,6.376151832813913
666370.1684054077,-1440859.5511914692,6.667090257104462,5.902856975433997
663296.819749444,-1446274.1979235401,0.29631512253798054,0.3037819277276004
661144.4352041906,-1451558.3656393914,0.0,0.09857552695442284
670186.452426166,-1440234.7009511623,1.9260482964968428,2.9504081679653664
667572.8523839426,-1449404.950864314,1.037102928882915,1.2465635366487233
660515.580222797,-1448882.418811204,3.259466347917738,1.3943185052705402
668397.8996001212,-1448476.546611981,2.6668361028417804,2.780364735731794
666090.0677494571,-1450855.842266517,2.3705209803038088,2.4672328806025243
661889.2594384605,-1444565.2059651453,16.445489300857677,16.751031713109647
671811.01857553,-1450859.5332967637,10.66734441136714,9.864334886412019
660843.7019797065,-1443665.9928519595,1.6297331739588659,1.194278311227622
662224.807753975,-1463679.0276013114,8.889453676139281,12.884344377528407
669101.6666791723,-1451261.9088111396,3.7039390317247003,2.8081745901533965
668631.3829065089,-1460615.0281058403,0.14815756126898827,0.22761154149043472
656795.8061564555,-1439340.2151833167,4.296569276800655,3.650528377515206
666147.3510278781,-1463155.3820659053,2.2223634190348243,2.854679116487988
669118.3980886568,-1456480.606317914,6.815247818373449,6.956685279904073
670676.670265971,-1453178.7736305422,1.6297331739588685,3.260231756807851
660132.6404216622,-1457014.374117406,0.0,1.759003946262526
665307.992712602,-1451998.3601913862,9.482083921215239,9.390483289187287
663786.2363150707,-1445154.7129078633,2.074205857765835,0.9300937832948297
660312.7870406426,-1458752.7529788883,4.74104196060762,5.131560640709114
661580.864122793,-1461746.10371171,9.9265566050222,15.444092236325456
660508.0206608304,-1449770.5861017168,1.9260482964968464,2.636189086000512
664754.4393985562,-1461074.7160167415,4.5928843993386295,5.915566993640967
669396.9206736446,-1447428.016388062,3.407623909186724,3.134125323054664
662927.3203921188,-1455483.1583428537,4.4447268380696405,2.527858762809995
666762.9328116697,-1455691.3994793312,13.6304956367469,11.970462481026589
660747.6357334694,-1450895.4393451652,1.4815756126898774,1.5801996804135454
670301.7072134891,-1441861.6470787246,0.44447268380696037,0.4306030167722783
661379.0570865632,-1442525.6588530224,1.7778907352278566,2.2828984937550896
664739.3497328998,-1437720.8247530046,1.9260482964968464,2.0599102667330995
666473.4667065924,-1446795.1516188136,1.9260482964968446,2.2343799137774263
659188.280671411,-1446174.0910887076,3.4076239091867286,2.362727048290137
669481.4381721853,-1464664.4038416687,10.222871727560172,10.346822597689993
668444.0182535184,-1454566.829316726,1.7778907352278583,0.7702020165751513
661834.9936568658,-1443565.5057052728,2.814993664110772,3.1047807693049814
673281.6362504418,-1462720.0181016861,8.44498099233232,10.067459382965712
667054.5693931308,-1446564.9128505455,7.259720502180411,7.009201505137993
670991.3286932241,-1456297.7842924974,2.5186785415727972,1.87416020444905
665709.0697935359,-1454837.1975061083,9.333926359946247,7.387519390397471
670305.9396464722,-1464520.3698797254,1.7778907352278583,3.301225134114958
672782.5445351943,-1460924.4227998524,5.333672205683568,6.643566093027902
661869.3629017174,-1440314.3535292433,12.741550269132972,11.571105430275914
659524.6045903717,-1449032.4532114803,2.0742058577658344,0.9969784623772897
664802.3270379953,-1456285.25600421,8.444980992332317,9.71171426022611
661347.7015785726,-1453681.3600462584,5.481829766952552,3.893731472421793
666901.5746460764,-1460969.1174909342,6.074460012028512,7.1359235590687495
661388.2234686391,-1465029.9923250373,4.0002541542626755,3.3071870439863336
666917.5131514991,-1444783.3994718515,0.7407878063449409,0.8645681072815462
664014.548967598,-1458154.8470461324,9.037611237408273,9.32919235569657
667564.0333343544,-1459868.8996287007,2.222363419034819,2.418300653594769
669684.4837806922,-1461334.0214485035,6.963405379642438,6.678504196942551
669135.0497713003,-1441147.8060908415,3.7039390317247003,2.846937283083904
664224.5606000309,-1464529.4195445213,7.407878063449401,9.889089172041759
663432.9702401051,-1465755.8225443922,4.741041960607613,5.4725201675514406
667481.5525090953,-1453735.0240939376,6.963405379642438,6.846782506375968
660172.304747919,-1440722.8505089292,10.815501972636126,8.580485045917676
663570.8071488778,-1438224.0182949556,1.0371029288829172,1.0835490939285244
667035.2287524745,-1462100.7945590368,6.370775134566488,6.709931298436029
659775.7908123231,-1451034.94891827,0.29631512253797654,0.43073518530669186
663029.0303619215,-1441347.1903487288,2.518678541572797,4.123952459036712
668035.5217281895,-1444582.775864485,0.4444726838069646,0.44838008633059767
660079.2971170632,-1446684.7437864589,1.9260482964968462,1.6926255086589437
660598.2308326028,-1454941.5582868182,3.2594663479177406,4.446724608476797
670093.8955479272,-1462521.792138321,1.0371029288829163,2.4670712159544106
667162.7397436055,-1441451.481903946,23.557052241769096,23.69410036327105
668070.6805095158,-1462414.582695813,2.074205857765832,2.011751620259031
667031.4830711929,-1463876.2006325654,2.8149936641107747,3.9017974989024733
658379.3721815599,-1449066.197587797,0.8889453676139292,1.2443508402622845
658943.6680780407,-1452143.4160484825,1.6297331739588667,1.735924658501279
664365.2450477565,-1440987.512170456,6.222617573297498,6.326079541234643
664635.8358653306,-1454286.5927939015,26.075730783341893,25.486448920009565
656643.9668083217,-1439233.3106207133,3.407623909186727,2.7179325407130266
665337.8911502959,-1464401.1584562492,4.148411715531665,4.383108570200108
667030.1661289909,-1440356.31315907,21.92731906781023,18.06324388200346
660789.7309855908,-1444679.6186751167,0.4444726838069667,0.20312313387468206
666227.104652612,-1465173.4957511872,3.111308786648747,2.733211945862875
660735.3382409029,-1456068.5835348666,0.5926302450759522,1.234328402192875
665423.9005010347,-1447918.1629538275,2.8149936641107756,2.7026308725264707
665208.0785671088,-1465062.9647052041,12.88970783040196,12.649873150509855
668356.0351111898,-1463522.590094455,29.927827376335582,27.87750361308198
667602.8467882455,-1464920.998122048,0.29631512253797654,0.0014609773533915682
661486.2752564615,-1460664.8347073477,6.667090257104459,8.542155930327844
674187.7876488832,-1463504.725386708,8.29682343106333,8.626691749086682
660894.9329034281,-1456935.0651884489,0.14815756126898894,2.3021858168380476
669040.8110987791,-1446357.1024544248,0.5926302450759513,0.17893086052591212
668954.410004788,-1457385.5404614278,8.148665869794344,7.969122856413845
661923.0887544418,-1450410.2094803157,29.779669815066597,32.475524169962576
667684.4692198279,-1448740.5255728373,4.148411715531663,3.118896420220036
670904.2325170073,-1461096.282032581,5.481829766952561,5.280318470858559
662442.013671987,-1465782.9117132807,0.7407878063449402,1.1231548577997579
668534.2772984894,-1459612.0714749536,1.0371029288829154,1.5741554439614323
665051.6121403503,-1444976.5859947028,2.5186785415727972,2.508825443139718
671546.5112105209,-1454046.2840240072,1.1852604901519013,0.9584625396720756
670877.6811806366,-1455295.1887225974,0.7407878063449411,0.1290648705078734
660580.1414826589,-1447870.83506274,2.3705209803038096,3.627306251254006
673834.0968695353,-1460512.8999547742,10.815501972636124,11.563370064652576
663199.0281337333,-1452444.53242307,4.444726838069641,4.790166990767606
668768.7299063924,-1455653.599915256,0.8889453676139292,0.026320806960104193
664976.6391736027,-1439940.7490308448,5.333672205683574,5.018169054722315
670794.7144890815,-1448973.562487606,7.704193185987375,7.193041058571987
666594.4018390377,-1453825.0340139726,0.5926302450759504,0.7149354454903261
665701.3494700079,-1460178.0823884779,4.148411715531664,3.354746436250519
668471.017486284,-1447318.1546859592,1.6297331739588703,2.393411929175688
663360.48895165,-1453554.3513297602,6.222617573297496,5.278877235180778
665395.7137858908,-1464002.0460208247,6.667090257104462,6.726251213115601
668831.3895100574,-1449408.204116584,3.8520965929936875,3.8003943273901815
664655.9159078894,-1460084.4669040313,3.555781470455713,4.397696469663357
666444.6452630437,-1448825.5244901287,1.7778907352278601,0.1778571658784056
666516.8076102228,-1437760.894609826,8.88945367613928,8.663093017773715
661240.2851088283,-1464926.0857744517,6.2226175732975015,5.477905990347667
663690.3113992417,-1461420.9368827105,1.6297331739588667,4.992480663127299
658807.4513751243,-1444858.5083779008,28.14993664110773,24.592282304717248
666172.7962778833,-1451988.323078095,3.703939031724702,4.1357143463427235
666742.8739151347,-1454921.688028782,4.592884399338634,3.6930799043768086
666265.6421167819,-1452731.7258669848,0.4444726838069668,0.2390133910871568
671789.7248421105,-1448824.879493747,5.629987328221548,5.814874082200355
672293.211113767,-1462771.5404117159,2.222363419034817,1.964505705910522
659004.9129291917,-1445829.7780872937,4.296569276800655,2.930262732498025
662185.0806572216,-1458489.2114491272,12.14892002405702,15.33860230537195
669863.1081557885,-1456339.9718813943,4.296569276800653,4.0727412739367
661190.2769557778,-1441793.1146942438,8.889453676139283,8.905790252780932
659918.1400580078,-1451142.9827927584,0.4444726838069646,0.555188593880575
663810.7522413861,-1462551.843785707,2.814993664110773,2.553996005184289
667121.9546299004,-1457768.9515566481,1.4815756126898818,1.5663734068707278
671579.2706297041,-1459988.493611238,7.704193185987376,5.9438763386350635
671162.8704254068,-1444746.7400959276,5.629987328221549,4.907605971867479
672490.7196546767,-1459069.962603555,3.852096592993689,3.7102652202531607
666825.3767047913,-1443675.367905189,0.2963151225379783,0.07235298193358508
669209.7446521043,-1463308.9949343838,1.777890735227856,1.7146704719061574
667229.5342070087,-1462693.2933529494,12.00076246278803,12.569050620020292
672789.581658301,-1455754.630458158,2.0742058577658327,2.0407327220931357
662417.5122651618,-1448282.5216073117,0.8889453676139287,0.9050822444670925
665311.4999688172,-1460137.3658135154,2.2223634190348225,1.8163049042598427
662779.6963460613,-1450368.5429232686,1.1852604901519053,1.0102325439701811
659054.5670660856,-1451999.8078640343,2.074205857765831,0.9304671048394102
670056.0432331546,-1463154.3140304615,0.5926302450759522,2.1896922883493133
672689.4160500194,-1461067.0974408682,6.37077513456649,7.750966062603338
668092.4848253336,-1452343.6074820426,3.407623909186726,3.5255167778524767
666518.0378949319,-1460914.6977767325,3.555781470455713,1.7169600899350703
668999.4683165652,-1451410.4394191145,5.926302450759518,5.380895236653303
668775.9614390141,-1460717.8692801027,0.14815756126898605,0.009000202003608404
672387.7564404551,-1453801.9702536694,7.556035624718389,7.8740377656068965
667499.861876609,-1442550.5895388871,0.7407878063449411,0.6222733768570659
660836.7677605059,-1461711.0528406473,5.778144889490536,6.931412756142979
660563.2723797967,-1442853.8170559388,9.03761123740827,8.318195986643687
669658.5686780706,-1454225.5085689947,8.741296114870298,10.489078967555804
670262.7148412187,-1445874.5188225992,0.7407878063449429,0.3449500147269502
666456.0994475689,-1441724.3032089807,23.408894680500108,22.990639532526444
670769.1759257591,-1462006.777123712,11.55628977898107,12.212992306711554
663914.5022246295,-1438036.5989271002,1.4815756126898776,1.853159286553524
669499.4755532471,-1447287.5253230534,0.4444726838069668,0.8676362194096894
660848.0275503257,-1450749.34332784,25.631258099534932,27.96743977096808
670445.0444717155,-1441964.5596931006,0.5926302450759484,0.5467705639890468
666318.6126434077,-1440614.9361914694,4.44472683806964,3.572060672108072
657111.6933609413,-1442313.7987769535,1.0371029288829192,0.9981166781293636
659198.9797797067,-1441902.0686609691,5.629987328221544,4.79357223270327
661715.9280659573,-1449464.12390649,1.6297331739588676,2.774525832872328
667942.5732427326,-1450590.4432435292,0.44447268380696503,0.7060452774051074
670138.072682166,-1439989.4362011622,2.0742058577658344,1.5031947344832948
661590.6911035695,-1448611.3678582325,1.3334180514208915,0.1727398103652238
665591.3378657798,-1465116.760816228,10.667344411367136,10.448734104135081
668590.6705245088,-1460368.3676058403,4.889199521876604,5.168812252736276
656739.0177044554,-1439096.7809333166,1.7778907352278583,1.4029120234125392
661447.2873005515,-1453530.9594906308,0.7407878063449438,1.6307860246458787
666106.6687818781,-1462908.7863159054,3.2594663479177424,3.2522368304294798
665761.1720116313,-1462070.6621510796,2.222363419034817,2.884405575973746
669074.9230746569,-1456234.423567914,3.407623909186726,3.551188151083088
661470.8169831198,-1466039.9912750572,5.629987328221544,6.437585322488385
666826.6280293111,-1439616.399752683,31.853875672832437,31.047227712391827
667133.8171861864,-1445779.2616094458,4.296569276800651,4.235347819228131
657845.3137277274,-1438934.3583995914,7.111562940911426,6.6847412497253575
664899.482839956,-1462314.6215702347,0.14815756126898982,0.47166448571414854
662172.83798971,-1452280.9390308708,1.6297331739588656,1.9695414457604925
666804.8275556697,-1455937.8469793312,11.111817095174104,9.559526201693618
670301.5220459613,-1452088.1957842116,2.3705209803038105,6.414652779521671
661421.487287235,-1454689.904283131,8.000508308525353,10.498965569935113
663686.8075625782,-1450406.878698915,4.1484117155316635,3.5202205882352917
669433.2796641854,-1464419.0945916688,4.8891995218766064,4.621733445690345
665753.429415536,-1455083.2265061084,1.7763568394002505e-15,2.119906055931894
668432.8153203831,-1446435.3308316427,3.407623909186724,3.082875723968222
670265.5672744722,-1464273.6578797253,1.7778907352278566,3.5525216512145654
659457.781635615,-1455095.5555881732,6.370775134566486,7.4211701318774965
666544.9803803789,-1459768.7541313018,3.1113087866487508,3.8900996899228835
662794.1181178017,-1454481.7098815315,16.59364686212666,15.002209456473707
665919.9478724948,-1455953.6299165564,4.000254154262679,5.734463306449072
664752.6876599953,-1456040.25200421,5.333672205683568,6.826677982880893
661400.9755845726,-1453925.6045462585,2.0742058577658256,0.029512142584511736
667462.3972500283,-1464817.4952032643,0.4444726838069646,0.5827031488582733
671499.9808009582,-1459115.6652220818,4.000254154262677,4.2158042546250085
671354.5577960445,-1445837.6064274109,11.556289778981064,11.067211332763145
661337.967346639,-1464785.1028250372,2.0742058577658344,0.8942788363729193
669982.9852192287,-1455298.6105766313,18.22338003608553,19.273919854494686
660487.2825138432,-1453691.3734236802,2.370520980303807,3.0878199844210457
667009.5822797767,-1456776.8162222556,0.14815756126898816,0.11152880256800335
671378.4392200913,-1464065.7788395952,6.370775134566486,8.197331926769373
669177.5256473003,-1441394.1580908415,4.889199521876604,4.20575293934535
667431.7540130954,-1453490.0513439376,6.815247818373452,6.647594790335842
668270.5240309612,-1451686.0405077457,0.1481575612689845,0.5605330565183824
668759.2253499851,-1443109.3579732548,1.9260482964968446,2.575959981868485
670696.6131686985,-1443925.898359566,0.14815756126898405,0.06196749298102078
667989.9248481896,-1444336.987114485,1.1852604901519053,1.2061031270970588
660734.614994534,-1445707.080467085,1.777890735227858,3.209049606035584
660122.1737430631,-1446931.031786459,0.888945367613927,0.5187116970352408
668107.3441335158,-1462661.852445813,1.4815756126898796,1.3533434058135954
670348.3655246843,-1448038.4693957095,2.0742058577658344,2.492723859158751
659502.4488349713,-1443990.7830274533,0.8889453676139283,4.0803772004310375
665123.1663334165,-1440044.3527232264,16.59364686212666,15.700094917040577
660924.2984562484,-1446568.1141529912,3.555781470455714,2.969297898449447
660529.0524569292,-1460960.2432553596,7.111562940911426,7.994067108214022
664602.7177333308,-1454038.9122939014,26.96467615095582,26.469273445532032
672776.8682065288,-1453861.3244935437,1.7778907352278548,0.7130752117859478
667567.7000875678,-1443537.2940627583,2.518678541572795,2.866139248138441
665299.2262762958,-1464154.288706249,5.481829766952554,5.940006952573913
668287.3441495518,-1441287.069684025,3.111308786648754,2.8460881808288048
665240.7764805313,-1442081.990239927,1.0371029288829172,0.9772257826129104
666183.141284612,-1464927.533501187,5.629987328221544,4.428967655252531
669076.9479158284,-1461438.166300554,4.296569276800657,3.7919105355685088
668401.2581131898,-1463768.4610944549,29.187039569990645,27.119251398952947
660103.1730456572,-1459049.2476475502,6.667090257104463,7.367753809404937
669372.4048811765,-1452356.7003859533,3.4076239091867224,2.4317774475955236
667028.0700690085,-1451772.029634431,2.666836102841783,1.845139651261901
670504.4352307126,-1442960.9577259608,0.5926302450759527,0.6311865454543206
661969.9187504419,-1450655.7812303156,27.40914883476279,29.943395921785008
668381.6977996036,-1442554.46346658,2.814993664110773,3.319050753609381
667639.3712198279,-1448494.6348228373,0.4444726838069659,1.3717805829405183
668486.4361784894,-1459366.6987249535,6.667090257104462,7.01783030036544
662682.3983675758,-1443335.8274104549,0.44447268380696414,0.4898093319570558
670376.0557473665,-1440947.7580616076,1.9260482964968446,2.288814045240587
665287.2532361269,-1446044.0416048798,2.2223634190348225,2.2418264022664722
665075.5735552362,-1446853.8894130317,1.1852604901519035,1.091419195205083
670709.5654279497,-1456091.3482521013,4.296569276800651,4.035904030380154
668744.5619356208,-1448281.8014429072,2.8149936641107693,2.8545699255706873
661502.4461324319,-1444508.0845481823,2.6668361028417826,2.788368549591174
662926.8093925507,-1450482.8638857096,1.7778907352278583,1.556301789744782
664925.8587956026,-1439695.9722808446,2.6668361028417866,2.1777151561710584
670838.6673570815,-1449219.6627376059,3.7039390317247003,3.386113940781203
665653.0601040081,-1459932.7936384778,3.8520965929936883,2.9980767561072863
663314.6718276499,-1453308.59432976,7.259720502180413,6.304500022234462
658519.6685640843,-1444131.9988189004,2.07420585776583,2.6677603595121595
668788.8133840575,-1449161.8996165842,3.1113087866487454,2.974971460404581
662362.0618657428,-1464656.4810576544,8.444980992332319,11.785032171978328
662225.415864624,-1457597.6670364914,0.14815756126898805,2.0900234205451564
666478.1027502229,-1437513.9481098258,6.667090257104463,6.583581546654288
661189.8981048283,-1464681.2447744517,1.1852604901519044,0.4815312943413712
670657.0245338355,-1454201.0511763575,11.408132217712078,14.55868988607705
658854.1492531241,-1445104.1071279007,25.186785415727968,21.020998975130677
667154.8771400196,-1456880.0756173143,4.444726838069641,4.0925345903165455
660899.6544737271,-1449827.153258868,2.963151225379762,3.361128571316264
661321.0502116403,-1463796.5372756727,4.444726838069641,3.6186094953204817
669557.2701488426,-1454370.0312946457,10.371029288829167,11.73244906341408
666313.3579907819,-1452977.1281169849,2.6668361028417875,2.6181313931667987
672331.6736097671,-1463018.5574117159,0.29631512253797787,0.3076923076923084
659048.7290531916,-1446075.8885872937,7.852350747256367,7.20828555277088
662228.2322772216,-1458735.4594491273,8.14866586979434,10.705936731373917
666729.7816580976,-1461884.9563850267,4.592884399338628,5.177703459020098
669819.9227777885,-1456093.7311313942,0.0,0.5066669174115024
661141.5400777778,-1441547.9211942437,1.1852604901519035,1.0382868477387093
659599.8358418688,-1438803.6856233277,3.703939031724703,2.654676180779104
665864.8901022074,-1443965.5075894503,1.9260482964968442,1.489019788999947
671871.1970666302,-1460820.5555552235,1.6297331739588703,1.9969614645345004
666783.6322087913,-1443428.917905189,2.220446049250313e-15,0.3074077269790947
667269.9753130086,-1462939.9971029493,6.222617573297494,7.007831304236269
667662.1559068204,-1443396.9975317286,26.668361028417856,23.066392123453813
660942.5075924257,-1455781.7553620348,1.6297331739588667,3.317205708351887
660402.8387855683,-1441596.0797332465,3.5557814704557162,4.54841832130764
663432.0444373358,-1443187.611355388,8.148665869794339,7.968954405745786
667421.2087287386,-1459766.3787431722,2.5186785415727986,1.9042516316272944
665492.7192543601,-1465261.3683950915,9.333926359946247,9.26305456744013
668957.6675725651,-1451163.9694191143,1.4815756126898778,0.939010471496573
660964.4240447499,-1462956.7341867073,4.148411715531665,3.630632877873749
664415.0185625011,-1443032.6307290923,3.2594663479177357,3.327425782499196
674482.5030867195,-1463703.787501325,8.148665869794344,9.284915670384862
668733.9891890141,-1460471.4197801028,0.44447268380696237,0.3559494390715465
671006.5146949799,-1446027.9687264774,1.7778907352278557,1.912768391227674
669843.8013344714,-1460407.0753058698,3.7039390317246994,3.833361366125936
667466.5462546091,-1442302.8937888872,0.8889453676139274,0.636340935303048
669475.49368292,-1452206.8032674044,6.667090257104463,6.207492432073725
664959.968028543,-1440828.8161811456,6.963405379642438,6.759561079786831
671100.760207263,-1463246.0428927229,4.0002541542626755,5.5278093133398745
670609.1753977475,-1442812.6145546767,20.297585893851366,21.221509638998835
666411.6894395688,-1441478.2892089807,20.593901016389335,20.059245766893312
664225.6809412551,-1439876.8843838524,0.44447268380696414,0.4266579805114712
670727.1355613549,-1460364.0132803514,7.111562940911427,7.360717926031189
669356.6517929481,-1448073.0416007314,1.1852604901519017,2.0339145632403794
662089.235219974,-1445538.1789723248,1.1852604901519035,1.0342887872984372
660894.6843043258,-1450994.9390778402,25.334942976996956,27.655774577663014
670582.1368266435,-1446968.2722334792,0.44447268380696636,1.0117365031179288
660282.3643364222,-1447659.011730949,4.000254154262674,3.2429943988921917
661083.3762671907,-1445518.6545615937,20.59390101638934,17.606139404205702
658525.0131673533,-1449166.0079780137,1.9260482964968446,1.5225829057037483
659245.0159097067,-1442147.7859109691,2.2223634190348207,1.0774193548387103
665224.3660924498,-1446950.4635419794,5.778144889490533,6.531402658101019
661763.6931899574,-1449709.49115649,0.7407878063449411,0.267848447439468
664525.2163456214,-1454437.1820472647,0.2963151225379783,0.19674931308228572
667899.1896087325,-1450344.248493529,1.7763568394002505e-15,0.2832496468532417
664528.4602498771,-1447947.4685318207,0.5926302450759526,0.156468874521265
669210.9585712147,-1445184.6498878102,3.2594663479177344,3.0884083409267946
664202.6448699606,-1441924.6685124717,2.963151225379759,2.880240823162719
659692.925993296,-1442965.176806889,0.44447268380696414,0.9440107240102291
665523.3060098931,-1447777.9747186613,8.593138553601309,8.431914023468464
663820.3844759758,-1443254.56921629,4.741041960607616,4.749790317822605
664200.839221858,-1453324.4588006567,6.074460012028512,5.336740753912107
665280.4558475753,-1463264.555286013,0.14815756126898982,0.4187690085989946
662260.117236571,-1464804.0098273586,4.296569276800652,6.74670307274288
666427.3178270855,-1464120.6148988076,2.6668361028417866,2.2640853018559746
669099.2285381255,-1457486.4936659965,1.6297331739588703,1.659163765761373
669797.3719812231,-1450410.5664235195,2.666836102841783,2.243763297356168
661495.8565485517,-1453776.1457406308,0.44447268380696414,1.8445639495133292
670846.5684954107,-1449843.1891696993,3.8520965929936875,3.819969445274033
664586.0780663698,-1449086.6780728027,3.407623909186725,4.809315248922077
662298.8825049528,-1465685.5551154667,1.7778907352278601,4.463307860619624
661417.7311071197,-1465795.714275057,5.926302450759524,6.357280153202922
667089.7220501865,-1445533.2466094457,0.4444726838069666,0.4569890575985232
657906.0207157275,-1439176.7958995914,5.037357083145594,4.250123505657146
664856.0683299559,-1462068.4748202348,2.222363419034817,2.6605941174610948
664758.5498149047,-1449950.4461147327,8.000508308525356,7.525719639541018
662221.7131257099,-1452526.1142808706,1.1852604901519055,1.158120425894475
663422.5127666242,-1458302.2865901496,7.852350747256367,10.205661073284066
662860.2331790728,-1449472.3880610783,7.704193185987381,6.905701424012672
665759.047238196,-1437782.9775788067,0.7407878063449385,0.9632897984979212
666281.2637855234,-1447838.435658988,0.592630245075954,0.8150874644841153
670364.7091619615,-1452329.9665342118,2.5186785415727986,5.72944696211038
663638.1870665781,-1450161.655948915,2.814993664110773,2.151456734308262
670350.8072065224,-1463379.7006063529,4.0002541542626755,6.0539093174385545
657544.101823506,-1444404.7128330297,0.5926302450759486,0.5230661232128355
672275.2425909662,-1456816.2744706455,2.370520980303807,2.172547767310659
666584.806014379,-1460015.5508813015,1.4815756126898796,0.7595922635677965
665174.6576906228,-1457245.9820624366,13.630495636746899,11.777159442019538
667730.33629997,-1460585.4716486805,4.000254154262677,3.732467062966779
668140.2703343959,-1441180.2338896785,1.3334180514208955,1.128261613052491
665962.1138704948,-1456200.0381665565,7.8523507472563665,10.518026953852912
669051.9857271095,-1440114.8861516917,0.7407878063449389,1.2347870178626996
670007.2667533937,-1456441.2751034023,2.3705209803038088,2.7879109370743578
668254.8989368186,-1463666.4875560822,26.66836102841785,24.905315592593453
662909.144750898,-1462419.567442928,9.333926359946247,11.07988257700064
667498.8215060283,-1465064.8044532642,4.5928843993386295,4.947665986220445
660532.2170118432,-1453937.2991736801,5.92630245075952,6.870704134805825
662474.6148867551,-1449415.9809294823,29.927827376335586,30.197580225346236
671686.1810157725,-1459841.1683717654,10.815501972636127,8.833155310220782
667595.0670935533,-1454719.0331792573,5.33367220568357,3.899321297837586
672930.1327154369,-1455855.3984832522,0.888945367613929,0.7981031707167825
668232.3067929612,-1451438.9902577456,0.5926302450759486,1.0905197997927747
668805.098725985,-1443355.0967232548,1.7778907352278521,2.523751128588389
657694.6684213914,-1443136.340651805,8.148665869794344,8.072247316144725
658992.3005550241,-1453155.4022310863,4.7410419606076175,2.3001253622565976
659587.576441507,-1443104.7447900018,5.778144889490533,5.6710905687745505
661643.1932076693,-1444609.3019643403,0.14815756126898805,0.007345070979133617
665075.2330794164,-1439799.0047232262,8.29682343106333,6.5997808053829345
660598.7956515457,-1443716.0600240873,2.370520980303807,3.042924877273963
670940.1281467306,-1449073.2950162592,5.92630245075952,5.495493437671827
660963.6988322483,-1446814.987152991,2.370520980303811,1.429142166384346
669937.8676232636,-1444922.0956714405,2.370520980303811,2.0104261849331237
660475.9043249292,-1460715.9705053596,6.222617573297494,6.823852877493758
666289.1147949302,-1464011.0797595037,3.111308786648747,2.4044440694661855
663951.3910795307,-1457405.9250768882,2.0742058577658344,2.3186949977180404
663751.0497360697,-1444269.7230816232,0.14815756126898819,0.1415075354791313
672734.3460925289,-1453615.0024935436,1.3334180514208906,2.4552100239788954
667512.9164655679,-1443293.4603127583,1.6297331739588679,1.9220882407456663
663461.0951442965,-1453407.2819154132,8.296823431063332,7.406204405994669
668333.3553955518,-1441532.779934025,1.7763568394002505e-15,0.5838066063256147
665188.4653525313,-1441837.5417399271,0.2963151225379743,0.5100397904240013
665352.3660787356,-1440894.075128561,5.33367220568357,5.189338744746495
669332.8868871767,-1452109.8493859533,4.0002541542626755,3.519622374625315
666978.8863230086,-1451526.9208844309,4.148411715531667,3.4612476308060307
660754.1066065333,-1449726.571918008,1.0371029288829154,0.634905799831448
666220.0073889948,-1440755.8831505806,5.1855146444145825,4.383163711632601
664897.1771153908,-1450051.633361546,6.81524781837345,6.674240526755153
670198.8878032225,-1446922.1381391159,1.3334180514208898,2.1677096532467344
666411.7537418101,-1452829.134573354,2.9631512253797636,3.2486797001526373
659885.745353967,-1445811.1260908395,7.704193185987378,7.068004622370913
661927.9537309909,-1462574.2434654157,13.77865319801589,18.907102424470672
661624.7313974675,-1442479.4806139276,0.4444726838069659,0.15443948655004647
661389.8322752258,-1447643.219892502,1.333418051420892,2.242137181075172
669500.6223854355,-1448175.958074186,0.2963151225379761,1.1791354730336883
667517.3895304515,-1447615.9557030601,0.0,0.8971217696612523
670037.8320770722,-1440130.946995324,5.926302450759525,4.941133483211789
666765.8899934582,-1449786.4044065112,1.0371029288829172,1.068966822260999
667889.3984715124,-1449726.9261937975,0.8889453676139292,1.0975711988144985
661589.114053157,-1443610.6759497188,2.0742058577658318,2.3443254208095885
665127.1128092363,-1447098.4931630315,0.1481575612689882,0.23697250261021274
665931.3159626089,-1461164.1733582877,3.407623909186725,4.014691291530285
661770.7854924595,-1455529.9495743492,11.70444734025005,16.026184859548742
670360.2136432307,-1459278.3082578678,2.2223634190348207,2.4900640497732716
662403.6169977428,-1464902.9995576544,7.11156294091143,10.279952021016596
669514.1376568426,-1454123.7815446458,10.07471416629119,11.880553478247165
659750.1420125305,-1449765.0728681348,2.518678541572797,4.854995084336264
661232.8786227346,-1442430.2922316652,1.333418051420887,1.5443242611616572
667726.009893491,-1453682.7214243575,10.519186850098153,10.398322116165946
673660.8184175477,-1459769.057824694,8.296823431063329,9.744282016366663
662160.2528074285,-1441387.5006830757,1.3334180514208938,2.050168168543944
667917.7616080758,-1455791.6440586355,0.14815756126898827,0.1711540232563309
669335.4272741146,-1464565.9758408382,10.371029288829162,9.651734387804094
665819.7933462074,-1443719.6178394505,1.9260482964968464,2.6785230997963367
671910.3314426302,-1461067.4425552234,5.629987328221544,6.063581706689543
659098.7427858807,-1442041.8009503696,2.96315122537976,2.0636663514889753
668037.5898880904,-1440207.5053310157,1.9260482964968422,1.403890509603665
671891.7251375536,-1456778.8910555642,2.518678541572795,2.333837468351619
656969.4949195986,-1441323.6292006767,5.778144889490535,4.893922244561442
665903.4464345756,-1444849.702164574,0.4444726838069646,0.41197576951310966
667801.5836308794,-1439334.7468846529,16.59364686212666,16.08552823701036
664157.32062429,-1463248.329446041,8.000508308525355,5.95936894745692
663079.7475737429,-1464546.5658507936,14.51944100436083,19.16887127275071
666473.1895393752,-1465129.6153830392,3.407623909186725,3.0242095762356938
660450.0522795683,-1441841.5777332464,3.7039390317247043,4.6477954532016765
664328.3175234611,-1458490.2382427403,13.33418051420893,14.675850483835282
668877.8651986715,-1461713.4346826216,1.481575612689884,1.5064609590226743
662921.4458088398,-1438209.8760226942,2.8149936641107716,3.0485983678834923
665453.36725036,-1465014.7733950913,5.778144889490534,5.867328772366303
660926.80730475,-1462709.5991867073,6.81524781837345,6.544653032261456
667628.059003207,-1460730.6516082494,1.629733173958872,1.5517917665510312
661734.892070747,-1460643.9621415897,7.704193185987375,10.040982400799919
670970.0941949799,-1445780.7252264773,27.2609912734938,27.680583789614957
659314.7819305086,-1440839.29401273,0.7407878063449411,1.2330568106066222
661140.0759999645,-1456886.1139577064,1.1852604901519053,3.196939122653383
667334.6459031806,-1453635.9343106586,1.4815756126898798,1.5223161234754599
661938.3633862486,-1446465.7460477944,1.9260482964968466,1.988983846623772
664454.5464552987,-1464366.3896288432,4.296569276800655,7.2167029214830904
671050.1338392631,-1463001.239392723,8.444980992332317,10.45888177168226
669612.7060049784,-1442329.5137055651,18.07522247481654,20.907220213247626
664271.046561255,-1440122.7241338524,6.07446001202851,6.023307624086003
669396.9537969481,-1448319.7661007314,1.481575612689886,1.2135077185023244
662510.8469019597,-1447495.2538970902,1.1852604901519017,0.8952471884497606
659976.2402090309,-1446825.7319677994,2.6668361028417853,2.3582472599558244
663258.1040978138,-1441184.835891116,0.740787806344942,2.255827413087747
660332.3472104222,-1447903.9524809488,1.9260482964968455,3.4515429656233376
665653.4897914152,-1437930.849286369,2.0742058577658344,2.3506787330316756
661122.5390271907,-1445765.5560615938,27.112833712224813,25.732880442882358
663949.0059238288,-1456402.6695940807,17.038119545933625,16.398971188541168
658478.2301593535,-1448920.4349780139,1.9260482964968446,1.3053030508240475
657313.8187934067,-1441132.9330964144,0.14815756126898805,0.20737045558556488
665270.6419584499,-1447196.0852919794,5.926302450759521,6.674117778001021
664499.5940916215,-1454188.5177972647,0.5926302450759506,0.6585460296352934
670738.4212158866,-1448091.5817364363,1.0371029288829154,1.669505703242014
665858.9443641872,-1439921.7484442838,18.964167842430466,18.723150100550832
659939.2755980571,-1444802.2079198924,0.5926302450759527,0.5120187928030017
670548.2408753308,-1449015.347994171,6.815247818373448,6.241324495977874
661311.6550455911,-1446618.8295023742,0.7407878063449389,1.4559135242129677
672423.0147048191,-1453018.9780135308,1.9260482964968428,1.7777069276280777
664584.6519418771,-1448190.9850318208,4.000254154262679,4.812638811843705
673776.3835594293,-1461804.9318777209,0.44447268380696414,3.924413191480138
664248.9312519606,-1442170.3375124717,2.8149936641107756,2.7131168138048074
665570.1870098931,-1448023.5267186612,1.6297331739588703,1.2537457463039123
664145.6829738579,-1453080.6720506568,6.222617573297496,6.697114794127562
670212.8083964861,-1459173.0212582722,2.518678541572795,2.548882091576419
666691.5246948628,-1448786.2720938004,1.0371029288829163,2.79099570811894
666761.509257273,-1437709.789389355,7.407878063449402,7.326746100917187
659976.7259091532,-1456155.7864339026,0.8889453676139274,0.37950830102463584
666388.9105850855,-1463873.9701488076,5.185514644414582,4.382714927294357
669055.1949221254,-1457240.4086659965,8.148665869794344,7.616752522670649
662070.6860637742,-1450516.6012895505,1.1852604901519073,1.3681088663136014
670886.3187614107,-1450090.0011696992,2.3705209803038088,2.3062517858730835
664099.1231523106,-1445995.0975646465,3.7039390317246985,4.8894119873024176
670554.1450646205,-1454969.0613691022,8.296823431063329,9.983241680053684
665427.2531494538,-1448808.9780569717,3.4076239091867286,2.1212641696781525
664791.9111829046,-1450198.1968647325,4.889199521876606,4.8667612883102365
663467.2596326242,-1458548.2405901498,7.259720502180413,9.204275595988175
660898.3901235737,-1451602.427272022,0.0,0.131814296841275
671372.8208060182,-1448013.4938589716,1.629733173958868,1.1207565677470224
668620.8069456802,-1455550.1200294236,5.629987328221548,4.112759770249319
665722.207610196,-1437535.7710788068,3.5557814704557122,4.0688514699374725
666234.1920295234,-1447593.0554089881,5.037357083145593,4.045039061118618
671933.3233157152,-1454727.3574522003,0.5926302450759526,0.4184752733153445
664004.4060344337,-1451351.2672132344,1.3334180514208915,1.4002739092606444
665555.294658033,-1460082.0394315466,5.481829766952559,4.412339050305345
668790.3246599298,-1454378.7209565938,5.926302450759524,7.831834160867963
662530.6528177741,-1450390.1770395506,3.2594663479177357,3.1427056845579573
673467.6368196692,-1458928.5981294345,6.074460012028515,8.51444124389602
659510.18020251,-1454065.3898874149,2.370520980303807,3.1344271810830087
668244.2811464521,-1447485.7216066925,0.44447268380696414,1.190568471575876
659585.9802263286,-1456100.6138171954,0.4444726838069668,0.9426392789218285
662834.8593432594,-1461543.2019884456,0.44447268380696414,2.6570478297528073
668082.0680773517,-1446628.281713909,1.4815756126898787,0.9267594469531026
658954.7566705019,-1444964.220536812,0.888945367613929,1.469458785671147
664098.3091027555,-1457510.7066897708,3.407623909186725,3.721731441272752
665127.8305786229,-1457000.4330624365,11.852604901519042,10.39844863828899
667773.1394459701,-1460831.7743986803,6.66709025710446,6.609263294668245
668187.4010923959,-1441425.7461396786,4.148411715531665,4.746803083870798
663459.9071818843,-1460339.462054596,9.630241482484225,14.143490883274932
671189.7521058648,-1446895.7117117748,1.629733173958868,1.7226903772325453
669964.6267393937,-1456194.9406034024,1.6297331739588699,1.893089940316896
662948.273008898,-1462666.4814429278,5.92630245075952,7.4952893388010455
662848.2230643259,-1456501.9078491903,3.2594663479177406,6.498784139455198
666881.1082698107,-1451672.2892498872,4.000254154262679,3.4805774366304063
663450.8073764064,-1449286.7706087283,5.333672205683569,4.723942814310512
664381.7795720813,-1465380.500589136,1.3334180514208889,0.0006011803727190568
669523.353775786,-1441199.167283654,1.3334180514208955,1.0908695107294408
671714.6563997726,-1460089.4988717656,2.9631512253797574,0.5449464875559205
667560.1849775531,-1454471.4931792573,8.889453676139283,7.5240919199406955
668265.4341157926,-1445583.8352304394,1.9260482964968442,2.0000504217365416
672892.5999554368,-1455608.2562332521,1.1852604901519033,1.1040140199234245
666602.8921899709,-1443839.0014323462,0.4444726838069626,0.663884730175871
657358.4941053218,-1442273.976671813,3.8520965929936883,3.761295459595585
659446.7020424427,-1441868.920013491,1.037102928882915,0.7104363870533048
663620.6484839788,-1442139.788754405,3.407623909186726,3.605675559376728
673084.0630861277,-1463790.1403188878,10.815501972636126,17.660199898550935
662931.652709223,-1463569.6191090029,0.740787806344942,2.1785365435185646
667286.2629115091,-1452741.0811575623,5.037357083145592,4.422646059889995
668406.8434791467,-1452669.4542161687,3.11130878664875,3.3800688541040134
663537.658078301,-1443044.311064591,3.407623909186726,3.5757785309952013
668180.9117002699,-1440297.1648310907,1.3334180514208935,0.9109842947748625
661344.2611145049,-1448653.4102994471,2.518678541572795,0.8598383914153391
661608.4958356693,-1444361.72696434,0.7407878063449393,0.6372745145150986
667608.9658563712,-1442406.3305985387,1.7778907352278561,1.9443938272456973
660640.2982675458,-1443962.5735240872,4.592884399338628,5.999117317980394
669982.7143832636,-1445168.0344214402,2.963151225379762,2.6972648969313635
660460.2673417231,-1442997.3725476852,4.148411715531667,3.6276363491333545
663904.8110795307,-1457160.3135768883,8.741296114870293,8.691803057557115
670998.1052881454,-1463391.4521350758,2.0742058577658327,3.7485623171416798
670406.0476891333,-1445976.0402339208,26.964676150955825,25.54414893448637
669448.4897268907,-1460346.2780404272,0.7407878063449429,1.3840997782300226
664837.6387214904,-1443833.4506003521,3.5557814704557145,3.033942524964536
661826.649548681,-1461700.6082724156,7.259720502180416,12.966538132013941
658924.5889826614,-1440787.190923165,5.629987328221546,4.9180538325019265
665307.7755827354,-1440648.0891285609,2.3705209803038083,1.9505563494561153
662332.3884691214,-1446534.3396751473,1.3334180514208918,1.1354098189773272
660885.3433852508,-1457931.249192697,5.333672205683572,3.8872141457083402
661996.560297073,-1445685.9821814704,23.557052241769096,21.458033630905028
660801.0361105334,-1449972.112418008,4.741041960607616,4.574131179131485
666170.1638829948,-1440510.9084005808,5.333672205683571,4.55995684952649
670230.9070492226,-1447170.075139116,0.14815756126898805,0.8125773125636533
661985.1759749909,-1462817.5967154158,2.370520980303807,4.482263042578992
668847.5961965491,-1444220.8188363488,24.44599760938303,26.562988909687608
663273.4083223185,-1442323.4285010241,0.2963151225379743,0.1955558681155498
669539.3216334356,-1448422.9403241859,4.296569276800653,3.724189687661162
670055.2656273394,-1452131.0591137027,7.259720502180416,10.693712113208871
667477.5690304516,-1447369.1489530602,1.0371029288829163,1.6843242281235469
669991.8172010722,-1439885.220245324,5.778144889490537,4.7895897858612555
666727.3789894583,-1449539.3966565111,1.0371029288829172,1.0532775155103553
658436.231725026,-1441884.1601464043,1.9260482964968442,1.3467292184581994
661668.2343317096,-1454649.794239038,14.519441004360829,16.800391497743476
661549.0964311571,-1443363.9666997187,0.5926302450759504,0.7704379597745667
665182.5926341937,-1463406.3074996034,1.777890735227853,2.2359028128729506
662501.6243188443,-1454276.5605711592,16.445489300857673,16.272381611126207
659703.7693124001,-1455050.9608563334,8.593138553601309,9.595147261297026
665804.8685363738,-1445009.0711917775,0.5926302450759506,0.5963570856303475
664441.9210773986,-1448980.107844789,0.7407878063449402,2.2476256420901866
659908.2336720217,-1457185.6041162303,2.518678541572797,0.5475417399911162
663069.220006169,-1457352.374892309,5.926302450759522,4.353675176015053
665882.669962609,-1460918.958858288,3.7039390317246994,3.9287263176621554
661814.4031104596,-1455776.0958243492,11.556289778981064,15.077878379445938
661321.8652668989,-1465937.5175214568,4.148411715531667,4.666578721237542
666986.0161409318,-1445674.9884573442,0.4444726838069646,0.4559006194206005
662216.2912532529,-1453424.417930329,3.5557814704557145,3.248887250484695
670314.0838992307,-1459032.6070078677,1.1852604901519013,1.157570896389796
662656.6345491572,-1455404.656349937,1.7778907352278583,0.19940406021430945
661980.8382488682,-1456620.6918893852,0.5926302450759504,1.2917912119088903
665789.7711639246,-1456992.072105283,3.259466347917739,4.900417221741623
666762.437444425,-1456814.4063635683,2.2223634190348185,2.1662436533230234
657924.9166142187,-1440938.9229374896,7.111562940911428,5.262184760229058
659795.4231325304,-1450010.935618135,3.407623909186724,5.836962039301921
657882.9118055422,-1446244.160233934,0.2963151225379761,0.4681351045344897
666223.9590480827,-1457788.9110650248,1.7778907352278543,1.4223868270334963
662029.3665663777,-1451571.6538782432,2.0742058577658318,1.7797033662875767
669008.3822960337,-1462706.8591708895,1.1852604901519017,1.3926123830868478
673617.6100475477,-1459522.8403246938,6.370775134566486,5.002582018092522
662101.2056854285,-1441144.5916830758,25.631258099534932,26.837241458868906
658093.5184854495,-1442068.8022041284,1.6297331739588703,2.644371530232399
669283.8092741146,-1464321.3800908383,5.037357083145592,5.312330306529115
669850.091755825,-1462576.6289895056,2.8149936641107693,3.8534530087139576
668083.0438900904,-1440453.3378310157,1.9260482964968462,1.3744770920872182
671929.4007435536,-1457026.033555564,2.666836102841783,2.460863650121985
667322.5515374844,-1464077.7245069728,6.963405379642438,7.2163787932788015
660869.0471848611,-1440439.0223928168,6.222617573297498,5.491889582972988
659753.7994135611,-1448861.7152636298,9.333926359946245,8.108891487212345
665866.1914325757,-1444602.5099145742,4.218847493575595e-15,0.05977607615985803
664779.5225936716,-1457182.2275092066,7.7041931859873785,6.285440483691698
672541.8385954138,-1454778.2785614135,25.92757322207291,25.49681419720906
664202.43137029,-1463494.206696041,3.852096592993693,1.2215064921193761
668534.8767213603,-1441252.0506432867,4.000254154262679,3.421247328204354
666429.2261713753,-1464883.6531330394,5.926302450759522,4.71996528562535
664280.2908914611,-1458245.0209927405,7.407878063449404,8.069475744277073
668828.7870786714,-1461468.3109326218,1.1852604901519013,1.3552756116176394
667274.6523426101,-1451731.150803309,0.14815756126898982,0.6728409497700092
658768.1777710144,-1439173.4704186043,0.1481575612689845,2.0993153914419924
658672.6490438965,-1450167.921846272,2.074205857765829,3.0363022659015133
662436.276712898,-1443379.672142813,4.296569276800655,4.658246573162719
671951.2646092791,-1450961.1149823377,10.074714166291187,9.87937553993234
673756.7157198372,-1460779.8188292906,2.222363419034819,2.4360161700914773
660698.459498892,-1443569.486339685,1.7778907352278583,2.526252777211517
665223.8541110522,-1439903.5886886897,8.148665869794346,7.8168273645989395
664634.3382852073,-1455433.7215723193,5.037357083145594,5.712220212074172
664099.7158171838,-1440912.339572248,4.296569276800657,3.782724381570535
663906.5180478288,-1456156.3120940805,12.29707758532601,11.96394409593152
672634.4283158928,-1453761.4926502593,6.6670902571044595,7.1212152508747275
665811.7376161872,-1439676.2504442842,11.704447340250058,11.246355577857996
660150.3297145402,-1458142.978547627,4.000254154262676,6.216327215899533
659987.423092057,-1445047.4531698923,0.4444726838069666,0.33850929101540234
670592.1937433308,-1449261.4482441712,2.8149936641107733,2.4343973781870902
673729.3261754293,-1461559.411377721,0.740787806344942,2.2264795895837963
666642.4466928628,-1448541.1408438005,1.037102928882918,3.0992399299985998
666722.8043972731,-1437462.842889355,5.185514644414585,5.247234629797759
661198.6462901803,-1452543.72630732,1.3334180514208893,1.6998011848637173
659932.5252811532,-1455909.7261839025,0.7407878063449385,2.1568506633019
665672.8224714096,-1448762.5242525865,2.666836102841783,3.471829783936891
666257.5112178782,-1451716.3586793286,0.7407878063449411,0.8232064644167303
662705.4358606514,-1456399.0710295108,6.074460012028513,8.893472769426868
664143.6255183107,-1446241.0330646464,2.963151225379759,4.040194899328125
670607.3563166205,-1455213.3278691024,14.223125881822853,17.091233082880333
658252.4036827532,-1447341.2742851824,0.7407878063449385,0.21819319662446368
660943.0811335738,-1451848.301272022,1.1852604901519055,1.5091300972511636
671327.1000620181,-1447767.7196089716,1.185260490151903,1.6093949674613874
667454.7544102289,-1454614.9145420708,6.667090257104462,5.111465251380915
664041.1949704322,-1452227.6263727304,2.222363419034819,2.0506303389197793
659006.2398718206,-1447113.3364713336,7.556035624718389,7.0761263591942445
662914.1907383212,-1451628.5232352274,11.556289778981066,12.322488543378208
663966.1545344339,-1451104.2224632343,5.778144889490535,5.665600580270318
665506.965778033,-1459836.7586815464,4.296569276800651,3.18260742706752
673442.2351856693,-1458679.9028794346,1.0371029288829163,3.3765292912390414
659462.1861985098,-1453820.0488874149,3.4076239091867233,4.206946314022458
668207.4981544521,-1447238.4566066926,1.4815756126898822,2.3075348209176614
662878.5201012593,-1461789.3544884454,6.815247818373448,9.409690419490747
666241.4307443989,-1445679.3990113302,0.4444726838069646,0.4661783185473327
665162.1054003884,-1458264.8444091666,11.111817095174105,9.54631712565276
667667.2104463988,-1459721.992125106,14.815756126898808,12.392845434306928
659000.9349185019,-1445209.9190368121,0.0,0.35199127662860663
662967.6757214497,-1457498.4452033646,1.6297331739588676,0.006796530815744717
664051.0249747555,-1457265.2259397707,7.1115629409114245,6.958439167514012
663500.0218118844,-1460586.221054596,14.223125881822858,20.301705634182976
671345.3886471228,-1463194.541004267,5.33367220568357,6.488503428801939
660147.1058791804,-1450982.787223435,0.5926302450759529,0.7744676146046465
667343.507234183,-1457603.4004525095,31.705718111563442,33.856209541622064
663364.668128208,-1447262.5998895233,4.5928843993386295,4.404878179114988
670937.5750487454,-1444902.5421179524,21.482846384003267,22.622936402070682
664419.9610880812,-1465627.5608391361,2.814993664110769,1.6135432642774603
668700.6581014281,-1444118.4053484886,1.9260482964968442,2.1713886267079925
672923.8766771936,-1456862.6182756186,9.333926359946245,9.768384527367093
668216.8451157927,-1445338.6269804395,1.037102928882915,1.2866010043092493
662693.3532512222,-1448367.2764745606,3.259466347917738,3.095589905361212
657307.4304753218,-1442029.247671813,1.9260482964968446,1.7974766419418664
663998.134659019,-1441063.3576667204,4.44472683806964,4.009287945997109
659492.7381724427,-1442114.6372634913,2.3705209803038088,3.005716490811255
665759.1748066149,-1442740.407512068,5.926302450759523,6.594470120882784
667244.8026695091,-1452494.5461575622,3.259466347917736,2.466176713263569
664450.3598193091,-1441890.964145462,1.62973317395887,1.6205908143734045
663573.1727123009,-1443291.770314591,3.703939031724701,3.6191832593072712
672932.7401469075,-1454834.4968718807,5.037357083145595,4.322295533342236
668225.3264422698,-1440543.1860810907,1.6297331739588699,1.2172831578452412
670953.5246561455,-1463145.5163850756,5.926302450759522,8.643909259294304
663515.1198921102,-1465494.206844362,13.630495636746902,15.942059830086055
664878.4824714904,-1444080.0898503521,19.55679808750642,19.90099112217577
664831.004664002,-1449037.4079281483,4.5928843993386295,5.726519334322814
661887.037254681,-1461943.1782724154,3.259466347917737,8.239987429563431
658966.0862426613,-1441033.698423165,4.741041960607615,4.049865187831077
670827.6820814655,-1460219.0480414722,4.44472683806964,5.01678242600838
661939.141429073,-1445442.6841814704,24.00152492557606,21.943007157867942
669813.3447647679,-1451169.0841223025,1.7778907352278583,3.0582723801836007
663116.3521957814,-1441079.7712073284,5.037357083145594,3.4800661854152164
662130.9990121147,-1451430.6639400865,4.592884399338632,5.310803283940963
664880.0377747111,-1445866.1354736714,1.3334180514208915,1.4617911784618667
664366.9744757984,-1447228.4138649083,2.2223634190348207,2.651025929876169
668898.9125765491,-1444465.4788363487,22.96442199669315,24.866661487172458
673761.8397203349,-1459628.4107879512,6.370775134566484,4.320945853113798
667341.8187485884,-1441668.9819106776,1.6297331739588676,1.5782713197147915
662010.0771405508,-1441296.113783963,20.890216138927318,18.978593565545776
662503.7628356193,-1444379.63699008,0.7407878063449409,0.781947694316171
671184.1261862176,-1450933.4491734453,4.444726838069641,3.5301314699610327
671184.8185757756,-1451804.6832717531,4.444726838069641,2.577839096561304
664681.0356083182,-1448042.2205343999,3.555781470455714,4.5979515670045075
664844.9896868438,-1451056.1304651573,6.518932695835474,6.709142144725014
658486.6575970261,-1442128.9708964042,0.2963151225379743,1.3922038358843838
661710.8740857095,-1454896.123489038,12.297077585326006,14.784015779901965
667199.0025873544,-1440583.9206956713,4.8891995218766064,3.9921932273658194
665136.1923861938,-1463160.7264996034,0.14815756126898805,0.36242947625345856
672032.1872144707,-1456874.547510754,2.074205857765832,2.3650236316653372
662547.8159368443,-1454522.2533211592,16.149174178319697,15.930485983568122
669985.7992188982,-1450006.4046170642,1.1852604901519053,1.4643316254532146
670989.5272060013,-1449943.1347824193,1.926048296496841,2.152482459731228
659657.2099304001,-1454805.3421063332,11.111817095174107,12.309719853439201
665766.0889143739,-1444762.1494417775,0.8889453676139312,1.043612373331642
664483.9125813987,-1449226.5493447892,4.296569276800653,5.097667645195813
663112.104376169,-1457598.667642309,2.074205857765831,0.316645599685641
666950.3520149319,-1445427.6034573442,0.0,0.002269107362555922
662257.846375253,-1453670.935930329,3.1113087866487517,2.773352462481148
662523.4209043377,-1465507.3967854395,2.96315122537976,4.676596538196996
664425.0879859875,-1458350.7676094763,12.88970783040196,13.837969272015835
671552.2320486102,-1458855.0360488798,1.629733173958868,1.3279172140095357
662701.1935471571,-1455650.579599937,0.2963151225379752,2.8181825143079866
662026.2541328683,-1456866.519639385,2.5186785415727977,0.6987975738341179
671621.7462698955,-1453779.332805798,8.29682343106333,9.84237753186323
670951.2973531946,-1455029.9128890974,13.778653198015887,16.945321452121775
665345.4562966533,-1453887.0545577798,0.2963151225379721,0.1379831854014033
657970.9987402188,-1441184.6156874895,7.259720502180416,5.456236618595792
670032.3889248753,-1439098.7467697305,2.2223634190348185,2.3405734340855386
667573.4997685369,-1437221.651516277,6.3707751345664825,7.0416954959044915
667840.7589354732,-1454672.9821757097,4.000254154262677,1.5106777217077383
657854.3004275421,-1445995.819483934,0.592630245075954,0.737433157254257
659354.659021206,-1446914.44722524,6.667090257104461,6.27452145397485
663591.1679786963,-1448388.2146601817,1.3334180514208933,1.3603906551832787
668976.9411740337,-1462458.9244208895,0.7407878063449407,0.45713228098205505
668969.0600616371,-1455366.314673517,1.3334180514208915,1.4893330505719513
671978.8643620654,-1456132.3994676587,1.1852604901519033,1.451771526370869
657639.1164660087,-1444253.9382813754,1.481575612689882,1.4591147784973932
668389.7915665739,-1447588.3629497916,3.5557814704557167,3.9628600653178685
669807.0368818251,-1462330.3829895058,7.852350747256363,8.806020577579943
659238.8751301368,-1453114.4480692232,2.0742058577658327,0.1478127009379655
669438.3931124116,-1437059.3378684227,6.667090257104464,7.037761806412229
662499.9212747442,-1460573.6462224515,6.370775134566486,9.122756396879055
672530.6273629729,-1453904.0684821259,20.890216138927315,16.465872906957905
671340.058395134,-1446999.0326095,1.9260482964968464,1.6035387149669607
669555.3589064402,-1453350.4584293137,9.77839904375321,10.6427250503485
663052.6575792367,-1462522.9502291624,6.222617573297498,7.65172293053155
670910.8334461048,-1462108.4964806745,12.88970783040196,13.322810669942754
671151.5435948769,-1464229.0645506498,8.000508308525356,8.959897859558357
668000.9414705103,-1461812.408063,5.037357083145594,5.093937010250156
667225.46859661,-1451486.0420533088,1.3334180514208938,0.9432670297741206
672912.771844611,-1462787.1485699057,4.592884399338628,5.884880361375497
668334.2796132013,-1453701.3234677324,9.333926359946247,9.592877099330138
672142.3801123535,-1464085.0714345654,7.852350747256359,11.04882639613366
660133.3370046802,-1445776.5607047607,4.889199521876604,4.4164579188798525
663995.5976066838,-1446138.298660507,2.6668361028417857,3.9440977012586504
663879.6099634338,-1440070.7133170473,1.9260482964968446,2.4967510443782786
662349.7989941884,-1448551.921749283,0.4444726838069646,0.4324321831021649
661143.4735291228,-1447684.9693787233,1.6297331739588694,0.5577255760571269
659126.3984634213,-1450971.6992338262,6.667090257104462,6.515908711560589
669748.4512277597,-1448143.1595641498,2.3705209803038088,3.248653288064287
658629.0337858964,-1449921.7668462717,0.2963151225379761,1.0359468654388007
667643.7308739424,-1449773.1161143142,2.6668361028417853,2.8641127494791574
658225.1952028549,-1448342.8531584148,0.296315122537977,0.5789718877819583
659281.3016399336,-1442761.3335247128,7.852350747256368,8.380565674563512
668999.2026264656,-1445484.2528519991,1.7778907352278603,1.4576610336739895
661444.88015392,-1448510.0329322559,1.6297331739588659,0.5452199165095157
659724.8464404318,-1443829.846783087,25.334942976996956,25.015020702133974
671914.5382272791,-1450713.8487323378,16.445489300857673,15.312618455373528
660743.3886268919,-1443815.4103396852,6.370775134566485,7.927095771663922
664589.8612812073,-1455187.9138223194,1.7763568394002505e-15,1.2058760754400488
665078.3500171984,-1464334.4010250373,3.703939031724701,2.7080102717225802
674039.8987919514,-1462747.3256430852,1.3334180514208889,0.7609732042692023
660107.2843285401,-1457896.7175476272,1.6297331739588676,3.702352790837624
673330.692365092,-1458824.144458872,0.44447268380696414,2.2886593138988562
668930.2999543245,-1450408.1557137952,3.555781470455714,2.953126803734376
670053.4105914026,-1446166.5515121142,2.074205857765832,1.7526584752668368
667194.9522974308,-1439546.128484064,30.372300060142553,30.317837020596958
670606.7834801357,-1459237.096803532,2.0742058577658304,2.4844720496894386
669320.9595436447,-1447060.967388062,0.14815756126898805,0.8219048111891207
661235.1369121803,-1452791.04455732,1.0371029288829172,1.348512402613016
670164.7526930706,-1450983.7949520862,2.222363419034818,1.6097044177168538
670338.2116270724,-1447022.8440803818,0.2963151225379743,0.402952507507095
665712.1324714096,-1449009.4130025867,4.5928843993386295,5.302261498399026
671870.5046090798,-1449802.4837497524,0.8889453676139292,1.4706627839977733
670138.6229734201,-1438960.3300808866,1.0371029288829192,1.051048379657089
664795.6004788998,-1438091.5547530046,1.9260482964968464,2.025666925015427
662745.1583866514,-1456645.893029511,5.629987328221547,8.222600085518835
658564.8314765751,-1448149.345610951,1.0371029288829172,1.0879499271985553
662406.5965343025,-1441345.9182152061,10.667344411367138,9.084596733344245
658195.9154327532,-1447097.7492851822,3.4076239091867238,3.044492921882356
668520.6537427786,-1448452.9612707328,0.7407878063449402,0.9148319386940278
658475.45188714,-1443273.988058689,3.407623909186724,2.6770629612552233
662865.0464863211,-1451383.4264852274,12.593392707863982,13.53822086093094
661668.5076667655,-1455675.8927336852,10.667344411367143,14.79515727021574
667871.7836358426,-1456576.7265466915,0.5926302450759549,0.031249293445799076
668994.8221714792,-1456499.3551429396,2.222363419034818,2.3318265090063566
671768.2310089318,-1461863.3553265159,11.852604901519042,13.622981902759449
662319.92224115,-1453281.26905089,3.11130878664875,2.7674500943541513
658738.7569835149,-1443974.9260906205,30.52045762141154,31.15306255776927
663327.5735887515,-1464513.6951537468,16.00101661705071,20.87279197374545
661209.6672750148,-1462908.2403713465,3.259466347917736,2.542833444901401
665893.7670493469,-1456840.9609079952,7.8523507472563665,9.587258904350389
665120.6018963883,-1458018.3449091665,12.297077585326011,10.455130973849371
666885.2938462286,-1455665.883473467,12.593392707863986,11.593838424736896
659649.7659895059,-1449912.6643861001,0.44447268380696503,2.9183516215370187
663371.6397361051,-1465385.8842943923,7.556035624718386,9.19872011518561
659069.5417606047,-1440887.7711406257,3.7039390317246976,3.0352390866723624
672531.9203297382,-1459817.0801923166,2.666836102841785,1.9929872757055227
670848.2111361821,-1444024.1773401357,17.778907352278566,19.019998931047795
659563.2224632247,-1447886.5217478028,6.370775134566485,5.521685085338854
663317.1075082079,-1447017.4891395234,6.370775134566486,6.160958606232918
668473.6939021655,-1437331.663360172,1.0371029288829199,2.448663612020834
666641.8705189114,-1442711.7571244081,1.037102928882917,1.1428528676573622
668748.791109428,-1444363.7240984887,0.14815756126898816,0.12814959081379695
672870.9366711936,-1456618.2952756186,0.2963151225379743,0.3399245844824037
660838.6889161024,-1438680.7007017494,1.3334180514208978,1.8783604951111088
670193.4740204955,-1462372.8036916861,4.0002541542626755,5.228316785895524
664744.3444891438,-1454137.5997365257,2.96315122537976,3.300951760188784
667098.620120991,-1440725.00340907,22.223634190348207,18.118516406038232
664057.606023994,-1463391.6393480967,6.222617573297496,4.151652223483408
664925.4280425468,-1456263.5769794928,6.667090257104464,8.222886410868163
659694.2290027793,-1444851.7021013817,0.7407878063449389,0.6307576094607964
660677.5162309029,-1455698.0872848667,1.1852604901519062,3.18262424820296
666324.6888731036,-1465027.5690859957,3.555781470455716,2.9798403899602324
664496.646201309,-1442136.633145462,1.7778907352278541,1.7877148237313158
672893.7762769077,-1454587.6301218807,19.408640526237434,19.370930884556344
674266.3429088831,-1463871.273636708,14.37128344309184,16.25256484494489
660471.330381064,-1458978.1792024896,7.704193185987377,8.253994053786815
663557.0424021103,-1465740.661344362,4.5928843993386295,5.435520943412447
670642.1253418552,-1450143.42493848,2.3705209803038105,2.256580655887104
662940.8953112136,-1445300.2213014448,21.334688822734282,19.875463382849457
664653.9265582364,-1437987.422530612,16.59364686212666,17.589333132284715
668557.9110016555,-1443392.4315764427,3.2594663479177335,3.8636057958706767
670800.7761786367,-1454928.1944725974,7.259720502180414,8.999909181107274
663152.4123137814,-1441327.1532073284,1.1852604901519044,0.5201239135171551
662175.3476401147,-1451676.6951900865,3.259466347917738,3.9508323654665123
664918.695772711,-1446113.1134736715,2.0742058577658344,2.148623095627764
671078.9572626669,-1456026.9872292816,0.7407878063449388,0.4793833068875213
665442.5060657294,-1446776.5753869559,22.371791751617195,25.118665086092918
667285.0177485885,-1441425.5526606776,2.222363419034818,2.1593219318324404
669691.1382461393,-1449157.9681662475,1.0371029288829128,1.1770406004585245
670637.4705574492,-1448237.9907616894,1.0371029288829128,0.39769548311328595
671240.5964522177,-1451176.9294234454,1.7778907352278583,1.2015023265661569
665959.4420209215,-1439780.7269396416,0.8889453676139292,0.952450300676875
671227.5650677755,-1452050.9972717531,4.148411715531665,2.371853336969762
667153.8209593545,-1440338.0431956714,2.5186785415727972,1.7111391346264302
663215.6026875966,-1453454.5029532404,16.889961984664637,15.230227034904498
658890.802826518,-1444078.4367786827,25.927573222072912,26.14181668185511
668254.4804514584,-1457636.6925741653,8.148665869794344,7.4944673542876314
659831.8191456893,-1456055.2434386858,1.4815756126898796,2.738046907461114
672071.9979644708,-1457121.345260754,0.7407878063449409,0.9080201387113378
670025.558344898,-1450253.2226170641,0.5926302450759526,0.29304822947707665
671512.064696304,-1452897.4044676397,4.296569276800652,4.3887521910586065
658707.6243818034,-1445001.7296013283,1.6297331739588699,2.141020233801343
665180.6770709832,-1453016.592969671,7.85235074725637,7.835280239862858
663706.3114468737,-1460297.3674103678,5.778144889490532,10.90489995586279
662563.6505283376,-1465754.1290354393,0.8889453676139256,2.3459162010456147
669784.764870056,-1439132.942424748,23.705209803038095,23.673816220536104
667631.2095619072,-1455593.1806317673,0.5926302450759486,0.3237271913743589
659844.4246540077,-1450775.6990427584,0.14815756126898827,0.2966231083114894
666013.0801617393,-1458076.9345377383,1.9260482964968446,1.1975755717594492
671669.6272658954,-1454024.693805798,0.888945367613927,0.6639228925349068
663697.1542629205,-1449244.2151278157,3.2594663479177344,2.6605026875207907
665385.4955446532,-1454133.8043077798,3.2594663479177353,3.317671748955021
671468.7154029929,-1460134.2290445035,1.037102928882918,2.645784580240619
667614.7018845369,-1437468.186516277,4.889199521876606,5.284441244387461
669272.3650361043,-1463678.4974343837,5.037357083145595,5.033287342461767
657824.8781990707,-1445109.2324722104,0.44447268380696253,0.39618450380362474
662496.2427611619,-1448649.1056073117,1.1852604901519035,1.1907136289358846
663554.4425986962,-1448140.9786601816,1.6297331739588719,1.6227937294245711
660178.5657051245,-1451841.405845421,1.777890735227858,1.2614150147521404
662636.8165682144,-1450254.5030392061,0.2963151225379739,0.016623249422953457
670122.9338491545,-1463523.2877804614,0.14815756126898627,1.2235325366134493
661438.418840562,-1438495.826997979,1.3334180514208915,1.294604027312357
673329.2053186262,-1463741.401230854,12.593392707863984,18.943958111548557
657588.0574600088,-1444009.2450313754,0.5926302450759549,0.63396060978934
669138.7259426925,-1438958.114475655,0.8889453676139292,0.5971268740510709
663175.7636975289,-1463515.87914551,4.444726838069643,1.349219871229991
668348.292444574,-1447341.8581997915,0.4444726838069668,1.3050848200998955
659201.9681381369,-1452867.2528192233,0.14815756126898805,2.435554696261425
668160.5555773336,-1452712.3514820426,4.296569276800653,4.5132308757290485
664484.9001826085,-1455332.300786242,0.29631512253797787,0.21340592838074457
660899.850132506,-1462080.6760906472,5.185514644414582,6.019252361123256
672488.105248973,-1453657.746482126,17.778907352278566,13.297587671193064
663567.3496697246,-1461443.2711255704,0.8889453676139318,2.610695658173185
663595.0152377714,-1444044.0632995777,1.777890735227856,1.7913132089130075
663356.9002281276,-1460483.1417363852,9.333926359946243,13.885357229981263
671287.145893134,-1446754.7016095,3.2594663479177397,2.85367915800782
671243.4777801292,-1463343.9532935673,5.333672205683568,5.850717629159563
664591.8740798582,-1443879.245487235,0.5926302450759571,0.3505041494659946
669510.1342764403,-1453104.5971793137,10.51918685009815,12.160679429849385
668716.5498994258,-1442241.75087659,1.4815756126898798,1.6939555698107454
663313.785505444,-1446398.0391735402,1.3334180514208915,1.3767130137341193
669745.8243550772,-1442936.5177736084,0.5926302450759507,0.9372518595474555
668291.7382372014,-1453455.0209677326,2.518678541572795,2.4564298374511107
664682.025699705,-1445038.4105793885,4.889199521876604,3.7330477281216834
664046.0996006839,-1446383.123410507,1.6297331739588654,0.9254914863179344
667013.9395880899,-1449755.4380375375,3.25946634791774,3.2758474034916163
662295.1553701884,-1448307.989999283,0.7407878063449411,0.6377297967401598
667388.6629428867,-1452594.620274134,6.222617573297496,5.441218232031327
658169.207578855,-1448099.208658415,4.2965692768006525,3.1032080071637296
663897.5308783208,-1452122.9888360724,0.14815756126898805,0.4959436252738798
659320.4691379336,-1443008.2435247125,5.481829766952556,5.885431186814619
660501.178976797,-1448758.251561204,2.814993664110774,0.9495132862767033
667593.4920079424,-1449528.228614314,0.8889453676139292,1.0607501243909678
668416.0078521213,-1448600.212361981,2.074205857765828,2.155402067833214
661489.6378939201,-1448755.991932256,1.4815756126898822,0.6743899465246876
659775.6614424319,-1444074.618283087,26.964676150955825,26.829530944237323
669121.8925491722,-1451385.2555611397,5.926302450759521,5.279086768606606
668652.6342845089,-1460738.2078558402,0.0,0.09112725481421524
656816.7577824555,-1439463.4106833166,22.66810687415517,23.779362536397862
669139.3692006569,-1456603.8338179141,6.815247818373453,6.690901305133028
670653.694369971,-1453055.951380542,1.4815756126898787,2.7912114112873017
674000.5686659513,-1462500.4521430852,3.5557814704557096,3.558471819521266
664688.9499256078,-1448942.2255629748,1.6297331739588685,2.924317371413496
660153.5582976622,-1457137.609117406,1.1852604901519026,0.5310807105347468
665285.708830602,-1451875.382441386,6.370775134566487,6.4666920568953605
674125.129896043,-1461630.8107428718,0.4444726838069677,2.5183408523775963
668873.9313303246,-1450164.6012137951,2.814993664110774,2.457861300861854
663766.8191890706,-1445031.2319078634,4.592884399338632,3.7935457665223336
670560.6537361357,-1458991.395553532,1.3334180514208915,1.163162896473629
660487.9625408305,-1449647.209101717,4.000254154262676,5.164071926572101
670438.375263259,-1460164.8967048004,2.2223634190348234,2.695765051309004
669375.6835576447,-1447304.837888062,1.9260482964968422,1.3634403804835231
662902.6877641188,-1455360.620342854,4.000254154262676,2.1115018270700627
670321.7334714893,-1441985.0185787247,0.5926302450759484,0.6057106245558368
672319.2134933935,-1451888.717238108,5.629987328221549,7.571828512827697
670200.7202010707,-1451231.1902020862,7.8523507472563665,10.2849209159477
670370.3510030723,-1447270.7625803817,1.0371029288829172,0.41567524189302585
661405.2925765631,-1442647.8718530224,1.037102928882918,1.6148210603689872
671824.0779710799,-1449556.8639997523,0.29631512253797876,0.036961973216730115
666649.8958094639,-1447769.8772564474,0.14815756126898805,1.6730389824434937
658129.6529209435,-1446203.9949686052,4.000254154262677,3.735521422515367
673372.4887982109,-1459571.729012257,6.07446001202851,5.272443709552702
658339.8385502531,-1442026.1388441245,1.9260482964968446,3.0013901535960117
661566.771333216,-1454791.8712031804,0.1481575612689845,1.6044522491942779
668293.0754374261,-1446335.000016109,1.7763568394002505e-15,0.17172163913251381
672754.9199031943,-1460802.5230498523,0.5926302450759504,1.7324569794793998
665664.9396237575,-1444924.5567988534,3.7039390317247043,3.6927234379589673
659508.2517183716,-1448908.5289614801,5.037357083145594,4.465866280841611
661716.6463007655,-1455921.195233685,8.296823431063334,11.372873593142469
661325.3352145725,-1453558.3902962585,5.18551464441458,3.5021903185272123
668951.3471574793,-1456253.1723929397,1.1852604901519053,1.073670619814628
671820.2081309317,-1462107.8870765157,12.297077585326006,14.401169165007609
658793.7827315149,-1444218.7820906206,29.631512253797613,30.031570584661154
662360.09286715,-1453528.01905089,4.000254154262676,3.7228978214330577
666886.3775240765,-1460845.0489909342,1.6297331739588685,2.425499548852189
663373.6057187514,-1464759.4139037468,4.444726838069643,7.032730090918796
665929.716297347,-1457088.3621579953,8.741296114870297,10.3302679328512
664032.560339598,-1458278.5377961323,10.66734441136714,11.277014711871296
669705.5492926922,-1461457.2311985036,5.778144889490536,5.541737525122544
669120.3101413002,-1441023.7253408416,2.07420585776583,1.001145962421857
664207.6826000309,-1464405.5652945212,10.074714166291185,12.858261679677812
666927.1885902287,-1455912.330973467,10.074714166291189,9.182902145403926
659697.5386155059,-1450158.0463861,6.37077513456649,5.249493647453619
663411.668104105,-1465632.6507943922,6.9634053796424356,7.936648588990327
672348.1510269102,-1463795.4228895858,6.074460012028512,9.343669758159502
667502.2827550953,-1453858.2898439376,6.81524781837345,6.7317398649450695
659108.7986266047,-1441134.6671406259,1.1852604901519026,0.18913594226203045
663545.2990288778,-1438101.6495449557,1.3334180514208913,1.391701409569187
668871.6388206161,-1462602.4421806934,2.6668361028417853,2.315725831081053
668659.3659145919,-1443250.1417144057,0.2963151225379743,0.031945481641326934
672572.6787197381,-1460063.7036923165,5.481829766952556,6.603117606912722
663011.1164879217,-1441223.4818487288,2.2223634190348207,3.9111294762271527
670790.111388182,-1443781.0245901356,3.852096592993686,3.664708232606176
662233.0080330134,-1447302.9717849828,0.8889453676139292,1.2395353837794625
660574.2230766028,-1454818.9020368182,5.185514644414582,6.202914041210971
661834.2471656876,-1438552.4303522017,1.0371029288829154,1.0651963881069797
666597.5616329114,-1442465.7236244082,2.518678541572797,2.6666633202656373
667192.1456156055,-1441572.971903946,22.964421996693144,23.09825543673387
667006.4249411928,-1463753.7571325656,0.5926302450759522,0.7477832879388977
658959.1107040406,-1452267.4545484828,0.29631512253797787,3.8832423717550686
664344.9406717564,-1440864.1769204559,4.148411715531669,4.3402291715247046
656671.7220523217,-1439355.1706207134,6.074460012028512,5.236143409242835
672621.7558907896,-1452740.3074322185,2.666836102841783,2.778909593580913
660767.8492335908,-1444556.5516751166,0.8889453676139272,1.403431398858655
660714.6368569029,-1455945.3107848666,0.2963151225379761,1.5419887774351837
661213.8384918041,-1457621.765246478,1.4815756126898796,3.6944730170074127
667585.7315382455,-1464797.1758720481,0.5926302450759509,0.32631340663558794
674210.9471568831,-1463627.5516367082,10.222871727560179,10.91764751784024
663661.810201605,-1445166.6656159307,1.6297331739588699,0.5886797899286926
660873.4362714281,-1456811.9309384488,1.7778907352278566,0.30073353081858567
668330.8245376037,-1442182.98596658,4.889199521876604,5.6105850026579
663852.1540750868,-1446033.8637264157,2.222363419034819,3.4621061304101737
670926.2916350072,-1461219.316032581,6.518932695835476,6.277358098894364
668557.0929264894,-1459734.9707249533,1.9260482964968402,2.4859861589341756
662888.2754432136,-1445055.8748014448,19.556798087506422,18.091799517164244
661222.1250441421,-1458772.1884150095,1.926048296496846,1.6650838424355463
665030.1052563502,-1444853.4564947027,0.7407878063449409,0.7524051639306754
664615.8993022363,-1437740.357030612,24.149682486845048,25.558858389409348
671521.6292165208,-1453923.7867740071,1.1852604901519013,0.9617127204645246
670853.9874306367,-1455172.4609725976,13.186022952939938,16.107900583933926
663528.6460687618,-1454444.928481976,1.1852604901519053,0.7907134791109183
673856.1982435354,-1460635.9209547741,5.481829766952558,5.842179625912626
664288.3675665121,-1452190.1491800477,4.741041960607616,4.3097689532864125
671114.1343846668,-1456274.4992292817,0.14815756126898827,0.5801289460840977
665494.0453197295,-1447021.179136956,23.705209803038088,26.447056783908216
664999.6607976026,-1440063.6090308446,3.85209659299369,3.365290480842846
669730.0377501394,-1449404.9231662476,1.7778907352278575,1.8773226671750018
670771.8557350815,-1448850.6712376059,4.000254154262676,3.706498615507808
665909.7123929216,-1439535.7331896415,6.667090257104464,7.184565390555929
668490.327480284,-1447441.6486859592,3.407623909186726,4.011169704640379
665420.6250278908,-1464124.5352708246,5.481829766952556,5.848445799032492
663169.4024295965,-1453208.8192032403,10.963659533905115,9.390759696491983
668197.0589514584,-1457393.3848241651,3.407623909186726,3.475406151782097
659787.1875156892,-1455809.2604386858,2.0742058577658344,3.3885412343887564
661264.6362288285,-1465048.6895244517,5.778144889490532,5.266591229460694
671557.9909563039,-1453143.1472176397,4.741041960607618,4.354125173471151
658753.8026298035,-1445247.4281013282,0.7407878063449409,1.0235527247588023
666153.2627718833,-1451864.8615780948,1.1852604901519053,1.4115285297781157
671813.9074681106,-1448947.4977437467,4.296569276800653,4.441693160858833
663746.4260768738,-1460544.126410368,10.371029288829165,17.063114706770833
669749.2037400559,-1438885.486174748,24.149682486845055,24.17002578089509
658101.4463295526,-1447243.4632532229,1.6297331739588699,1.3111045511534138
659899.8093080077,-1451019.3462927584,0.7407878063449391,0.9229756502451705
667097.2463799004,-1457646.4183066483,1.0371029288829172,1.0994281515383535
668188.3854034911,-1453601.5904243574,9.9265566050222,9.781830678279617
671185.3773134068,-1444869.6890959274,2.2223634190348243,1.5311660489805519
665718.4348201426,-1443863.6470474731,3.11130878664875,3.661769598092817
666849.5043287914,-1443798.0151551892,1.1852604901519073,0.7984644613750682
669226.9034021043,-1463432.8101843838,1.6297331739588699,1.5574979426536673
662446.1236371619,-1448404.1981073117,2.518678541572799,2.416791734506261
663013.382341306,-1451480.5005169427,5.778144889490534,5.154842975492928
661274.191341811,-1440628.2803264237,13.926810759284875,14.877545046755827
665335.4354608171,-1460260.0525635155,1.0371029288829163,0.9395526327686223
659067.1739260857,-1452124.1638640342,1.037102928882918,2.1873231242931794
660220.1314471245,-1452087.9015954211,5.926302450759524,7.51304347014545
670079.0607351544,-1463277.1747804615,0.8889453676139283,2.379509939092161
673369.3979486263,-1463988.1412308542,9.778399043753215,14.928306438962593
669182.4918386925,-1439204.2384756547,2.666836102841783,2.5941665604899664
663217.1388435289,-1463762.42889551,1.1852604901519044,2.797824377397502
659873.0068589449,-1443933.319657528,27.40914883476279,31.369090706361163
672164.43130554,-1461927.3893117514,4.148411715531665,6.70615199725788
668116.3299413336,-1452466.3042320427,1.1852604901519035,1.3022912621655243
664452.9196866085,-1455084.447036242,5.0373570831455945,3.894590379117375
666504.3572609319,-1460790.4522767328,3.4076239091867233,1.718966209972816
662553.4328354289,-1438281.6051800018,0.888945367613931,0.29682709701143173
667512.0678866091,-1442674.9910388873,0.5926302450759549,0.5439216430665796
660858.862134506,-1461834.063090647,5.4818297669525595,6.399045412264426
663887.3017229296,-1462284.5799131403,1.3334180514208935,1.239985647898823
660771.3466398868,-1456953.62200814,1.4815756126898822,1.1887660235758624
660542.5226157967,-1442730.556805939,8.29682343106333,7.4152621016297875
669680.4136720705,-1454348.5850689947,10.667344411367143,12.033282245030412
670665.4774077475,-1443183.3045546766,2.8149936641107756,3.0256381811844477
671198.8971481293,-1463098.0175435673,9.185768798677257,10.746064571312187
663135.8504914835,-1440194.1430141632,0.2963151225379743,0.313938471789557
664632.7178298582,-1444125.884737235,22.519949312886176,22.584429497674314
666477.5948255688,-1441847.4414589808,24.297840048114036,23.89801028663623
666605.491036931,-1461898.0902875036,2.5186785415727933,3.2036135690903134
669474.2857912472,-1447165.1080730534,0.2963151225379742,0.05142436731902578
670462.7873397154,-1442088.2914431007,1.6297331739588659,1.6733390392024043
663363.514635145,-1441042.252207693,4.296569276800653,3.108784756307518
669793.1287310773,-1443181.9915236086,0.14815756126899027,0.04471752636277759
663276.9732614441,-1446150.79217354,2.2223634190348185,2.104255759424537
668600.8785956809,-1444261.1900498504,17.48259222974059,19.567968940393257
669244.4708680043,-1459467.0826462912,1.1852604901519026,1.5192372199453548
659174.7649097065,-1441779.4384109692,0.14815756126898805,1.075163372081187
666824.8126847912,-1450787.9153199103,4.296569276800653,4.769267930418557
667963.6379867324,-1450713.655243529,1.1852604901519053,0.9669362627256093
669971.3398694587,-1444021.1362082963,1.0371029288829154,0.938387649392634
660531.342096797,-1449006.417061204,2.814993664110771,0.9194111920360326
665615.7574917797,-1465239.3185662283,9.333926359946243,9.275423120464172
669738.147107223,-1450040.2739235195,1.1852604901519017,0.8591450099281008
668610.6620345088,-1460491.7583558403,0.2963151225379763,0.2558219822537229
665778.4658896313,-1462194.4521510797,3.4076239091867233,3.8509301252702635
669097.402818657,-1456357.3828179142,2.0742058577658344,2.1886825999531982
664730.9414296079,-1449188.667062975,5.185514644414582,5.774359374519122
660111.6981696622,-1456891.1421174062,0.8889453676139265,2.6842961712795095
666846.1205293112,-1439739.868502683,30.372300060142557,29.61431265033957
663805.6521930706,-1445278.1916578636,1.6297331739588703,0.36958902900496593
671911.2333221001,-1448795.566607257,7.259720502180415,7.426974448315913
660530.5870428305,-1449893.527601717,2.8149936641107756,3.5745548610242923
662947.2467621187,-1455606.543592854,1.9260482964968428,0.5072766270236144
666784.9521796696,-1455814.4434793312,12.00076246278803,10.384397225876087
672276.6567453935,-1451642.466988108,6.0744600120285135,7.739730378446492
665592.5936054187,-1453849.4008351532,2.9631512253797636,3.40309716706233
665865.6064319789,-1437635.4938857087,1.9260482964968437,2.3687150459334285
670280.8000319614,-1451964.9645342114,10.667344411367138,16.111500619422788
662102.679403262,-1463705.574965273,8.444980992332317,12.606635683191168
666455.4513245925,-1446671.5061188135,1.1852604901519035,1.2629492260547592
658383.747172253,-1442272.2118441244,2.2223634190348207,3.4518272531436236
661817.2772908658,-1443441.7789552729,1.3334180514208924,1.3511311180250267
661736.6369734439,-1438694.792500758,2.0742058577658304,1.8823519288191286
671171.8739893818,-1457028.0782407732,0.4444726838069645,0.588851567581388
665730.715543536,-1454960.3067561085,7.704193185987377,5.722301149752276
659479.1853836151,-1455218.708338173,4.889199521876604,6.005419408062207
666129.0196609311,-1462000.8840375035,1.0371029288829128,0.7136986989023058
672812.5790191942,-1461045.7572998526,9.18576879867726,10.590187827996667
665896.4462464948,-1455830.8646665565,2.2223634190348225,3.876564327231103
659542.9872183717,-1449156.0864614802,1.481575612689884,0.16607584318665403
661373.9044625727,-1453803.5765462583,4.8891995218766,3.288412393659762
667444.6224940283,-1464693.7674532642,1.4815756126898818,1.6353444965945951
671463.6927889582,-1458996.0564720817,6.667090257104464,7.0508718709258345
671398.3004720914,-1464189.187339595,5.926302450759522,7.569112806678351
664242.7552240309,-1464653.0865445212,4.44472683806964,6.653716502713703
667468.3818838202,-1437362.3284946186,9.926556605022196,10.762452227946481
673158.3942251299,-1462740.9016706243,3.111308786648747,4.568156140035573
672388.6323989101,-1464042.0418895858,6.66709025710446,10.295816266877408
659250.6000321957,-1447060.6095688757,9.482083921215235,9.02124944240951
663697.577555133,-1448240.9724160274,0.2963151225379784,0.2973368903017126
668702.895290592,-1443496.3102144059,3.2594663479177424,4.018792899163836
673185.751322008,-1463640.4244343732,16.445489300857673,22.700978377631202
668013.8082221895,-1444459.681364485,0.2963151225379763,0.2891948692979428
668822.4427093379,-1437137.419961603,0.8889453676139301,2.0919250571529826
660618.6623366028,-1455064.8742868183,4.148411715531667,5.6446581532180025
661786.9729176876,-1438307.0778522016,3.8520965929936883,3.4782571470157615
659529.789447507,-1442734.2310400018,3.4076239091867286,3.961065034201712
668792.5137460306,-1439156.933353753,26.520203467148864,26.757063128037583
667136.2286196055,-1441329.337153946,23.11257955796213,23.188800174434373
668090.3850075158,-1462538.010695813,3.703939031724702,4.1848942517978704
659477.8230829714,-1443868.2355274535,24.890470293189992,25.396114643859967
667057.1290631928,-1463998.5036325655,0.44447268380696414,1.6448796561497776
664835.3121900356,-1455140.4673307268,3.2594663479177406,4.2670657228081765
664385.4190597564,-1441110.8724204558,12.14892002405702,11.976395368869756
660555.6853289292,-1461082.3732553597,6.518932695835474,7.358875434024977
665321.6561602959,-1464277.240206249,5.92630245075952,6.387004548101938
668264.2381415518,-1441164.2256840249,2.5186785415728012,2.221742728747402
674285.5956386132,-1462701.289089127,3.8520965929936857,3.0384254755539803
660811.7698735909,-1444802.6591751166,0.2963151225379763,0.7443698093332727
661254.966621804,-1457868.351496478,3.703939031724703,2.577414207002658
668378.1419951897,-1463645.619094455,29.038882008721654,26.94332071426762
660116.5535376573,-1459173.52664755,7.111562940911425,8.06667854058773
667051.1670770086,-1451894.873884431,1.0371029288829154,0.1531541332742048
660914.568775428,-1457058.512688449,1.3334180514208898,0.9962943281087853
670521.8612187126,-1443084.7349759608,0.2963151225379763,0.32993306151933277
668362.6361716036,-1442430.9392165802,4.296569276800655,5.00867717299266
663896.6564410869,-1446279.7992264158,1.4815756126898796,2.6128890424358815
670881.1975170071,-1460973.4227825813,3.407623909186727,3.1512653270472555
668510.9210504894,-1459489.2752249534,7.704193185987375,8.4127944702532
661270.8876641422,-1459017.3824150097,15.260228810705767,18.94482553733669
665075.1602703503,-1445099.3472447027,0.7407878063449389,0.740862348809463
671572.4615885208,-1454168.5595240071,1.1852604901519013,0.9496285894467376
667741.2778811498,-1449629.0562577737,1.1852604901519075,1.085280678982755
658318.9401946235,-1448194.2256410802,1.7778907352278557,1.1247113220490128
660609.6014937586,-1448617.9165407333,3.703939031724703,2.294495072272851
662707.9269975759,-1443458.1851604548,1.0371029288829154,0.8444772207872209
663483.1958247616,-1454199.098731976,1.7778907352278583,1.3417907299998824
665268.8916081269,-1445920.3996048798,0.5926302450759506,0.6317250269319279
668765.9978056209,-1448404.945442907,2.9631512253797574,3.0812896568200605
661363.9551650756,-1460690.4660274037,7.852350747256365,9.894296482982538
668613.270896208,-1449581.7682201588,3.4076239091867224,3.240575092639003
670499.5003810026,-1452958.2001495417,7.704193185987378,9.553380734464607
665783.8633817628,-1461064.302330493,2.9631512253797627,3.9496741031256377
673195.6099990635,-1458720.7828054924,11.556289778981066,12.679864531515172
669163.7550243235,-1446334.543644771,2.0742058577658344,2.524964095239913
661914.7536490483,-1455632.8705473016,10.371029288829167,14.53053331787001
665796.4655594814,-1455972.979076032,2.2223634190348225,4.267184330319887
668453.544488284,-1447194.3836859593,4.444726838069644,5.128136053982164
668748.3009328851,-1456540.4137707194,2.814993664110773,3.0108193037966924
658491.2776860844,-1444010.2670689004,0.29631512253797637,0.2952026034508006
662205.9821266241,-1457474.1930364913,4.440892098500626e-15,1.8734949590862193
671568.7263809391,-1448996.1703673184,5.481829766952559,5.5946301871440225
661214.3801068284,-1464803.8000244517,3.852096592993691,2.8536830218472797
670634.6559038354,-1454078.0949263575,9.9265566050222,12.932580934810021
667132.9992600195,-1456757.0106173144,10.51918685009815,10.346996505755975
660877.088091727,-1449704.2117588678,2.0742058577658327,2.4227627962924836
661309.5393707346,-1442797.3522316653,5.329070518200751e-15,0.6458309582445878
666193.8771438834,-1452111.5310780948,3.259466347917738,3.750434885852649
665765.1805892597,-1449899.565485349,4.148411715531667,4.1729003972889895
672313.005989767,-1462894.961411716,0.44447268380696414,0.43216385851562755
659027.7271771915,-1445952.6765872936,7.704193185987379,7.023696541801611
666702.1546620977,-1461763.0578850268,3.407623909186727,4.341791569786794
663075.8563850923,-1452465.789878013,22.668106874155175,20.814438875907875
661166.6735797777,-1441670.3671942437,0.14815756126898827,0.0557433540982919
658049.8263375526,-1446998.941503223,0.4444726838069686,0.10326955085457357
666103.2348786346,-1446854.6596643329,4.296569276800653,4.7992093282758805
667146.2837579004,-1457891.5608066483,0.888945367613927,0.927080749645313
659317.5011396066,-1447932.4712161603,4.000254154262676,3.2553359627801686
665675.8300781425,-1443617.3130474733,25.77941566080392,28.706188395443068
666802.7264587914,-1443552.440655189,1.6297331739588679,1.3186491124452506
672852.0701515437,-1460657.6839714074,7.111562940911426,8.448751181991835
666395.5855245283,-1442754.6531201103,2.0742058577658327,2.3316161889038733
662961.332837306,-1451235.9837669428,13.6304956367469,13.451749538478529
659613.670121329,-1448761.6706832345,14.963913688167793,18.26603588618833
659041.2346820857,-1451875.5351140343,2.5186785415727986,0.333450978077412
667691.2824068202,-1443518.5562817287,26.96467615095583,23.327613459399736
666619.3590689071,-1454940.8917029197,2.2223634190348225,1.6654376309759753
663227.3153352521,-1464652.6757410513,17.630749791009585,22.46575342465754
667397.1728627386,-1459643.7182431722,2.2223634190348207,1.5697362257039618
666533.2350169319,-1461038.7662767326,0.8889453676139301,2.9934639202814903
660985.5476627499,-1463079.9339367072,9.037611237408267,8.115004697387953
664392.020310501,-1442909.7649790924,2.9631512253797636,3.030037198018001
668754.710061014,-1460594.6895301028,2.220446049250313e-15,0.12748408467261108
669494.5844429199,-1452330.3365174045,2.5186785415727977,1.5748611471302567
663933.8629749296,-1462530.19816314,2.5186785415727946,3.2477918590628065
671965.4676864322,-1463099.23320801,4.000254154262677,4.860778831197688
670626.9857857475,-1442936.3380546768,0.0,0.09523571518089058
668331.3999224748,-1464678.754054623,1.9260482964968455,0.9148092592865131
669544.8332529785,-1441960.722705565,3.259466347917738,3.4984816148767193
666434.5560675688,-1441601.1742089808,21.33468882273427,20.83287242899594
669520.7126692471,-1447410.7038230533,1.037102928882915,0.9030487231614515
663399.574753145,-1441289.634207693,0.44447268380696414,0.8914053426248536
658545.3160333533,-1449289.3462280137,0.44447268380696414,0.4476569946876374
657085.9398609414,-1442191.4790269535,0.14815756126899027,0.17978723252752427
659222.5814077066,-1442024.8189109692,3.5557814704557122,2.497571128270235
665197.9239624499,-1446828.2942919796,4.444726838069641,5.203013021223612
667531.2099210174,-1441382.36647818,1.9984014443252818e-15,0.1972317315660046
667399.3747403476,-1463804.7279244573,10.815501972636127,10.677258848280614
666789.9955547912,-1450540.4128199103,2.370520980303811,2.6181523596620435
672523.3832404746,-1452880.1643204328,3.259466347917737,3.3474657561599876
660572.8382737573,-1455844.3704189411,0.8889453676139265,2.878793488156507
664483.7047533232,-1448340.7791229978,4.296569276800653,4.891717869735769
659673.7794952961,-1442841.6520568891,5.481829766952556,5.342943335814649
670021.9270034588,-1444265.9564582964,1.333418051420892,1.1116208243932149
657013.1293223384,-1439169.615505124,5.333672205683568,5.412126969283168
674113.7916289014,-1463771.9857632783,8.59313855360131,10.063827006850733
662239.4422465711,-1464680.7325773584,8.14866586979434,11.293587770116327
668008.6278120656,-1457681.9006464002,11.40813221771208,10.68415922035544
669118.1829201255,-1457610.0426659964,2.6668361028417853,2.5513368552360562
669777.9062332232,-1450287.0919235195,2.9631512253797596,2.616524864858392
661469.6536645517,-1453653.929240631,1.0371029288829163,1.239244870751298
665740.2295236314,-1461947.4389010796,5.333672205683568,5.6993833197098365
670533.5856933031,-1454220.7119972147,8.444980992332315,12.220275251930708
670785.4904525161,-1450240.5258173235,1.7778907352278583,1.6384544781884038
657878.0002057274,-1439054.9916495914,4.296569276800655,3.4270215581556256
664512.1906442328,-1437879.9565337556,11.408132217712081,12.103398618790251
670704.582059646,-1455070.2927493658,14.074968320553864,17.37110302310645
662197.18161771,-1452403.5450308707,1.9260482964968422,2.2103566771605885
661018.519929497,-1441570.060423543,5.926302450759521,5.420724984500817
667327.7516335794,-1446644.168714999,5.185514644414577,4.560918080491153
665632.6328534186,-1454096.1505851531,0.0,0.2234086035087124
666308.1292795234,-1447960.5129089882,0.0,1.4008072511256202
670330.4757479613,-1452209.7572842115,4.741041960607619,8.75822548831077
662138.4729012619,-1463952.9869652728,8.296823431063329,12.206160496752055
662130.7026680068,-1440385.9530853701,15.11207124943678,15.620964272103379
670531.358718579,-1464352.0589929519,4.296569276800651,5.7907785988477904
661684.2250954439,-1438450.360000758,0.888945367613931,0.8587519995352997
673577.8420517081,-1458786.6046673455,2.222363419034819,0.09509376705804229
671209.179109382,-1457275.2682407734,1.48157561268988,1.790532766912361
668349.1286328038,-1457492.04508666,3.4076239091867278,3.337215931516159
665777.105161536,-1455205.9615061085,1.3334180514208942,3.4369870530464066
659435.1148836152,-1454972.6300881733,10.519186850098151,11.632533810574056
667297.6903749581,-1459785.5529384587,1.481575612689886,0.9991876248725835
665941.8519984948,-1456076.6949165566,6.0744600120285135,8.161233342249785
672939.9632606201,-1461904.1238325215,3.1113087866487508,1.027275688904826
671529.6424149582,-1459237.0282220817,1.7778907352278566,2.0697009717454016
660510.1135058431,-1453814.2704236803,4.0002541542626755,4.902472188352686
671361.9229760914,-1463941.8855895952,2.963151225379759,4.717958427620038
662491.3791407552,-1449539.851429482,0.7407878063449431,0.5518258979819928
671496.0942846293,-1447992.797446231,0.44447268380696237,0.16758517146177487
673182.31635713,-1462989.7429206243,12.889707830401958,17.391920716695854
673294.9654378162,-1456809.0549259647,11.259974656443092,11.492003972079232
669123.716606572,-1463580.4568257001,1.185260490151903,1.2169908878964115
668538.1605846031,-1453412.909058949,7.407878063449403,7.252925441326979
667846.1848830789,-1445395.4997531478,1.926048296496842,2.1199810728033985
672952.0773254369,-1455978.4399832522,3.1113087866487477,3.0031842557200807
673225.946826008,-1463887.1686843731,14.963913688167793,21.253842628383886
667966.2610961896,-1444214.250114485,0.2963151225379763,0.2891948692979428
668262.2171353445,-1452568.216536848,2.6668361028417875,2.8785506543527846
659568.956945507,-1442981.1410400015,1.0371029288829163,1.46593054645282
668125.1896175158,-1462785.565695813,24.594155170652016,26.91394310866183
661002.3116595886,-1461933.1675777356,6.07446001202851,6.79589751920269
669860.1555909973,-1455321.796513741,18.07522247481654,19.154530390386544
660503.0405729292,-1460837.9812553597,6.370775134566486,7.001360820895965
666303.1685349302,-1464135.1450095037,0.7407878063449402,0.27819596182700224
660396.0130897232,-1442627.9475476851,1.9260482964968464,0.877032849799873
669267.5278246144,-1446187.2821232583,3.7039390317247047,3.2241410590967616
663974.6462035307,-1457528.7395768883,4.7410419606076175,5.170903663360852
663735.3562420697,-1444145.7193316233,1.9260482964968422,1.9932234970293137
669144.9931629377,-1452522.0214751898,9.778399043753211,9.051023202017488
665274.3150342959,-1464031.799456249,6.66709025710446,6.817812366657023
668311.3688995519,-1441409.737934025,2.963151225379759,3.653321968175887
674246.2655126131,-1462454.415589127,6.074460012028506,5.835924090806044
660734.0484865333,-1449603.194918008,1.0371029288829146,1.8929770407401412
666246.5457689948,-1440878.0321505805,7.407878063449402,6.697927150894584
664881.4482433908,-1449927.627611546,9.630241482484221,9.259609752232075
663173.9614628982,-1446297.1942558943,1.0371029288829172,1.0396701308323122
665865.8987344957,-1449749.5912761276,4.4447268380696405,4.407204352509232
672073.5179945482,-1451934.8156679727,8.889453676139285,9.547507770532063
661650.9668874675,-1442601.6936139278,1.1852604901519044,0.5136379468360559
661366.4939012257,-1447520.4186425023,2.814993664110767,4.258070107766722
662873.1172147135,-1444315.20753959,0.4444726838069666,0.5855888326975709
666404.2463355495,-1447816.1009782907,1.6297331739588703,0.2558155033827738
667536.5966624515,-1447739.4704530602,0.4444726838069659,1.0783322307713572
666785.8121194582,-1449909.805656511,0.2963151225379763,0.269116128542338
663653.5375998602,-1455432.6588859914,4.444726838069643,4.614170288764585
658265.0905666235,-1447950.1036410802,2.3705209803038088,1.1680066044982347
667695.9511331499,-1449383.2522577737,0.0,0.19143281000795742
660639.5093697585,-1448866.1065407332,2.814993664110774,1.236135406210913
666212.5775309626,-1450831.0221153116,2.9631512253797614,3.051175850396323
667345.7449752513,-1440687.268665611,6.222617573297498,4.538509235750102
661604.919431157,-1443734.6724497187,5.3336722056835715,5.644605741080726
662653.914995576,-1443214.1199104548,7.704193185987382,7.301641028876584
668563.807896208,-1449336.7522201585,2.9631512253797574,2.8882806976055306
670553.8441390025,-1453201.9746495415,2.5186785415727977,4.322070660655513
666471.9957902997,-1454838.5805472578,0.8889453676139252,0.30563807574629687
665838.6315574814,-1456219.3873260322,6.07446001202851,9.050747977723727
667516.4140934732,-1448517.1342411037,2.3705209803038123,3.3666015391495714
662246.8768766241,-1457720.8100364911,7.4078780634494,10.860800489154958
670130.3840685056,-1456419.6665061517,1.7778907352278581,2.20186687626457
671523.3858869392,-1448750.3598673185,6.81524781837345,6.727658605999646
670682.9241578354,-1454323.3366763575,11.408132217712085,14.480016182981354
658340.9019406969,-1441123.7769177584,1.7778907352278543,2.5212812303516707
661257.0701227346,-1442552.9257316652,1.037102928882911,1.6712972915289424
671808.6272511517,-1459816.085004894,12.445235146594992,10.490410006152576
665807.6315892597,-1450145.927235349,2.3705209803038088,2.35567817917233
672225.5714350243,-1458992.3734111285,2.07420585776583,1.8859900057083725
659065.9320511916,-1446199.6933372936,4.000254154262681,2.6865338400704655
662184.7851814284,-1441510.0526830757,0.14815756126898805,0.7613371003872325
663034.1612530923,-1452219.292878013,13.778653198015892,11.155904629794055
669358.8360341145,-1464688.762090838,9.926556605022194,10.147500809293074
665586.1152789821,-1454859.7116699764,9.333926359946247,7.592879809255938
659366.3025036065,-1448177.5944661603,1.7778907352278561,0.7643302455414562
671889.6711866301,-1460944.1825552233,3.7039390317246994,4.075055198713411
672905.4955295437,-1460901.8899714071,7.111562940911426,8.619760760854003
666351.2766385283,-1442508.6196201104,3.5557814704557122,3.8554266415121488
667252.3212814843,-1463709.521506973,6.518932695835474,6.7358920873122585
659647.440369329,-1449009.3736832344,1.9260482964968446,0.6350499082588144
656994.6270355986,-1441446.0739506767,6.2226175732975,5.356895434924925
659826.5833705883,-1455027.6910639992,8.593138553601309,9.531955975696583
665924.5115585757,-1444972.8876645742,1.1852604901519013,1.2420307315385655
667636.4987848203,-1443274.7225317284,27.853621518569756,24.27166446679251
660961.3720944257,-1455905.3206120348,0.44447268380696414,2.054043160451867
667440.7992347386,-1459889.8122431722,0.2963151225379761,0.26410400191391314
674456.6489647196,-1463581.495001325,7.407878063449404,8.07561512127219
670985.6732049799,-1445904.7352264775,1.4815756126898814,1.626711865373856
666096.0805387001,-1440772.2097405116,2.6668361028417857,2.1508788592676744
661118.5793679645,-1456762.9797077063,0.44447268380696237,1.195486836633921
667358.8011511805,-1453758.5658106585,0.4444726838069646,0.4574648021480743
661961.3948742487,-1446588.5997977944,0.14815756126899027,0.17511539517356312
659762.6699242231,-1445832.863725447,8.000508308525355,7.557499513386899
668367.2124204749,-1464926.160804623,4.741041960607618,5.931987533384461
669589.3933789785,-1442206.708205565,0.14815756126898805,0.3343546371142194
670679.8358433311,-1461261.0890275133,3.5557814704557114,3.7278969033185554
664247.847433255,-1439999.9011338523,2.2223634190348207,2.1867861438460845
667147.1335060247,-1462963.1121634599,0.44447268380696237,1.9673383035719905
669377.312802948,-1448196.3221007315,2.518678541572795,3.0884457181369886
667911.7689378869,-1444600.363233399,22.81626443542416,26.56378368404174
659955.559575031,-1446702.4572177995,2.6668361028417875,2.3679073853043873
660474.7728435782,-1454961.0905757423,3.852096592993691,4.8415363801689155
660306.7278264223,-1447781.6127309487,0.7407878063449393,2.1975473347965266
661103.8858911906,-1445641.9565615938,22.81626443542416,20.33624341218124
663970.0230518288,-1456525.8845940805,18.667852719892494,17.798175336593147
658502.2182853534,-1449043.1112280139,1.1852604901519035,0.7322680775662951
657338.2376734065,-1441255.5238464144,2.518678541572797,2.219519080881681
665249.4632164498,-1447072.8980419794,5.778144889490533,6.531404719038908
664513.5993456214,-1454312.7250472647,26.964676150955825,26.492538105033233
670716.7643258866,-1447968.4747364363,1.3334180514208915,0.442961772089677
659912.7786000571,-1444680.0499198923,0.14815756126898616,0.3365157552712812
665879.0494820887,-1463076.6757330536,3.407623909186725,3.414056345514357
661292.1622995911,-1446495.3597523742,0.29631512253797654,0.885825655226774
670525.3821213308,-1448892.4567441712,3.1113087866487494,2.7547820529136953
672470.7056104747,-1452635.798320433,0.740787806344942,0.8822999638977258
660912.7354961382,-1444657.379465498,33.18729372425332,31.05043429879614
665547.652261893,-1447900.5784686613,4.000254154262681,3.715070004871592
674064.7779989014,-1463526.8670132782,5.926302450759522,6.563570688984503
670236.4529004861,-1459295.764258272,1.3334180514208915,1.566969377216223
671079.9054933214,-1462333.74944782,10.371029288829162,11.449591179961132
666715.5355648628,-1448908.9440938006,0.4444726838069677,2.137394372439733
662280.9973785712,-1464927.2510773586,6.815247818373452,9.788507619154595
667951.2063120657,-1457438.5928964003,0.14815756126899027,0.28571428571428803
669077.4342981256,-1457363.4124159964,7.704193185987382,7.361067780816991
661016.6996216939,-1450967.9016677104,25.334942976996956,27.133351323016278
662046.9356917741,-1450393.8800395504,1.6297331739588699,1.8470111783957006
664629.9198178907,-1462236.695638807,5.629987328221546,4.9101688531716405
662319.7315109529,-1465808.8008654667,1.6297331739588667,0.5335279116874059
668413.7357659133,-1459645.121447064,1.6297331739588703,2.2025717824557547
657929.2739757274,-1439299.5918995915,4.000254154262679,3.0270858788458828
670754.3071796459,-1455315.2779993657,1.48157561268988,0.6788387276318084
661640.0987157648,-1449728.1525018152,0.4444726838069668,0.1213509850622656
658345.8773858084,-1447191.324327764,2.074205857765832,1.791549703909248
667273.3838835794,-1446400.158464999,1.926048296496842,1.357509188844209
668661.4629833496,-1448552.765702691,1.0371029288829154,1.1265373946374346
665819.5796189392,-1450778.844080509,1.9260482964968482,1.9547199195025877
672073.6961513943,-1450935.932312637,6.667090257104461,6.324963634804603
666254.5554035234,-1447716.3314089882,0.14815756126898805,1.3329755388085403
665579.2301500329,-1460204.7261815467,4.2965692768006525,3.5355867788141246
670328.1973385224,-1463256.765606353,1.1852604901519062,1.173404852121413
659535.1174505098,-1454187.8766374146,6.074460012028512,7.060313542032224
673553.1620617082,-1458537.8509173458,3.259466347917737,1.0541423017382208
659607.9331043287,-1456223.6703171954,1.6297331739588685,0.37555289705756323
661117.378088193,-1464948.775884174,6.370775134566491,6.104775295698447
669760.8153700526,-1455467.4397080643,4.148411715531665,4.655419729825268
658931.2716665019,-1444841.4472868121,0.740787806344943,0.5159616798608984
664979.2064410078,-1462047.0295502823,0.4444726838069588,1.6846459453602538
661854.8893415278,-1457655.0443534702,0.888945367613931,3.3322768647587653
666845.7951662329,-1437440.6508552977,4.444726838069642,4.553214573798939
667751.1183239701,-1460708.7321486804,3.852096592993689,3.6898234217500594
666050.1266737569,-1452012.278761373,1.1852604901519053,1.7416199258869272
670310.239247978,-1457136.7617280884,5.778144889490536,5.24493077111887
662737.5812019055,-1449496.4943242588,5.6299873282215485,5.033771742279904
669986.1731153936,-1456318.0688534025,0.14815756126899027,0.042988092243622544
662828.7144343258,-1456378.4395991901,3.4076239091867286,6.763298335568125
660041.9448125998,-1451125.7489664294,0.7407878063449387,0.7177581466930882
663471.5117584064,-1449410.0258587282,1.6297331739588703,0.9714965727249059
667244.9691395415,-1457746.7917398391,27.40914883476279,28.440144211984315
657500.1771241846,-1443555.2912566056,0.14815756126898627,0.2706158373749714
664362.5343280812,-1465256.991589136,7.852350747256369,10.118536748437386
668710.5431013907,-1454641.6832771385,1.3334180514208924,0.6683803125709193
671702.0688977726,-1459965.1448717655,9.185768798677255,6.986564401129873
663761.3604211004,-1450140.3813487059,0.8889453676139283,0.39933887688623315
671450.3735406293,-1447747.023196231,2.3705209803038088,2.562566363746635
669087.117724572,-1463333.1793257003,1.4815756126898798,1.4491096362893365
659970.2530369582,-1438745.3791167056,0.44447268380696414,1.1813125057836125
672912.4233294368,-1455731.6672332524,0.2963151225379763,0.3151801328166757
662540.985058181,-1448263.1712376769,1.0371029288829172,1.009864046395609
657382.9514833218,-1442396.550421813,6.0744600120285135,6.189037019820439
659422.4871724427,-1441746.2897634911,4.444726838069641,5.158299217731152
663592.1727519789,-1442018.117004405,2.6668361028417857,2.972909965475157
659177.7229307939,-1451978.4342292154,0.14815756126898982,2.990190014336685
666460.8238291324,-1460031.4581848858,5.185514644414581,4.4525528694692325
667309.0745415092,-1452863.9761575623,3.555781470455714,2.901912096712798
668215.7052613446,-1452322.5930368481,3.1113087866487517,3.2311980240351468
666640.3704081203,-1460889.0494861454,1.0371029288829146,0.5534516792720039
667623.2358503712,-1442530.4973485386,2.3705209803038088,2.4954997999707373
665460.0139613752,-1441917.2631980875,28.74256688618368,27.28183315335831
669815.5498349973,-1455075.812263741,16.445489300857673,16.86123135072158
666264.7612929302,-1463888.5002595037,3.2594663479177353,2.3968255872653845
660439.9273397231,-1442874.0402976852,2.2223634190348225,1.2122426653349132
669308.7192066144,-1446433.8058732583,2.6668361028417875,2.048249485398844
663927.3620755307,-1457283.2588268882,8.444980992332317,8.407611389602112
663766.0473700697,-1444393.8143316233,0.5926302450759506,0.661237199502859
670385.7906911334,-1445852.7049839208,26.66836102841785,25.21172096078964
669106.9592929378,-1452274.9334751898,10.51918685009815,9.956010636512401
666333.9492430424,-1441750.833801669,23.40889468050011,22.860745187919203
665330.4799527355,-1440771.0096285609,5.629987328221547,5.520517317081185
660864.1140172507,-1457808.0686926972,0.7407878063449411,1.7491389120813547
670568.6324914147,-1441945.838081373,24.594155170652016,25.369848858719823
668109.6785215123,-1451463.2180137625,0.14815756126898627,0.7670940170940153
660776.6729885334,-1449849.513418008,0.14815756126898627,0.30345997519233237
666194.9900069947,-1440633.4171505808,5.18551464441458,4.367130847568659
664914.8096113908,-1450175.378361546,6.5189326958354705,6.6006514010012936
665908.0360664958,-1449996.0115261276,2.8149936641107733,2.841112998540566
672030.9612465482,-1451688.5654179726,9.333926359946249,9.715409636150858
670155.5253576997,-1441117.997960921,1.629733173958868,2.1872328939224643
668823.9918185491,-1444098.067836349,22.668106874155175,24.59493963923053
663250.9944463186,-1442200.463751024,0.0,0.24512352833621343
662931.8081982974,-1452363.644875584,0.5926302450759549,0.7693329349675793
661414.7763992257,-1447765.702892502,0.7407878063449389,1.4588433838799326
661766.1495388676,-1444586.8064633736,1.9260482964968428,1.917584906243858
666357.1745795495,-1447570.7207282907,6.074460012028509,5.115942028985507
670034.5436133393,-1452007.8278637026,15.556543933243743,20.39055995310999
667497.2310264516,-1447492.5927030602,0.44447268380696414,0.3920686712107653
668065.9812322147,-1450570.5621879133,0.14815756126898894,0.35810985767783876
670014.4883270722,-1440008.1472453242,4.889199521876608,3.8533949485767116
661645.7318377096,-1454526.835739038,15.556543933243743,18.154697018534744
663611.9960978602,-1455186.1463859915,4.296569276800657,4.518780937148989
661713.2028741802,-1448586.583130804,1.7763568394002505e-15,1.3032033772038734
667299.7104712513,-1440441.545915611,2.074205857765831,0.5304120191318944
661571.3976871569,-1443486.949199719,0.5926302450759522,0.5906757695296339
670923.7215436237,-1457058.209068032,9.037611237408274,8.920048452911278
659725.1730604002,-1455174.1136063333,7.111562940911426,8.179396537481736
665882.317100165,-1462039.8949460932,0.8889453676139265,1.5106154934741518
663049.153368169,-1457228.997142309,2.0742058577658327,0.09151738519294916
661347.4220168989,-1466059.868271457,3.7039390317246976,4.54177990002283
666534.5981777355,-1452806.0282038054,0.8889453676139292,1.2025661437132973
667010.1732689317,-1445797.6197073443,4.592884399338627,4.533831315180109
662051.0221101996,-1462552.3570938888,13.482338075477916,18.66264267701105
662665.1427067742,-1465605.4286939811,5.7781448894905365,7.4529314564491616
662452.8648609573,-1458568.9854363427,19.408640526237438,24.22428777859446
662049.6693490914,-1452302.230777325,2.370520980303811,2.061895015914306
670087.7440545056,-1456173.3320061518,1.0371029288829192,1.307045879507108
662260.4340573023,-1442414.698205357,5.037357083145597,6.006386131355642
671837.1026351517,-1460064.4155048938,4.592884399338624,2.2022011834877127
657896.8441735422,-1446368.3772339341,1.1852604901519044,0.8031151073525713
662007.2960643778,-1451448.619128243,2.8149936641107765,3.45123529412236
667701.8546454911,-1453560.0899243574,8.593138553601309,8.418541190542413
668141.880448133,-1445602.7927811313,0.888945367613927,0.988499370897105
673638.1962855478,-1459646.125324694,3.5557814704557167,2.1958643278716217
671928.5162320654,-1455760.8019676588,1.6297331739588679,2.0753253051464093
662131.3614914285,-1441265.8981830757,2.814993664110771,2.5247257036154314
669310.6775261145,-1464443.452840838,4.592884399338628,4.4224116572934244
665630.4749009821,-1455105.7406699765,1.7763568394002505e-15,1.9145456370734273
671935.7728166301,-1461189.8175552234,4.44472683806964,5.026986394176195
668060.4196380903,-1440330.402081016,2.2223634190348225,1.69934153873625
671910.3658795536,-1456902.4933055642,2.518678541572795,2.3338224199872344
667303.0254034845,-1463954.268006973,7.55603562471839,7.632988455523138
660885.3034388612,-1440562.9603928167,12.889707830401955,14.225197360623163
656945.0760395988,-1441201.0384506767,3.407623909186726,2.4670327080941967
664804.3058436716,-1457304.7432592069,8.741296114870295,7.105091402080369
667297.74935061,-1451853.9950533088,1.7778907352278575,2.3648264677577053
666046.2370327001,-1440527.2349905118,2.814993664110774,2.327671997161563
667309.0026551806,-1453513.5930606588,0.2963151225379784,0.25827708610794853
661468.6585624747,-1458730.893732763,0.5926302450759549,0.15215563526899878
670573.7658142901,-1443948.9923276375,15.556543933243743,15.737168801372254
670634.7417253309,-1461015.1957775136,0.44447268380696237,0.6018041314714466
658700.7607918964,-1450289.6835962718,2.666836102841785,3.3256718756656056
667866.172057887,-1444354.5744833988,22.07547662907922,25.80606064327528
662493.7049039598,-1447371.43639709,1.777890735227854,1.4824021174979598
659998.436201031,-1446948.7452177994,1.629733173958868,1.1939935736806846
659974.7424289105,-1452135.1232048087,0.4444726838069659,2.0462222069193707
667924.0720466075,-1439309.85523425,22.66810687415517,21.654924763731564
668943.5124964656,-1445113.5731019992,0.2963151225379739,0.8823161645964799
660361.5889176987,-1448649.3238088125,4.000254154262679,2.33464575677326
662461.8053428981,-1443502.029892813,5.778144889490535,5.992533125906996
667984.8745023402,-1462686.7385274062,1.6297331739588699,1.3550836594335745
671967.936979279,-1451084.9977323376,14.519441004360829,13.82924008719612
659626.0939653155,-1443972.4496394615,28.00177907983874,31.966108483162486
663928.1044238289,-1456279.4313440807,13.03786539167095,12.538990411142997
660327.2613280625,-1441864.9591037405,3.2594663479177397,4.270625100460916
660410.9317995084,-1461001.1225552596,6.96340537964244,8.332067714872286
665330.7675793804,-1465039.1112059662,9.333926359946247,9.2470750809894
664480.4812136214,-1454065.0445472645,27.853621518569753,27.4753626305557
672654.1386698927,-1453884.9184002592,4.148411715531664,4.564229394686426
659965.744844057,-1444924.3596698924,31.409402989025466,36.65066165607254
660610.2663799853,-1461859.305364122,6.518932695835474,7.564421499803305
670570.8287353308,-1449138.287994171,4.741041960607616,4.201736434236504
673753.6808014293,-1461682.0151277208,0.8889453676139301,2.446930430231145
666666.9535688628,-1448663.7133438005,1.481575612689884,3.4274496174940836
671034.1359973215,-1462087.9914478199,13.48233807547791,14.147037946499498
666740.9236452731,-1437586.5206393553,2.3705209803038088,2.3598480340884977
658047.5758888135,-1440915.0203620861,4.000254154262677,4.7486002244028445
661554.1945484239,-1442746.135142171,3.1113087866487525,2.5473041968779366
668365.8946459133,-1459399.748697064,7.259720502180417,7.646246638859763
665530.858515813,-1437955.062835835,6.2226175732975,6.468055399411773
664976.2277996687,-1445247.4140085625,1.6297331739588703,1.1707777009699538
663322.7983748609,-1452427.1164097344,3.11130878664875,3.7331036862413423
660923.4880095738,-1451724.871272022,0.888945367613929,1.1397458484972087
663908.4733378177,-1450242.2897239001,1.4815756126898822,1.229525304974615
662805.4235489133,-1443313.721347996,2.8149936641107685,2.628840652629555
671350.4321780181,-1447890.5206089716,2.2223634190348203,2.6012054793368806
664059.6974744322,-1452351.2463727305,6.370775134566488,5.848969493741476
668621.9188613496,-1448305.955952691,1.4815756126898796,1.5247803312866415
665867.2299949392,-1451024.2485805089,1.4815756126898774,1.5175558866926795
658421.8348811399,-1442902.845808689,0.8889453676139247,2.491120132167424
664269.2273778056,-1453061.6561605816,5.481829766952556,6.065678583663306
672036.9697693943,-1450688.6660626372,13.037865391670948,11.758206550245792
660992.7548046666,-1440421.1350297322,6.222617573297494,5.595457566769001
659367.5159623872,-1448805.1391276387,14.22312588182285,17.304359396379212
665530.9407840329,-1459959.4374315466,4.000254154262676,3.178917098670892
669714.4529960526,-1455221.7814580644,12.889707830401958,13.403452343487162
667643.1745803987,-1459599.3316251058,14.519441004360829,12.058330028383594
658977.969544502,-1445087.046036812,2.222363419034819,3.0553216497256717
664075.0539787554,-1457387.8921897707,0.740787806344942,0.8695227756299406
662702.7520839055,-1449248.9433242588,5.6299873282215485,5.031657860760871
669942.9877373937,-1456071.8281034024,4.148411715531663,4.53642009910458
662868.4369603258,-1456625.26159919,2.9631512253797627,6.092425651660093
663434.1998824065,-1449162.8896087282,6.518932695835474,5.850723691029117
663395.4675142079,-1447383.7308895234,0.1481575612689861,0.11748672771458929
657466.9641301846,-1443307.5557566057,2.0742058577658344,1.8510114228317154
664400.3887000813,-1465504.107089136,4.889199521876608,7.550113683179
668666.4923593907,-1454395.6040271386,2.3705209803038088,4.4688880604717305
668239.9408617927,-1445461.4664804395,0.44447268380696237,0.5553719083960551
667070.6894224298,-1450742.8730866872,1.4815756126898818,2.0148597723699524
668204.9767167666,-1446605.5246494613,1.4815756126898822,1.2739874632174768
665451.7237942882,-1443790.984346191,0.8889453676139292,0.13394510240646706
657332.7406053217,-1442151.656921813,2.9631512253797596,2.942966013993746
659470.3036704427,-1441991.670263491,1.0371029288829172,1.58556471737973
663643.0623599788,-1442262.753504405,3.1113087866487517,3.1649961629249646
663511.0679462565,-1455333.5538258115,2.666836102841785,2.9554699142213607
667785.1794967535,-1443374.9150544088,25.038627854458984,22.69385926788956
660818.8603218152,-1455799.9870482106,0.4444726838069615,2.188337123281845
663555.498832301,-1443168.027314591,7.852350747256365,7.618845877049352
666671.4696601203,-1461137.0857361455,5.926302450759522,7.566464400786019
661087.1589422453,-1462933.0618680166,2.370520980303807,1.7242683194044233
674359.520839799,-1463726.087049805,8.000508308525358,9.091111404670395
671129.2467541297,-1446004.3500670185,2.518678541572795,2.6385251945498034
667589.9202283712,-1442282.8015985386,2.2223634190348225,2.4814322415247556
665413.4107233752,-1441671.6946980874,26.075730783341896,24.32906586356998
670422.4171911334,-1446099.9579839208,26.816518589686837,25.346576758238424
670977.7765361455,-1463268.1383850756,2.518678541572797,4.739437539102173
663495.7118981103,-1465370.7230943618,7.407878063449402,9.161720891046617
670731.9912723631,-1442789.4178996515,17.927064913547557,18.96135314518941
669401.295830043,-1441226.1091652862,2.9631512253797654,2.535231989158464
666289.5392350424,-1441504.819801669,20.59390101638934,19.929351422286068
658946.5918646613,-1440910.2289231648,6.074460012028506,5.488621976876242
662309.3569811214,-1446411.4859251473,0.4444726838069646,0.6784586324728816
661967.042425073,-1445564.5181814702,22.816264435424152,20.79883323588175
670971.3658709871,-1444002.8242675397,20.001270771313386,21.298826320426535
661065.7871681799,-1451824.529799363,25.48310053826594,25.271983634747414
660960.5048905107,-1445541.6193486946,6.667090257104462,8.408669732039414
660346.4530613716,-1446766.3689344346,2.8149936641107733,2.6899162065991833
670106.0184776997,-1440872.9519609208,2.074205857765832,2.6898433462134945
664338.8876017984,-1447106.6106149084,4.889199521876604,5.788278644645516
668872.1248265491,-1444343.386586349,24.742312731921007,26.894477856752324
665346.5865348029,-1446924.2582522237,0.14815756126898816,0.11567473473028811
673784.4618523347,-1459751.3432879513,5.481829766952561,7.619200491124486
661731.4521668677,-1444339.2314633736,1.3334180514208915,1.2876554627078929
670573.9556674492,-1447868.4245116892,0.29631512253798054,1.3218101309614378
670084.2193293393,-1452252.6206137026,9.630241482484225,13.037284821997972
668022.5975982148,-1450324.367437913,0.29631512253797787,0.06468577287402688
665156.9806341938,-1463283.9747496033,1.185260490151908,0.8219354954005098
662136.9518913361,-1464825.3018850745,4.444726838069643,6.740807638469189
672013.5464724707,-1456750.945260754,2.074205857765832,2.3650085833009524
662524.6689388442,-1454399.417071159,17.3344346684716,17.22662726886636
669222.0283938197,-1457463.1641411572,2.3705209803038114,2.380859015941158
669921.3123146294,-1450394.484475472,2.0742058577658344,1.7451214525592644
670969.3497200013,-1449819.7787824194,3.4076239091867215,3.583657807944098
659681.1025604,-1454928.0353563332,12.741550269132974,13.806510939993586
665838.152486165,-1461793.8494460932,0.44447268380696414,1.1148964489938304
664462.2106953987,-1449103.4493447891,3.407623909186725,4.837226248214476
663090.5585041691,-1457475.5391423092,2.96315122537976,0.7934677888440547
661294.3361408988,-1465815.591271457,4.000254154262677,4.461474730737367
661706.045055286,-1450599.3456404319,1.0371029288829152,1.1488410934050917
666966.0781329317,-1445551.6047073444,0.14815756126899027,0.15850556164654456
662108.2443541996,-1462795.7103438887,2.0742058577658327,4.237803295119367
670100.3877236667,-1457425.2035640636,0.7407878063449389,1.241703835189064
662098.5444850912,-1452547.406027325,5.1855146444145825,5.189556887569274
657946.7279882187,-1441061.9956874894,7.111562940911428,5.294558346302738
665527.4694807918,-1454239.102136518,21.18653126146529,23.031464885240265
671742.5509298159,-1447950.907733715,1.3334180514208915,1.0076076049745084
657869.7244275422,-1446119.8604839342,0.14815756126898805,0.25302265693349035
662051.6446923778,-1451694.650378243,1.4815756126898822,2.091264375647909
673047.3242268712,-1456842.9837068967,10.222871727560175,10.639813312474033
667762.8073255914,-1437573.738032239,2.3705209803038088,2.9681403053547974
669368.3228934746,-1463528.974493324,2.2223634190348207,2.2816800782159916
659337.230265206,-1446790.66872524,3.111308786648747,2.0931441975630616
668093.2914481331,-1445357.5845311312,2.220446049250313e-15,0.275049953469813
668990.840815637,-1455489.3951735168,2.518678541572795,2.68008626875241
671961.2887460655,-1456008.6417176588,1.1852604901519055,1.4839670263019822
660074.8575878695,-1451986.262436462,1.0371029288829199,0.16045472493235646
668027.8278025603,-1439163.358628451,27.2609912734938,26.307982758533953
657665.7534560086,-1444376.0677813753,0.8889453676139292,0.8383205190773517
659265.5540141369,-1453236.5535692233,0.29631512253797965,1.6795249223715967
669464.5014844115,-1437181.580368423,5.3336722056835715,5.591965488122012
662477.9646487443,-1460450.5899724513,5.037357083145594,7.755713331492931
672809.6496392483,-1454856.255722515,4.296569276800653,3.699490866916106
668104.8343800905,-1440576.4233310157,2.518678541572799,2.0056404018066285
667853.2295655762,-1460562.625726529,3.7039390317247025,3.395739820399857
671950.1766295535,-1457149.291055564,3.8520965929936866,3.7908259129412336
672544.882498973,-1454028.2249821257,26.964676150955825,22.519201164216803
660755.647057794,-1461971.9091959363,5.037357083145592,5.778653640160291
666995.3185387721,-1444515.296063258,1.9260482964968422,2.2550312740703964
671364.3660111339,-1447121.6396094998,0.8889453676139292,0.5634694135848788
664757.4787316716,-1457059.1942592068,6.963405379642438,5.72638059834982
668929.7545397256,-1440140.938440138,0.5926302450759526,0.07283737400367807
668558.9014713602,-1441374.7188932868,2.0742058577658344,3.0781628208003378
663032.5345792368,-1462399.5804791623,9.630241482484223,11.340353163046546
670932.7870641048,-1462231.5489806745,8.444980992332315,9.266871696923232
667976.7144725103,-1461689.781813,1.9260482964968446,2.1200218909802437
667250.57121861,-1451608.494553309,2.370520980303809,2.0814754506953004
672119.6737443535,-1463962.1599345654,6.667090257104459,9.672646356099058
659823.3541319919,-1438643.2412135836,2.222363419034823,1.5167221214445101
661120.1351551227,-1447562.1681287235,0.14815756126899426,1.4582073506344226
659147.8707154213,-1451094.7907338263,7.259720502180414,7.6589735527422365
662626.7587640911,-1444357.4516102332,20.593901016389342,21.09522764606744
658650.2919158965,-1450044.9468462719,2.5186785415727986,1.4961232103017847
663899.6151469355,-1455388.6355476645,2.518678541572797,2.783075883510776
668983.7836264656,-1445360.2073519991,2.8149936641107756,2.6447670382013735
667970.6091726075,-1439555.47223425,27.112833712224813,26.4132398766261
660391.4967936988,-1448897.5138088125,3.11130878664875,1.2762860907113218
662407.7933408981,-1443257.964642813,2.9631512253797627,2.153585123756809
664418.4917663237,-1453165.319913221,5.18551464441458,5.754679555766507
671934.0202352791,-1450837.3132323376,17.186277107202613,16.857881748215508
665198.9424810521,-1439781.1006886899,1.6297331739588685,2.9363653209381724
660721.5122448918,-1443692.3420896851,1.4815756126898822,2.080980485674397
664608.1354072073,-1455311.5250723192,0.14815756126898627,0.9933197089899277
666165.4501794805,-1464029.1255088423,2.222363419034819,1.312918733740844
668508.6346167563,-1460638.6164682684,0.44447268380696237,0.4134381608087354
663874.3249596236,-1444249.0368352723,1.7778907352278581,1.6951877764389174
672611.6165558929,-1453638.596400259,7.25972050218041,7.732514630451269
660129.3798245401,-1458019.7485476271,2.9631512253797583,5.067757377686556
665228.7757596682,-1440912.7920204978,3.407623909186726,3.2695873890977802
670037.0410894025,-1446042.6337621142,2.222363419034818,1.9502306515147803
670629.8518561358,-1459359.9450535323,4.000254154262677,4.476243832335747
660630.9420081823,-1449747.9082078012,1.4815756126898814,2.053093317971782
665020.0448161989,-1450028.6582988054,8.889453676139283,8.87738439729491
670321.6995050723,-1446898.940330382,1.185260490151904,2.0873025216483843
665692.5038474095,-1448885.9652525866,2.96315122537976,3.721199397882457
658093.6580148134,-1441160.7131120863,3.852096592993689,4.55454836603611
671889.6443430798,-1449926.0082497522,1.1852604901519035,1.858963569005355
661501.7253004238,-1442501.708642171,2.074205857765836,1.521837863593582
670156.5194734201,-1439084.0410808865,1.4815756126898798,1.5348065803039126
661512.1810942611,-1447617.6381714153,0.14815756126898805,0.6988241563715576
662724.9444906515,-1456522.539279511,5.9263024507595246,8.628958573313941
665497.5543978128,-1437707.3093358348,6.222617573297497,6.732653171272244
667641.0363225332,-1447597.653871698,1.1852604901519044,1.8949347047003702
666889.9684736363,-1449771.284807729,0.2963151225379784,0.29261033566848005
662431.1289083024,-1441468.470215206,11.852604901519044,10.373427801500958
663281.103242861,-1452180.6194097344,12.000762462788032,13.391637932355165
658457.0786291399,-1443150.346558689,1.1852604901519017,2.8812246594294084
661647.8668047654,-1455552.6097336852,10.37102928882916,14.906125006825324
667889.7670178425,-1456700.4247966914,4.296569276800653,4.511863685721165
659401.2862103871,-1449052.8421276386,2.6668361028417875,1.5967263980679327
669015.7932834793,-1456622.5826429396,2.2223634190348216,2.0660425342353124
671463.4132706549,-1446978.826769264,2.3705209803038105,2.0721774007302916
663304.7303447516,-1464390.8026537467,8.444980992332324,12.433026540732662
661691.5722998052,-1465874.9729232502,7.259720502180416,7.90216564396772
663175.9624775854,-1462502.4410747103,5.926302450759522,7.193053621982498
667686.8009523988,-1459845.4256251059,12.593392707863984,10.22448980076572
663153.2581816864,-1458221.0223822454,3.407623909186726,4.778144394975665
659627.6131195058,-1449789.6418861002,0.296315122537977,2.8235355980391947
659047.5388786048,-1440764.733140626,3.259466347917737,2.4646709422980466
672518.1815957382,-1459692.8516923166,3.703939031724702,3.0317084453223524
662285.7985350136,-1447674.2040349827,0.5926302450759486,0.2948689757678924
663335.940504208,-1447141.0238895235,4.889199521876604,4.728893760904037
668454.2276321655,-1437208.191860172,0.4444726838069677,1.609931780174028
665535.604097323,-1442909.070791569,3.2594663479177357,3.69607665973958
664313.4501846207,-1460275.305340394,4.44472683806964,5.357538516963604
666659.3658929113,-1442835.508874408,0.5926302450759549,0.4735292303602505
672896.7840491936,-1456740.5905256185,9.037611237408269,9.46245737229384
660860.5679081024,-1438803.7682017495,2.518678541572793,2.039856578538183
667035.8722924299,-1450495.3705866872,0.44447268380696014,0.1362557983865611
668170.2039667666,-1446357.9571494611,0.29631512253797787,0.18824259182003011
657092.1894755599,-1441299.7627647403,7.111562940911429,6.342331632561041
664034.0256599941,-1463268.893848097,6.518932695835471,4.476119339187832
669720.6057522029,-1460428.2309665922,3.8520965929936857,4.0372095211256465
659667.7320047793,-1444729.5441013817,0.0,0.21777693861348646
660666.8401581537,-1444702.4733942442,8.593138553601309,7.874156085167823
666349.8658691035,-1465149.9755859955,2.0742058577658335,1.7524769438229484
660858.4262078153,-1456046.8250482106,1.0371029288829172,0.6175142001395164
672910.8305249077,-1454711.4506218806,21.631003945272255,21.680899790209146
669273.9737892968,-1439958.799616456,5.48182976695256,5.262197681131208
661049.5422022454,-1462685.9268680168,5.037357083145592,4.63828847379213
674310.507209799,-1463480.9682998052,5.33367220568357,5.590855086804163
671092.8262541298,-1445757.1065670187,28.00177907983874,28.406340592937088
670460.4990898771,-1446996.9659034337,0.888945367613927,0.12882997168207133
663535.7402661103,-1465617.4895943617,6.815247818373452,7.899649364851333
670622.5525618553,-1450019.96893848,2.3705209803038088,2.339122967075184
662203.3499622818,-1462652.207397895,9.778399043753208,14.178785960372425
662968.9771892136,-1445422.026051445,19.853113210044402,18.51467025095945
664672.1500482362,-1438111.087030612,24.149682486845048,25.59310173112702
668535.8593736554,-1443269.4013264426,0.7407878063449389,0.9725540407486218
663134.4984397814,-1441203.4447073285,1.4815756126898805,0.307300930707596
670913.2661229873,-1443759.6715175398,1.629733173958868,1.385880843227433
658797.3611516241,-1451289.2483092104,0.592630245075954,1.1645885652634274
660999.6676505107,-1445788.5208486947,0.1481575612689861,0.281928693362757
662153.0695141146,-1451553.6986900866,0.2963151225379761,0.07986462353102652
664900.334144711,-1445989.4714736715,0.44447268380696237,0.5385217202932198
664394.2549837985,-1447350.3996149083,2.5186785415727933,3.035159713975839
663825.5119691475,-1456421.980758693,15.556543933243745,15.090719864552867
667314.4236205884,-1441547.0426606776,1.6297331739588676,1.5634770052952565
673741.2534823348,-1459505.1257879513,9.185768798677254,7.127663543334698
664377.1798119122,-1454213.806808501,1.4815756126898816,1.3741491374464547
669671.4238721393,-1449034.5326662473,0.1481575612689885,0.01886059177269228
670615.6196674493,-1448114.9180116893,2.0742058577658353,2.5632578737956453
664853.3966656857,-1439961.595424554,2.5186785415727995,2.2105810769471077
665982.6035169216,-1439903.5614396418,0.7407878063449429,0.8220856426637468
660061.7251782261,-1444777.1110056192,9.03761123740827,8.395913411245076
670671.6071804434,-1448995.209822594,8.593138553601303,8.130396143751769
664706.812466318,-1448164.4980344,2.963151225379759,3.737517277631058
658862.411948518,-1443956.705028683,28.298094202376717,29.10477964481807
666568.2756172912,-1448807.0973524968,1.4815756126898805,3.161499821158796
668278.6445794585,-1457759.317824165,1.7778907352278583,1.659240933186866
659853.7720236892,-1456178.299938686,0.29631512253797787,1.4198547314817223
672051.2220784707,-1456998.087760754,1.9260482964968442,2.2379824015305867
661710.088827593,-1456544.23079431,5.92630245075952,7.392204276484646
669177.9947778197,-1457217.0791411572,8.889453676139286,8.338447772850433
671489.3968143039,-1452774.47821764,0.2963151225379761,0.11203146224430327
658684.1393778035,-1444878.9563513282,2.0539125955565396e-15,0.1555997682692974
671009.0999860014,-1450066.5907824193,1.9260482964968428,2.0699401485431483
665160.1808269832,-1452893.289219671,10.81550197263613,10.982750502558776
670063.6648536667,-1457177.9288140638,0.14815756126898627,0.7075075321261894
667654.1576799072,-1455716.0383817672,1.1852604901519035,1.04446635826321
663075.8323890768,-1456340.610292858,0.592630245075954,4.072630888871172
665992.2251537393,-1457953.7142877383,6.81524781837345,5.98836994233383
671060.72655162,-1450953.3772060738,2.3705209803038088,1.2644384464335001
671644.7452718953,-1453902.196555798,0.888945367613927,0.6671730733273558
670977.3287231945,-1455152.1703890974,12.14892002405702,15.132345155825316
663717.8586449204,-1449367.470377816,0.44447268380696414,1.091943554064816
666999.1121001267,-1457792.0679287785,1.3334180514208935,1.4182596399478382
664968.5564872845,-1451037.2604903905,6.518932695835472,6.7136016909314655
671456.127900993,-1460009.8750445035,5.185514644414581,3.7958333333333334
671696.8301858158,-1447705.133483715,1.4815756126898796,1.7225439302339014
657841.5258190706,-1445233.1012222106,2.370520980303813,2.436831550647973
672994.3842208713,-1456598.6607068968,1.1852604901519053,1.2113533695893435
660715.2373683604,-1438700.2971896187,1.7763568394002505e-15,0.637429991265928
662655.0709522144,-1450378.159039206,2.6668361028417826,2.5310518706105856
668069.3945485603,-1439409.8413784509,17.48259222974059,16.373871805017856
657612.3503340087,-1444131.8387813754,1.0371029288829194,1.035940414243786
659633.3653828398,-1454044.1866821533,3.5557814704557122,4.271830610846715
668367.602438574,-1447465.3521997915,2.2223634190348225,2.9228425955645863
663934.1289672311,-1463411.0836055288,4.889199521876607,2.975750329644926
659218.4818861368,-1452991.154569223,1.3334180514208924,0.8881796439737535
669414.4684824116,-1436936.6623684228,2.666836102841783,3.2025241988652784
659078.2796235427,-1444945.2933444413,1.6297331739588699,2.142997329285812
662520.6235267443,-1460696.9144724514,2.518678541572797,4.490249597784462
661999.8850055314,-1457759.1353331627,7.111562940911425,11.17195963653814
672770.6857692483,-1454609.3889725152,20.149428332582374,19.99373555098247
667896.0327115762,-1460808.9284765287,6.370775134566486,6.272536052101323
662578.7311234798,-1455675.6303752526,1.4815756126898805,4.048338709206041
672510.917008973,-1453780.6427321257,18.371537597354518,13.908887050769605
661903.1203562641,-1456888.0190193504,2.3705209803038096,0.6863784407110911
660712.6963197939,-1461725.652445936,5.333672205683568,6.480351813175073
671313.328763134,-1446876.9266094998,2.3705209803038105,2.0321101435383904
663071.6628372367,-1462646.4944791622,6.222617573297496,7.75575992484695
666577.9596120433,-1441696.4685601057,24.00152492557606,23.889647935757445
670892.2446841048,-1461984.8962306743,9.778399043753211,10.375266524520256
664258.6526528398,-1465402.0545607065,4.148411715531664,2.7790862805027965
672924.4112206111,-1462911.6048199055,6.815247818373448,8.882093068929308
668311.2224932013,-1453578.4702177327,2.074205857765831,2.0304640977262425
659872.4962499919,-1438888.3492135836,2.2223634190348207,3.217179683415421
665596.0305549568,-1443888.9530095374,1.1852604901519053,1.9375058174105435
657235.1617757236,-1442294.3062296764,0.4444726838069625,0.446284467698125
659323.056924576,-1441886.9262119345,5.037357083145594,4.349562876383424
663496.4532095868,-1442153.9005049367,0.7407878063449385,1.1664384720255274
662323.7667421884,-1448429.6664992832,0.8889453676139292,0.8739796932990087
661168.4176531227,-1447807.4523787233,2.2223634190348225,1.341019373252366
667819.299458391,-1450611.1374546567,2.6668361028417875,2.9329147242348426
666082.4300001464,-1439758.437676972,1.3334180514208918,1.417243730525249
661086.2905641072,-1446790.5731647615,0.5926302450759549,0.34863139741165083
667409.0959488868,-1452717.9372741338,7.556035624718389,6.907058815506137
659301.3226399336,-1442884.7187747126,0.4444726838069646,0.40152287301025913
661467.57452592,-1448632.955182256,3.111308786648748,1.3078647694906032
669432.4416662893,-1453373.1275495978,5.037357083145595,5.885005003627246
